filename,first_name,first_name1,first_name2,last_name,last_name1,last_name2,middle_name,middle_name1,nick_name,nick_name1,suffix,bioguide_id,cid,fecid,state,title,party,chamber,congress_number,assumed_office,date_of_birth,age,match_method,merge_note,birth_year,death_year,tenure_months,tenure_pretty,tenure_years
AAdams.jpg,Alma,Alma,Alma,Adams,Adams,Adams,S.,Shealey,,,,A000370,N00035451,H4NC12100,NC,Representative,Democrat,House,119,11/12/14,5/27/46,79,fecid,,1946,,130,"10 years, 10 months",10.83
RAderholt.jpg,Robert,Robert,Robert,Aderholt,Aderholt,Aderholt,B.,Brown,,,,A000055,,H6AL04098,AL,Representative,Republican,House,119,1/3/97,7/22/65,60,slug,,1965,,344,"28 years, 8 months",28.67
PAguilar.jpg,Pete,Peter,Pete,Aguilar,Aguilar,Aguilar,,,,,,A000371,N00033997,H2CA31125,CA,Representative,Democrat,House,119,1/3/15,6/19/79,46,fecid,,1979,,128,"10 years, 8 months",10.67
MAlford.jpg,Mark,Mark,Mark,Alford,Alford,Alford,,,,,,A000379,N00049617,H2MO04207,MO,Representative,Republican,House,119,1/3/23,10/4/63,61,fecid,,1963,,32,"2 years, 8 months",2.67
RAllen.jpg,Rick,Rick,,Allen,Allen,,W.,,,,,A000372,,,GA,Representative,Republican,House,119,1/3/15,11/7/51,73,,,1951,,128,"10 years, 8 months",10.67
AAlsobrooks.jpg,Angela,Angela,Angela,Alsobrooks,Alsobrooks,Alsobrooks,D.,D.,,,,A000382,,,MD,Senator,Democrat,Senate,119,1/3/25,2/23/71,54,slug,,1971,,8,8 months,0.67
GAmo.jpg,Gabe,Gabe,,Amo,Amo,,,,,,,A000380,,,RI,Representative,Democrat,House,119,11/13/23,12/11/87,37,,,1987,,22,"1 year, 10 months",1.83
MAmodei.jpg,Mark,Mark,Mark,Amodei,Amodei,Amodei,E.,Eugene,,,,A000369,N00031177,H2NV02395,NV,Representative,Republican,House,119,9/13/11,6/12/58,67,fecid,,1958,,168,14 years,14
YAnsari.jpg,Yassamin,Yassamin,Yassamin,Ansari,Ansari,Ansari,,,,,,A000381,,H4AZ03109,AZ,Representative,Democrat,House,119,1/3/25,4/7/92,33,slug,,1992,,8,8 months,0.67
JArrington.jpg,Jodey,Jodey,Jodey,Arrington,Arrington,Arrington,C.,Cook,,,,A000375,N00038285,H6TX19099,TX,Representative,Republican,House,119,1/3/17,3/9/72,53,fecid,,1972,,104,"8 years, 8 months",8.67
JAuchincloss.jpg,Jake,Jake,Jacob,Auchincloss,Auchincloss,Auchincloss,,D.,,Jake,,A000148,N00045506,H0MA04192,MA,Representative,Democrat,House,119,1/3/21,1/29/88,37,fecid,,1988,,56,"4 years, 8 months",4.67
BBabin.jpg,Brian,Brian,Brian,Babin,Babin,Babin,,,,,,B001291,N00005736,H6TX02079,TX,Representative,Republican,House,119,1/3/15,3/23/48,77,fecid,,1948,,128,"10 years, 8 months",10.67
DBacon.jpg,Don,Donald,,Bacon,Bacon,,J.,,,,,B001298,,,NE,Representative,Republican,House,119,,8/16/63,62,,,1963,,,,
JBaird.jpg,James,James,James,Baird,Baird,Baird,R.,R.,,Jim,,B001307,,H8IN04199,IN,Representative,Republican,House,119,1/3/19,6/4/45,80,slug,,1945,,80,"6 years, 8 months",6.67
TBalderson.jpg,Troy,Troy,William,Balderson,Balderson,Balderson,,Troy,,Troy,,B001306,N00042194,H8OH12180,OH,Representative,Republican,House,119,9/5/18,1/16/62,63,fecid,,1962,,84,7 years,7
TBaldwin.jpg,Tammy,Tammy,Tammy,Baldwin,Baldwin,Baldwin,,,,,,B001230,,,WI,Senator,Democrat,Senate,119,1/3/13,2/11/62,63,slug,,1962,,152,"12 years, 8 months",12.67
BBalint.jpg,Becca,Becca,Rebecca,Balint,Balint,Balint,,,,Becca,,B001318,N00049900,H2VT01076,VT,Representative,Democrat,House,119,1/3/23,5/4/68,57,fecid,,1968,,32,"2 years, 8 months",2.67
JBanks.jpg,Jim,James,,Banks,Banks,,,,,,,B001299,N00037185,H6IN03229,IN,Senator,Republican,Senate,119,1/3/25,7/16/79,46,,,1979,,8,8 months,0.67
ABarr.jpg,Andy,Garland,,Barr,Barr,,,,,,,B001282,N00031233,H0KY06104,KY,Representative,Republican,House,119,,7/24/73,52,,,1973,,,,
NBarragan.jpg,Nanette Diaz,Nanette,,Barragán,Barragan,,,,,,,B001300,,,CA,Representative,Democrat,House,119,1/3/17,9/15/76,49,,,1976,,104,"8 years, 8 months",8.67
JBarrasso.jpg,John,John,John,Barrasso,Barrasso,Barrasso,,A.,,,,B001261,,,WY,Senator,Republican,Senate,119,6/25/07,7/21/52,73,slug,,1952,,219,"18 years, 3 months",18.25
TBarrett.jpg,Tom,Tom,Thomas,Barrett,Barrett,Barrett,,More,,Tom,,B001321,N00049596,H2MI07123,MI,Representative,Republican,House,119,1/3/25,4/30/81,44,fecid,,1981,,8,8 months,0.67
MBaumgartner.jpg,Michael,Michael,Michael,Baumgartner,Baumgartner,Baumgartner,,James,,,,B001322,,H4WA05234,WA,Representative,Republican,House,119,1/3/25,12/13/75,49,slug,,1975,,8,8 months,0.67
ABean.jpg,Aaron,Aaron,Aaron,Bean,Bean,Bean,,P.,,,,B001314,N00051369,H2FL04211,FL,Representative,Republican,House,119,1/3/23,1/25/67,58,fecid,,1967,,32,"2 years, 8 months",2.67
JBeatty.jpg,Joyce,Joyce,Joyce,Beatty,Beatty,Beatty,,B.,,,,B001281,N00033904,H2OH03125,OH,Representative,Democrat,House,119,1/3/13,3/12/50,75,fecid,,1950,,152,"12 years, 8 months",12.67
NBegich.jpg,Nicholas,Nicholas,Nicholas,Begich,Begich,Begich,J.,,,Nick,III,B001323,,H2AK01083,AK,Representative,Republican,House,119,,10/21/77,47,slug,,1977,,,,
WBell.jpg,Wesley,Wesley,Wesley,Bell,Bell,Bell,,,,,,B001324,,H4MO01134,MO,Representative,Democrat,House,119,1/3/25,11/5/74,50,slug,,1974,,8,8 months,0.67
MBennet.jpg,Michael,Michael,Michael,Bennet,Bennet,Bennet,F.,Farrand,,,,B001267,N00030608,S0CO00211,CO,Senator,Democrat,Senate,119,1/21/09,11/28/64,60,slug,,1964,,200,"16 years, 8 months",16.67
CBentz.jpg,Cliff,Cliff,Cliff,Bentz,Bentz,Bentz,,,,,,B000668,N00045773,H0OR02127,OR,Representative,Republican,House,119,1/3/21,1/12/52,73,fecid,,1952,,56,"4 years, 8 months",4.67
ABera.jpg,Ami,Ami,Amerish,Bera,Bera,Bera,,,,Ami,,B001287,N00030717,H0CA03078,CA,Representative,Democrat,House,119,1/3/13,3/2/65,60,fecid,,1965,,152,"12 years, 8 months",12.67
JBergman.jpg,Jack,John,,Bergman,Bergman,,,,,,,B001301,,,MI,Representative,Republican,House,119,,2/2/47,78,,,1947,,,,
DBeyer.jpg,Donald,Donald,Donald,Beyer,Beyer,Beyer,S.,Sternoff,,Don,Jr.,B001292,,H4VA08224,VA,Representative,Democrat,House,119,,6/20/50,75,slug,,1950,,,,
SBice.jpg,Stephanie,Stephanie,Stephanie,Bice,Bice,Bice,I.,,,,,B000740,N00044579,H0OK05205,OK,Representative,Republican,House,119,1/3/21,11/11/73,51,fecid,,1973,,56,"4 years, 8 months",4.67
ABiggs.jpg,Andy,Andrew,Andy,Biggs,Biggs,Biggs,,,,,,B001302,N00039293,H6AZ05083,AZ,Representative,Republican,House,119,1/3/17,11/7/58,66,slug,,1958,,104,"8 years, 8 months",8.67
SBiggs.jpg,Sheri,Sheri,,Biggs,Biggs,,,,,,,B001325,,,SC,Representative,Republican,House,119,1/3/25,3/28/70,55,,,1970,,8,8 months,0.67
GBilirakis.jpg,Gus,Gus,Gus,Bilirakis,Bilirakis,Bilirakis,M.,Michael,,,,B001257,N00027462,H6FL09070,FL,Representative,Republican,House,119,1/3/07,2/8/63,62,fecid,,1963,,224,"18 years, 8 months",18.67
SBishop.jpg,Sanford,Sanford,Sanford,Bishop,Bishop,Bishop,D.,Dixon,,,Jr.,B000490,N00002674,H2GA02031,GA,Representative,Democrat,House,119,1/3/93,2/4/47,78,fecid,,1947,,392,"32 years, 8 months",32.67
MBlackburn.jpg,Marsha,Marsha,Marsha,Blackburn,Blackburn,Blackburn,,,,,,B001243,,,TN,Senator,Republican,Senate,119,1/3/19,6/6/52,73,slug,,1952,,80,"6 years, 8 months",6.67
RBlumenthal.jpg,Richard,Richard,Richard,Blumenthal,Blumenthal,Blumenthal,,,,,,B001277,N00031685,S0CT00177,CT,Senator,Democrat,Senate,119,1/3/11,2/13/46,79,slug,,1946,,176,"14 years, 8 months",14.67
LBlunt.jpg,Lisa,Lisa,,Blunt Rochester,Blunt Rochester,,,,,,,B001303,N00038414,H6DE00206,DE,Senator,Democrat,Senate,119,1/3/25,2/10/62,63,,,1962,,8,8 months,0.67
LBoebert.jpg,Lauren,Lauren,Lauren,Boebert,Boebert,Boebert,,,,,,B000825,N00045974,H0CO03165,CO,Representative,Republican,House,119,1/3/21,12/15/86,38,fecid,,1986,,56,"4 years, 8 months",4.67
SBonamici.jpg,Suzanne,Suzanne,Suzanne,Bonamici,Bonamici,Bonamici,,M.,,,,B001278,N00033474,H2OR01133,OR,Representative,Democrat,House,119,1/31/12,10/14/54,70,fecid,,1954,,163,"13 years, 7 months",13.58
CBooker.jpg,Cory,Cory,Cory,Booker,Booker,Booker,A.,A.,,,,B001288,,S4NJ00185,NJ,Senator,Democrat,Senate,119,10/31/13,4/27/69,56,slug,,1969,,142,"11 years, 10 months",11.83
JBoozman.jpg,John,John,John,Boozman,Boozman,Boozman,,Nichols,,,,B001236,N00013873,S0AR00150,AR,Senator,Republican,Senate,119,1/3/11,12/10/50,74,slug,,1950,,176,"14 years, 8 months",14.67
MBost.jpg,Mike,Mike,Michael,Bost,Bost,Bost,,J.,,Mike,,B001295,N00035420,H4IL12060,IL,Representative,Republican,House,119,1/3/15,12/30/60,64,fecid,,1960,,128,"10 years, 8 months",10.67
BBoyle.jpg,Brendan,Brendan,Brendan,Boyle,Boyle,Boyle,F.,F.,,,,B001296,N00035307,H4PA13199,PA,Representative,Democrat,House,119,1/3/15,2/6/77,48,fecid,,1977,,128,"10 years, 8 months",10.67
JBrecheen.jpg,Josh,Josh,Josh,Brecheen,Brecheen,Brecheen,,,,,,B001317,N00051106,H2OK02315,OK,Representative,Republican,House,119,1/3/23,6/19/79,46,fecid,,1979,,32,"2 years, 8 months",2.67
RBresnahan.jpg,Robert,Robert,Robert,Bresnahan,Bresnahan,Bresnahan,P.,Paul,,Rob,Jr.,B001327,,H4PA08124,PA,Representative,Republican,House,119,1/3/25,4/22/90,35,slug,,1990,,8,8 months,0.67
KBritt.jpg,Katie Boyd,Katie,,Britt,Britt,,,,,,,B001319,N00048812,S2AL00145,AL,Senator,Republican,Senate,119,1/3/23,2/2/82,43,,,1982,,32,"2 years, 8 months",2.67
SBrown.jpg,Shontel,Shontel,Shontel,Brown,Brown,Brown,M.,M.,,,,B001313,N00047875,H2OH11169,OH,Representative,Democrat,House,119,11/4/21,6/24/75,50,fecid,,1975,,46,"3 years, 10 months",3.83
JBrownley.jpg,Julia,Julia,Julia,Brownley,Brownley,Brownley,,,,,,B001285,N00034254,H2CA00120,CA,Representative,Democrat,House,119,1/3/13,8/28/52,73,fecid,,1952,,152,"12 years, 8 months",12.67
VBuchanan.jpg,Vern,Vernon,,Buchanan,Buchanan,,,,,,,B001260,,,FL,Representative,Republican,House,119,1/3/07,5/8/51,74,,,1951,,224,"18 years, 8 months",18.67
TBudd.jpg,Ted,Theodore,,Budd,Budd,,,,,,,B001305,N00039551,S2NC00505,NC,Senator,Republican,Senate,119,1/3/23,10/21/71,53,,,1971,,32,"2 years, 8 months",2.67
NBudzinski.jpg,Nikki,Nikki,Nikki,Budzinski,Budzinski,Budzinski,,,,,,B001315,N00049102,H2IL13153,IL,Representative,Democrat,House,119,1/3/23,3/11/77,48,fecid,,1977,,32,"2 years, 8 months",2.67
TBurchett.jpg,Tim,Timothy,Tim,Burchett,Burchett,Burchett,,,,,,B001309,N00041594,H8TN02119,TN,Representative,Republican,House,119,1/3/19,8/25/64,61,fecid,,1964,,80,"6 years, 8 months",6.67
EBurlison.jpg,Eric,Eric,Eric,Burlison,Burlison,Burlison,,,,,,B001316,N00049123,H2MO07143,MO,Representative,Republican,House,119,1/3/23,10/2/76,48,fecid,,1976,,32,"2 years, 8 months",2.67
JBynum.jpg,Janelle,Janelle,Janelle,Bynum,Bynum,Bynum,S.,S.,,,,B001326,,H4OR05304,OR,Representative,Democrat,House,119,1/3/25,1/31/75,50,slug,,1975,,8,8 months,0.67
KCalvert.jpg,Ken,Ken,Kenneth,Calvert,Calvert,Calvert,,S.,,Ken,,C000059,N00007099,H2CA37023,CA,Representative,Republican,House,119,1/3/93,6/8/53,72,fecid,,1953,,392,"32 years, 8 months",32.67
KCammack.jpg,Kat,Kat,Kat,Cammack,Cammack,Cammack,,,,,,C001039,N00045978,H0FL03175,FL,Representative,Republican,House,119,1/3/21,2/16/88,37,fecid,,1988,,56,"4 years, 8 months",4.67
MCantwell.jpg,Maria,Maria,Maria,Cantwell,Cantwell,Cantwell,,E.,,,,C000127,,,WA,Senator,Democrat,Senate,119,1/3/01,10/13/58,66,slug,,1958,,296,"24 years, 8 months",24.67
SCapito.jpg,Shelley Moore,Shelley,,Capito,Capito,,,,,,,C001047,,,WV,Senator,Republican,Senate,119,1/3/15,11/26/53,71,,,1953,,128,"10 years, 8 months",10.67
SCarbajal.jpg,Salud,Salud,Salud,Carbajal,Carbajal,Carbajal,O.,O.,,,,C001112,N00037015,H6CA24303,CA,Representative,Democrat,House,119,1/3/17,11/18/64,60,fecid,,1964,,104,"8 years, 8 months",8.67
MCarey.jpg,Mike,Mike,Mike,Carey,Carey,Carey,,,,,,C001126,N00048568,H2OH15228,OH,Representative,Republican,House,119,11/4/21,3/13/71,54,fecid,,1971,,46,"3 years, 10 months",3.83
ACarson.jpg,André,Andre,Andr̩,Carson,Carson,Carson,,D.,,,,C001072,N00029513,H8IN07184,IN,Representative,Democrat,House,119,3/11/08,10/16/74,50,fecid,,1974,,210,"17 years, 6 months",17.5
ECarter.jpg,Earl,Buddy,Earl,Carter,Carter,Carter,L.,Leroy,Buddy,Buddy,,C001103,,S6GA00374,GA,Representative,Republican,House,119,1/3/15,9/6/57,68,slug,,1957,,128,"10 years, 8 months",10.67
JCarter.jpg,John,John,John,Carter,Carter,Carter,R.,Rice,,,,C001051,N00025095,H2TX31044,TX,Representative,Republican,House,119,1/3/03,11/6/41,83,fecid,,1941,,272,"22 years, 8 months",22.67
TCarter.jpg,Troy,Troy,Troy,Carter,Carter,Carter,A.,A.,,,Sr.,C001125,N00025766,H2LA02149,LA,Representative,Democrat,House,119,5/11/21,10/26/63,61,fecid,,1963,,52,"4 years, 4 months",4.33
GCasar.jpg,Greg,Greg,Gregorio,Casar,Casar,Casar,,,,Greg,,C001131,N00049855,H2TX35144,TX,Representative,Democrat,House,119,1/3/23,5/4/89,36,fecid,,1989,,32,"2 years, 8 months",2.67
ECase.jpg,Ed,Ed,Edward,Case,Case,Case,,E.,,Ed,,C001055,N00025882,H2HI02128,HI,Representative,Democrat,House,119,1/3/19,9/27/52,73,fecid,,1952,,80,"6 years, 8 months",6.67
BCassidy.jpg,Bill,Bill,,Cassidy,Cassidy,,,,,,,C001075,,,LA,Senator,Republican,Senate,119,1/3/15,9/28/57,68,,,1957,,128,"10 years, 8 months",10.67
SCasten.jpg,Sean,Sean,Sean,Casten,Casten,Casten,,,,,,C001117,N00041338,H8IL06139,IL,Representative,Democrat,House,119,1/3/19,11/23/71,53,fecid,,1971,,80,"6 years, 8 months",6.67
KCastor.jpg,Kathy,Kathy,Katherine,Castor,Castor,Castor,,Anne,,Kathy,,C001066,N00027514,H6FL11126,FL,Representative,Democrat,House,119,1/3/07,8/20/66,59,fecid,,1966,,224,"18 years, 8 months",18.67
JCastro.jpg,Joaquin,Joaquin,Joaquin,Castro,Castro,Castro,,,,,,C001091,N00033316,H2TX35011,TX,Representative,Democrat,House,119,1/3/13,9/16/74,51,fecid,,1974,,152,"12 years, 8 months",12.67
SCMcCormick.jpg,Sheila,Sheila,Sheila,Cherfilus-McCormick,Cherfilus-McCormick,Cherfilus-McCormick,,,,,,C001127,N00043504,H8FL20032,FL,Representative,Democrat,House,119,1/18/22,1/25/79,46,fecid,,1979,,44,"3 years, 8 months",3.67
JChu.jpg,Judy,Judy,Judy,Chu,Chu,Chu,,,,,,C001080,N00030600,H0CA32101,CA,Representative,Democrat,House,119,7/14/09,7/7/53,72,fecid,,1953,,194,"16 years, 2 months",16.17
JCiscomani.jpg,Juan,Juan,Juan,Ciscomani,Ciscomani,Ciscomani,,,,,,C001133,N00049039,H2AZ02360,AZ,Representative,Republican,House,119,1/3/23,8/31/82,43,fecid,,1982,,32,"2 years, 8 months",2.67
GCisneros.jpg,Gilbert,Gil,Gilbert,Cisneros,Cisneros,Cisneros,Ray,,,Gil,,C001123,,H4CA31170,CA,Representative,Democrat,House,119,1/3/25,2/12/71,54,slug,,1971,,8,8 months,0.67
KClark.jpg,Katherine,Katherine,Katherine,Clark,Clark,Clark,M.,M.,,,,C001101,N00035278,H4MA05084,MA,Representative,Democrat,House,119,12/12/13,7/17/63,62,fecid,,1963,,141,"11 years, 9 months",11.75
YClarke.jpg,Yvette,Yvette,Yvette,Clarke,Clarke,Clarke,D.,D.,,,,C001067,N00026961,H4NY11138,NY,Representative,Democrat,House,119,1/3/07,11/21/64,60,fecid,,1964,,224,"18 years, 8 months",18.67
ECleaver.jpg,Emanuel,Emanuel,Emanuel,Cleaver,Cleaver,Cleaver,,,,,II,C001061,N00026790,H4MO05234,MO,Representative,Democrat,House,119,1/3/05,10/26/44,80,fecid,,1944,,248,"20 years, 8 months",20.67
BCline.jpg,Ben,Benjamin,Benjamin,Cline,Cline,Cline,,Lee,,Ben,,C001118,N00042296,H8VA06104,VA,Representative,Republican,House,119,1/3/19,2/29/72,53,fecid,,1972,,80,"6 years, 8 months",6.67
MCloud.jpg,Michael,Michael,Michael,Cloud,Cloud,Cloud,,J.,,,,C001115,N00041882,H8TX27049,TX,Representative,Republican,House,119,7/10/18,5/13/75,50,fecid,,1975,,86,"7 years, 2 months",7.17
JClyburn.jpg,James,James,James,Clyburn,Clyburn,Clyburn,E.,Enos,,Jim,,C000537,,H2SC02042,SC,Representative,Democrat,House,119,1/3/93,7/21/40,85,slug,,1940,,392,"32 years, 8 months",32.67
AClyde.jpg,Andrew,Andrew,Andrew,Clyde,Clyde,Clyde,S.,,,,,C001116,N00046654,H0GA09246,GA,Representative,Republican,House,119,1/3/21,11/22/63,61,fecid,,1963,,56,"4 years, 8 months",4.67
SCohen.jpg,Steve,Stephen,Stephen,Cohen,Cohen,Cohen,,Ira,,Steve,,C001068,N00003225,H6TN09068,TN,Representative,Democrat,House,119,1/3/07,5/24/49,76,fecid,,1949,,224,"18 years, 8 months",18.67
TCole.jpg,Tom,Tom,Thomas,Cole,Cole,Cole,,Jeffery,,Tom,,C001053,N00025726,H2OK04055,OK,Representative,Republican,House,119,1/3/03,4/28/49,76,fecid,,1949,,272,"22 years, 8 months",22.67
MCollins.jpg,Mike,Mike,,Collins,Collins,,,,,,,C001129,N00035370,H4GA10071,GA,Representative,Republican,House,119,1/3/23,7/2/67,58,,,1967,,32,"2 years, 8 months",2.67
SCollins.jpg,Susan,Susan,Susan,Collins,Collins,Collins,M.,Margaret,,,,C001035,,S6ME00159,ME,Senator,Republican,Senate,119,1/3/97,12/7/52,72,slug,,1952,,344,"28 years, 8 months",28.67
JComer.jpg,James,James,James,Comer,Comer,Comer,,R.,,,,C001108,N00038260,H6KY01110,KY,Representative,Republican,House,119,11/8/16,8/19/72,53,fecid,,1972,,106,"8 years, 10 months",8.83
HConaway.jpg,Herbert,Herbert,,Conaway,Conaway,,C.,,Herb,,,C001136,,,NJ,Representative,Democrat,House,119,1/3/25,1/30/63,62,,,1963,,8,8 months,0.67
GConnolly.jpg,Gerald,Gerald,,Connolly,Connolly,,E.,,,,,C001078,,,VA,Representative,Democrat,House,119,,,,,,1950,2025,,,
CCoons.jpg,Christopher,Christopher,Christopher,Coons,Coons,Coons,A.,A.,,Chris,,C001088,,S0DE00092,DE,Senator,Democrat,Senate,119,11/15/10,9/9/63,62,slug,,1963,,178,"14 years, 10 months",14.83
JCornyn.jpg,John,John,John,Cornyn,Cornyn,Cornyn,,,,,,C001056,,S2TX00106,TX,Senator,Republican,Senate,119,12/2/02,2/2/52,73,slug,,1952,,273,"22 years, 9 months",22.75
JCorrea.jpg,J. Luis,Jose,,Correa,Correa,,,,,,,C001110,,,CA,Representative,Democrat,House,119,1/3/17,1/24/58,67,,,1958,,104,"8 years, 8 months",8.67
CCMasto.jpg,Catherine,Catherine,Catherine,Cortez Masto,Cortez Masto,Cortez Masto,,Marie,,,,C001113,N00037161,S6NV00200,NV,Senator,Democrat,Senate,119,1/3/17,3/29/64,61,slug,,1964,,104,"8 years, 8 months",8.67
JCosta.jpg,Jim,Jim,Jim,Costa,Costa,Costa,,,,,,C001059,N00026341,H4CA20082,CA,Representative,Democrat,House,119,1/3/05,4/13/52,73,fecid,,1952,,248,"20 years, 8 months",20.67
TCotton.jpg,Tom,Tom,,Cotton,Cotton,,,,,,,C001095,,,AR,Senator,Republican,Senate,119,1/3/15,5/13/77,48,,,1977,,128,"10 years, 8 months",10.67
JCourtney.jpg,Joe,Joe,Joseph,Courtney,Courtney,Courtney,,D.,,Joe,,C001069,N00024842,H2CT02112,CT,Representative,Democrat,House,119,1/3/07,4/6/53,72,fecid,,1953,,224,"18 years, 8 months",18.67
ACraig.jpg,Angie,Angela,,Craig,Craig,,,,,,,C001119,N00037039,H6MN02131,CT,Representative,Democratic,House,119,1/3/19,2/14/72,53,,,1972,,80,"6 years, 8 months",6.67
KCramer.jpg,Kevin,Kevin,Kevin,Cramer,Cramer,Cramer,,,,,,C001096,,,ND,Senator,Republican,Senate,119,1/3/19,1/21/61,64,slug,,1961,,80,"6 years, 8 months",6.67
ECrane.jpg,Elijah,Eli,,Crane,Crane,,,,,,,C001132,,,AZ,Representative,Republican,House,119,1/3/23,1/3/80,45,,,1980,,32,"2 years, 8 months",2.67
JCrank.jpg,Jeff,Jeff,,Crank,Crank,,,,,,,C001137,,,CO,Representative,Republican,House,119,1/3/25,1/28/67,58,,,1967,,8,8 months,0.67
MCrapo.jpg,Mike,Michael,,Crapo,Crapo,,,,,,,C000880,N00006267,S8ID00027,ID,Senator,Republican,Senate,119,1/3/99,5/20/51,74,,,1951,,320,"26 years, 8 months",26.67
ECrawford.jpg,Eric,Rick,Eric,Crawford,Crawford,Crawford,A.,Alan,Rick,Rick,,C001087,,H0AR01083,AR,Representative,Republican,House,119,1/3/11,1/22/66,59,slug,,1966,,176,"14 years, 8 months",14.67
DCrenshaw.jpg,Dan,Daniel,Daniel,Crenshaw,Crenshaw,Crenshaw,,,,Dan,,C001120,N00042224,H8TX02166,TX,Representative,Republican,House,119,1/3/19,3/14/84,41,fecid,,1984,,80,"6 years, 8 months",6.67
JCrockett.jpg,Jasmine,Jasmine,Jasmine,Crockett,Crockett,Crockett,,Felicia,,,,C001130,N00049840,H2TX30178,TX,Representative,Democrat,House,119,1/3/23,3/29/81,44,fecid,,1981,,32,"2 years, 8 months",2.67
JCrow.jpg,Jason,Jason,Jason,Crow,Crow,Crow,,,,,,C001121,N00040876,H8CO06229,CO,Representative,Democrat,House,119,1/3/19,3/15/79,46,fecid,,1979,,80,"6 years, 8 months",6.67
TCruz.jpg,Ted,Rafael,,Cruz,Cruz,,,,,,,C001098,,,TX,Senator,Republican,Senate,119,,12/22/70,54,,,1970,,,,
HCuellar.jpg,Henry,Henry,Henry,Cuellar,Cuellar,Cuellar,,R.,,,,C001063,N00024978,H2TX23082,TX,Representative,Democrat,House,119,1/3/05,9/19/55,70,fecid,,1955,,248,"20 years, 8 months",20.67
JCurtis.jpg,John,John,John,Curtis,Curtis,Curtis,R.,R.,,,,C001114,N00041221,H8UT03238,UT,Senator,Republican,Senate,119,1/3/25,5/10/60,65,slug,,1960,,8,8 months,0.67
SDaines.jpg,Steve,Steve,,Daines,Daines,,,,,,,D000618,,,MT,Senator,Republican,Senate,119,1/3/15,8/20/62,63,,,1962,,128,"10 years, 8 months",10.67
SDavids.jpg,Sharice,Sharice,Sharice,Davids,Davids,Davids,,L.,,,,D000629,N00042626,H8KS03155,KS,Representative,Democrat,House,119,1/3/19,5/22/80,45,fecid,,1980,,80,"6 years, 8 months",6.67
WDavidson.jpg,Warren,Warren,Warren,Davidson,Davidson,Davidson,,,,,,D000626,N00038767,H6OH08315,OH,Representative,Republican,House,119,6/9/16,3/1/70,55,fecid,,1970,,111,"9 years, 3 months",9.25
DKDavis.jpg,Danny,Danny,Danny,Davis,Davis,Davis,K.,K.,,,,D000096,,,IL,Representative,Democrat,House,119,1/3/97,9/6/41,84,slug,,1941,,344,"28 years, 8 months",28.67
DGDavis.jpg,Donald,Don,Donald,Davis,Davis,Davis,G.,Gene,,Don,,D000230,,H2NC02287,NC,Representative,Democratic,House,119,1/3/23,8/29/71,54,slug,,1971,,32,"2 years, 8 months",2.67
MDeLaCruz.jpg,Monica,Monica,Monica,De La Cruz,De La Cruz,De La Cruz-Hernandez,,,,,,D000594,N00045793,H0TX15124,TX,Representative,Republican,House,119,1/3/23,11/11/74,50,fecid,,1974,,32,"2 years, 8 months",2.67
MDean.jpg,Madeleine,Madeleine,Madeleine,Dean,Dean,Dean Cunnane,,,,,,D000631,N00042894,H8PA04116,PA,Representative,Democrat,House,119,1/3/19,6/6/59,66,fecid,,1959,,80,"6 years, 8 months",6.67
DDeGette.jpg,Diana,Diana,Diana,DeGette,DeGette,DeGette,,L.,,,,D000197,N00006134,H6CO01141,CO,Representative,Democrat,House,119,1/3/97,7/29/57,68,fecid,,1957,,344,"28 years, 8 months",28.67
RDeLauro.jpg,Rosa,Rosa,Rosa,DeLauro,Delauro,DeLauro,L.,L.,,,,D000216,N00000615,H0CT03072,CT,Representative,Democrat,House,119,1/3/91,3/2/43,82,fecid,,1943,,416,"34 years, 8 months",34.67
SDelBene.jpg,Suzan,Suzan,Suzan,DelBene,Delbene,DelBene,K.,Kay,,,,D000617,N00030693,H0WA08046,WA,Representative,Democrat,House,119,11/13/12,2/17/62,63,fecid,,1962,,154,"12 years, 10 months",12.83
CDeluzio.jpg,Christopher,Chris,Christopher,Deluzio,Deluzio,Deluzio,R.,R.,,Chris,,D000530,N00049160,H2PA17103,PA,Representative,Democrat,House,119,1/3/23,7/13/84,41,fecid,,1984,,32,"2 years, 8 months",2.67
MDeSaulnier.jpg,Mark,Mark,Mark,DeSaulnier,Desaulnier,DeSaulnier,,,,,,D000623,N00030709,H0CA10073,CA,Representative,Democrat,House,119,1/3/15,3/31/52,73,fecid,,1952,,128,"10 years, 8 months",10.67
SDesJarlais.jpg,Scott,Scott,Scott,DesJarlais,Desjarlais,DesJarlais,,Eugene,,,,D000616,N00030957,H0TN04195,TN,Representative,Republican,House,119,1/3/11,2/21/64,61,fecid,,1964,,176,"14 years, 8 months",14.67
MDexter.jpg,Maxine,Maxine,Maxine,Dexter,Dexter,Dexter,,E.,,,,D000635,,H4OR03192,OR,Representative,Democrat,House,119,1/3/25,12/5/72,52,slug,,1972,,8,8 months,0.67
MDBalart.jpg,Mario,Mario,Mario,Diaz-Balart,Diaz-Balart,Diaz-Balart,,,,,,D000600,N00025337,H2FL25018,FL,Representative,Republican,House,119,1/3/03,9/25/61,64,fecid,,1961,,272,"22 years, 8 months",22.67
DDingell.jpg,Debbie,Debbie,Debbie,Dingell,Dingell,Dingell,,,,,,D000624,N00036149,H4MI12079,MI,Representative,Democrat,House,119,1/3/15,11/23/53,71,fecid,,1953,,128,"10 years, 8 months",10.67
LDoggett.jpg,Lloyd,Lloyd,Lloyd,Doggett,Doggett,Doggett,,Alton,,,II,D000399,N00006023,H4TX10028,TX,Representative,Democrat,House,119,1/3/95,10/6/46,78,slug,,1946,,368,"30 years, 8 months",30.67
BDonalds.jpg,Byron,Byron,Byron,Donalds,Donalds,Donalds,,,,,,D000032,N00034016,H2FL14186,FL,Representative,Republican,House,119,1/3/21,10/26/78,46,fecid,,1978,,56,"4 years, 8 months",4.67
TDowning.jpg,Troy,Troy,Troy,Downing,Downing,Downing,,,,,,D000634,,H4MT02098,MT,Representative,Republican,House,119,1/3/25,3/4/67,58,slug,,1967,,8,8 months,0.67
TDuckworth.jpg,Tammy,Tammy,,Duckworth,Duckworth,,,,,,,D000622,N00027860,S6IL00292,IL,Senator,Democrat,Senate,119,1/3/17,3/12/68,57,,,1968,,104,"8 years, 8 months",8.67
NDunn.jpg,Neal,Neal,Neal,Dunn,Dunn,Dunn,P.,Patrick,,,,D000628,N00037442,H6FL02208,FL,Representative,Republican,House,119,1/3/17,2/16/53,72,fecid,,1953,,104,"8 years, 8 months",8.67
RDurbin.jpg,Richard,Richard,Richard,Durbin,Durbin,Durbin,J.,J.,,Dick,,D000563,,S6IL00151,IL,Senator,Democrat,Senate,119,1/3/97,11/21/44,80,slug,,1944,,344,"28 years, 8 months",28.67
CEdwards.jpg,Chuck,Chuck,Charles,Edwards,Edwards,Edwards,,Marion,,Chuck,,E000246,N00049670,H2NC14050,NC,Representative,Republican,House,119,1/3/23,9/13/60,65,fecid,,1960,,32,"2 years, 8 months",2.67
SElfreth.jpg,Sarah,Sarah,Sarah,Elfreth,Elfreth,Elfreth,,Kelly,,,,E000301,,H4MD03156,MD,Representative,Democrat,House,119,1/3/25,9/9/88,37,slug,,1988,,8,8 months,0.67
JEllzey.jpg,Jake,Jake,John,Ellzey,Ellzey,Ellzey,,Kevin,,Jake,Sr.,E000071,N00042243,H8TX06266,TX,Representative,Republican,House,119,7/30/21,1/24/70,55,fecid,,1970,,49,"4 years, 1 month",4.08
TEmmer.jpg,Tom,Thomas,Thomas,Emmer,Emmer,Emmer,,Earl,,Tom,Jr.,E000294,N00035440,H4MN06087,MN,Representative,Republican,House,119,1/3/15,3/3/61,64,fecid,,1961,,128,"10 years, 8 months",10.67
JErnst.jpg,Joni,Joni,Joni,Ernst,Ernst,Ernst,,K.,,,,E000295,,,IA,Senator,Republican,Senate,119,1/3/15,7/1/70,55,slug,,1970,,128,"10 years, 8 months",10.67
VEscobar.jpg,Veronica,Veronica,Veronica,Escobar,Escobar,Escobar,,,,,,E000299,N00041702,H8TX16109,TX,Representative,Democrat,House,119,1/3/19,9/15/69,56,fecid,,1969,,80,"6 years, 8 months",6.67
AEspaillat.jpg,Adriano,Adriano,Adriano,Espaillat,Espaillat,Espaillat,,,,,,E000297,N00034549,H2NY13096,NY,Representative,Democrat,House,119,1/3/17,9/27/54,71,fecid,,1954,,104,"8 years, 8 months",8.67
REstes.jpg,Ron,Ron,Ron,Estes,Estes,Estes,,,,,,E000298,N00040712,H8KS04112,KS,Representative,Republican,House,119,4/25/17,7/19/56,69,fecid,,1956,,101,"8 years, 5 months",8.42
DEvans.jpg,Dwight,Dwight,Dwight,Evans,Evans,Evans,,,,,,E000296,N00038450,H6PA02171,PA,Representative,Democrat,House,119,11/14/16,5/16/54,71,slug,,1954,,106,"8 years, 10 months",8.83
GEvans.jpg,Gabe,Gabe,,Evans,Evans,,,,,,,E000300,,,CO,Representative,Republican,House,119,1/3/25,7/28/86,39,,,1986,,8,8 months,0.67
MEzell.jpg,Mike,Mike,Walter,Ezell,Ezell,Ezell,,Michael,,Mike,,E000235,N00048240,H2MS04258,MS,Representative,Republican,House,119,1/3/23,4/6/59,66,fecid,,1959,,32,"2 years, 8 months",2.67
PFallon.jpg,Pat,Pat,,Fallon,Fallon,,,,,,,F000246,,,TX,Representative,Republican,House,119,1/3/21,12/19/67,57,,,1967,,56,"4 years, 8 months",4.67
JFedorchak.jpg,Julie,Julie,Julie,Fedorchak,Fedorchak,Fedorchak,,,,,,F000482,,H4ND00061,ND,Representative,Republican,House,119,1/3/25,9/28/68,57,slug,,1968,,8,8 months,0.67
RFeenstra.jpg,Randy,Randy,,Feenstra,Feenstra,,,,,,,F000446,N00044011,H0IA04145,IA,Representative,Republican,House,119,1/3/21,1/14/69,56,,,1969,,56,"4 years, 8 months",4.67
JFetterman.jpg,John,John,John,Fetterman,Fetterman,Fetterman,,Karl,,,,F000479,N00038201,S6PA00274,PA,Senator,Democrat,Senate,119,1/3/23,8/15/69,56,slug,,1969,,32,"2 years, 8 months",2.67
CFields.jpg,Cleo,Cleo,Cleo,Fields,Fields,Fields,,,,,,F000110,,H4LA06211,LA,Representative,Democrat,House,119,1/3/25,11/22/62,62,slug,,1962,,8,8 months,0.67
SFigures.jpg,Shomari,Shomari,Shomari,Figures,Figures,Figures,,C.,,,,F000481,,H4AL02170,AL,Representative,Democrat,House,119,1/3/25,9/3/85,40,slug,,1985,,8,8 months,0.67
RFine.jpg,Randy,Randy,Randy,Fine,Fine,Fine,,,,,,F000484,,,FL,Representative,Republican,House,119,4/2/25,4/20/74,51,slug,,1974,,5,5 months,0.42
BFinstad.jpg,Brad,Brad,Brad,Finstad,Finstad,Finstad,,,,,,F000475,N00050649,H2MN01223,MN,Representative,Republican,House,119,8/12/22,5/30/76,49,fecid,,1976,,37,"3 years, 1 month",3.08
MFischbach.jpg,Michelle,Michelle,Michelle,Fischbach,Fischbach,Fischbach,,,,,,F000470,N00045251,H0MN07091,MN,Representative,Republican,House,119,1/3/21,11/3/65,59,fecid,,1965,,56,"4 years, 8 months",4.67
DFischer.jpg,Deb,Debra,,Fischer,Fischer,,,,,,,F000463,,,NE,Senator,Republican,Senate,119,1/3/13,3/1/51,74,,,1951,,152,"12 years, 8 months",12.67
SFitzgerald.jpg,Scott,Scott,Scott,Fitzgerald,Fitzgerald,Fitzgerald,,L.,,,,F000471,N00045434,H0WI05113,WI,Representative,Republican,House,119,1/3/21,11/16/63,61,fecid,,1963,,56,"4 years, 8 months",4.67
BFitzpatrick.jpg,Brian,Brian,Brian,Fitzpatrick,Fitzpatrick,Fitzpatrick,K.,K.,,,,F000466,N00038779,H6PA08277,PA,Representative,Republican,House,119,1/3/17,12/17/73,51,fecid,,1973,,104,"8 years, 8 months",8.67
CFleischmann.jpg,Charles,Chuck,Charles,Fleischmann,Fleischmann,Fleischmann,J.,J.,Chuck,Chuck,,F000459,,H0TN03254,TN,Representative,Republican,House,119,1/3/11,10/11/62,62,slug,,1962,,176,"14 years, 8 months",14.67
LFletcher.jpg,Lizzie,Elizabeth,Elizabeth,Fletcher,Fletcher,Fletcher,,Pannill,,Lizzie,,F000468,N00041194,H8TX07140,TX,Representative,Democrat,House,119,1/3/19,2/13/75,50,fecid,,1975,,80,"6 years, 8 months",6.67
MFlood.jpg,Mike,Mike,Mike,Flood,Flood,Flood,,,,,,F000474,N00050145,H2NE01118,NE,Representative,Republican,House,119,7/12/22,2/23/75,50,fecid,,1975,,38,"3 years, 2 months",3.17
VFong.jpg,Vince,Vince,Vince,Fong,Fong,Fong,,,,,,F000480,,H4CA20181,CA,Representative,Republican,House,119,6/3/24,10/24/79,45,slug,,1979,,15,"1 year, 3 months",1.25
BFoster.jpg,Bill,Bill,G.,Foster,Foster,Foster,,William,,Bill,,F000454,N00029139,H8IL14067,IL,Representative,Democrat,House,119,1/3/13,10/7/55,69,fecid,,1955,,152,"12 years, 8 months",12.67
VFoushee.jpg,Valerie,Valerie,Valerie,Foushee,Foushee,Foushee,P.,Paige,,,,F000477,N00049652,H2NC06114,NC,Representative,Democrat,House,119,1/3/23,5/7/56,69,fecid,,1956,,32,"2 years, 8 months",2.67
VFoxx.jpg,Virginia,Virginia,Virginia,Foxx,Foxx,Foxx,,Ann,,,,F000450,N00026166,H4NC05146,NC,Representative,Republican,House,119,,6/29/43,82,fecid,,1943,,,,
LFrankel.jpg,Lois,Lois,Lois,Frankel,Frankel,Frankel,,J.,,,,F000462,N00002893,H2FL14053,FL,Representative,Democrat,House,119,1/3/13,5/16/48,77,fecid,,1948,,152,"12 years, 8 months",12.67
SFranklin.jpg,Scott,Scott,Scott,Franklin,Franklin,Franklin,,,,,,F000472,N00046760,H0FL15104,FL,Representative,Republican,House,119,1/3/21,8/23/64,61,fecid,,1964,,56,"4 years, 8 months",4.67
LFriedman.jpg,Laura,Laura,Laura,Friedman,Friedman,Friedman,,,,,,F000483,,H4CA30149,CA,Representative,Democrat,House,119,1/3/25,12/3/66,58,slug,,1966,,8,8 months,0.67
MFrost.jpg,Maxwell,Maxwell,Maxwell,Frost,Frost,Frost,,Alejandro,,,,F000476,N00049075,H2FL10259,FL,Representative,Democrat,House,119,1/3/23,1/17/97,28,fecid,,1997,,32,"2 years, 8 months",2.67
RFry.jpg,Russell,Russell,Russell,Fry,Fry,Fry,,W.,,,,F000478,N00049165,H2SC07280,SC,Representative,Republican,House,119,1/3/23,1/31/85,40,fecid,,1985,,32,"2 years, 8 months",2.67
RFulcher.jpg,Russ,Russell,Russell,Fulcher,Fulcher,Fulcher,,,,Russ,,F000469,N00041335,H8ID01124,ID,Representative,Republican,House,119,1/3/19,3/9/62,63,fecid,,1962,,80,"6 years, 8 months",6.67
RGallego.jpg,Ruben,Ruben,Ruben,Gallego,Gallego,Gallego,,,,,,G000574,N00036097,H4AZ07043,AZ,Senator,Democrat,Senate,119,1/3/25,11/20/79,45,slug,,1979,,8,8 months,0.67
JGaramendi.jpg,John,John,John,Garamendi,Garamendi,Garamendi,,Raymond,,,,G000559,N00030856,H0CA10149,CA,Representative,Democrat,House,119,11/5/09,1/24/45,80,fecid,,1945,,190,"15 years, 10 months",15.83
AGarbarino.jpg,Andrew,Andrew,Andrew,Garbarino,Garbarino,Garbarino,R.,R.,,,,G000597,N00046030,H0NY02234,NY,Representative,Republican,House,119,1/3/21,9/27/84,41,fecid,,1984,,56,"4 years, 8 months",4.67
RGarcia.jpg,Robert,Robert,Robert,Garcia,Garcia,Garcia,,,,,,G000598,N00049470,H2CA47188,CA,Representative,Democrat,House,119,1/3/23,12/2/77,47,fecid,,1977,,32,"2 years, 8 months",2.67
SGarcia.jpg,Sylvia,Sylvia,Sylvia,Garcia,Garcia,Garcia,R.,R.,,,,G000587,N00042282,H8TX29052,TX,Representative,Democrat,House,119,1/3/19,9/6/50,75,fecid,,1950,,80,"6 years, 8 months",6.67
JGarcia.jpg,Jesus,Jesús,Jesus,Garcia,Garcia,Garcia,,G.,,Chuy,,G000586,N00042114,H8IL04134,IL,Representative,Democrat,House,119,,4/12/56,69,fecid,,1956,,,,
BGill.jpg,Brandon,Brandon,Brandon,Gill,Gill,Gill,,,,,,G000603,,H4TX26149,TX,Representative,Republican,House,119,1/3/25,2/26/94,31,slug,,1994,,8,8 months,0.67
LGillen.jpg,Laura,Laura,Laura,Gillen,Gillen,Gillen,,,,,,G000602,N00050425,H2NY04244,NY,Representative,Democrat,House,119,1/3/25,7/10/69,56,fecid,,1969,,8,8 months,0.67
KGillibrand.jpg,Kirsten,Kirsten,Kirsten,Gillibrand,Gillibrand,Gillibrand,E.,Elizabeth,,,,G000555,,S0NY00410,NY,Senator,Democrat,Senate,119,1/26/09,12/9/66,58,slug,,1966,,200,"16 years, 8 months",16.67
CGimenez.jpg,Carlos,Carlos,Carlos,Gimenez,Gimenez,Giménez,A.,A.,,,,G000593,N00046394,H0FL26036,FL,Representative,Republican,House,119,1/3/21,1/17/54,71,fecid,,1954,,56,"4 years, 8 months",4.67
JGolden.jpg,Jared,Jared,Jared,Golden,Golden,Golden,F.,Forrest,,,,G000592,N00041668,H8ME02185,ME,Representative,Democrat,House,119,1/3/19,7/25/82,43,fecid,,1982,,80,"6 years, 8 months",6.67
CGoldman.jpg,Craig,Craig,Craig,Goldman,Goldman,Goldman,A.,,,,,G000601,,H4TX12065,TX,Representative,Republican,House,119,1/3/25,10/3/68,56,slug,,1968,,8,8 months,0.67
DGoldman.jpg,Daniel,Daniel,Daniel,Goldman,Goldman,Goldman,S.,,,Dan,,G000599,,H2NY10308,NY,Representative,Democrat,House,119,1/3/23,2/26/76,49,slug,,1976,,32,"2 years, 8 months",2.67
JGomez.jpg,Jimmy,Jimmy,Jimmy,Gomez,Gomez,Gomez,,,,,,G000585,N00040597,H8CA34266,CA,Representative,Democrat,House,119,7/11/17,11/25/74,50,fecid,,1974,,98,"8 years, 2 months",8.17
TGonzales.jpg,Tony,Tony,Ernest,Gonzales,Gonzales,Gonzales,,Anthony,,Tony,II,G000594,N00044592,H0TX35015,TX,Representative,Republican,House,119,1/3/21,10/10/80,44,fecid,,1980,,56,"4 years, 8 months",4.67
VGonzalez.jpg,Vicente,Vicente,Vicente,Gonzalez,Gonzalez,González,,,,,,G000581,N00038809,H6TX15162,TX,Representative,Democrat,House,119,1/3/17,9/4/67,58,fecid,,1967,,104,"8 years, 8 months",8.67
LGooden.jpg,Lance,Lance,Lance,Gooden,Gooden,Gooden,,,,,,G000589,N00042237,H8TX05144,TX,Representative,Republican,House,119,1/3/19,12/1/82,42,fecid,,1982,,80,"6 years, 8 months",6.67
MGoodlander.jpg,Maggie,Maggie,Maggie,Goodlander,Goodlander,Goodlander,,,,,,G000604,,H4NH02399,NH,Representative,Democrat,House,119,1/3/25,11/4/86,38,slug,,1986,,8,8 months,0.67
PGosar.jpg,Paul,Paul,Paul,Gosar,Gosar,Gosar,A.,Anthony,,,,G000565,N00030771,H0AZ01259,AZ,Representative,Republican,House,119,1/3/11,11/27/58,66,fecid,,1958,,176,"14 years, 8 months",14.67
JGottheimer.jpg,Josh,Josh,Joshua,Gottheimer,Gottheimer,Gottheimer,,S.,,Josh,,G000583,N00036944,H6NJ05171,NJ,Representative,Democrat,House,119,1/3/17,3/8/75,50,fecid,,1975,,104,"8 years, 8 months",8.67
LGraham.jpg,Lindsey,Lindsey,Lindsey,Graham,Graham,Graham,,Olin,,,,G000359,,S0SC00149,SC,Senator,Republican,Senate,119,1/3/03,7/9/55,70,slug,,1955,,272,"22 years, 8 months",22.67
CGrassley.jpg,Chuck,Charles,,Grassley,Grassley,,,,,,,G000386,N00001758,S0IA00028,IA,Senator,Republican,Senate,119,1/3/81,9/17/33,92,,,1933,,536,"44 years, 8 months",44.67
SGraves.jpg,Sam,Samuel,Samuel,Graves,Graves,Graves,,B.,,Sam,Jr.,G000546,N00013323,H0MO06073,MO,Representative,Republican,House,119,1/3/01,11/7/63,61,fecid,,1963,,296,"24 years, 8 months",24.67
AGray.jpg,Adam,Adam,Adam,Gray,Gray,Gray,,C.,,,,G000605,N00050061,H2CA13115,CA,Representative,Democrat,House,119,1/3/25,9/23/77,48,fecid,,1977,,8,8 months,0.67
AGreen.jpg,Al,Al,Alexander,Green,Green,Green,,,,Al,,G000553,N00026686,H4TX09095,TX,Representative,Democrat,House,119,1/3/05,9/1/47,78,fecid,,1947,,248,"20 years, 8 months",20.67
MGreen.jpg,Mark,Mark,Mark,Green,Green,Green,E.,E.,,,,G000590,N00041873,H8TN07076,TN,Representative,Republican,,119,,,,slug,,1964,,,,
MGreene.jpg,Marjorie Taylor,Marjorie,Marjorie,Greene,Greene,Greene,,Taylor,,,,G000596,N00044701,H0GA06192,GA,Representative,Republican,House,119,1/3/21,5/27/74,51,fecid,,1974,,56,"4 years, 8 months",4.67
HGriffith.jpg,H. Morgan,H.,,Griffith,Griffith,,,,,,,G000568,,,VA,Representative,Republican,House,119,1/3/11,3/15/58,67,,,1958,,176,"14 years, 8 months",14.67
RGrijalva.jpg,Raul,Raul,,Grijalva,Grijalva,,,,,,,G000551,,,AZ,Representative,Democrat,,119,,,,,,1948,2025,,,
GGrothman.jpg,Glenn,Glenn,Glenn,Grothman,Grothman,Grothman,,S.,,,,G000576,N00036409,H4WI06048,WI,Representative,Republican,House,119,1/3/15,7/3/55,70,fecid,,1955,,128,"10 years, 8 months",10.67
MGuest.jpg,Michael,Michael,Michael,Guest,Guest,Guest,,Patrick,,,,G000591,N00042458,H8MS03125,MS,Representative,Republican,House,119,1/3/19,2/4/70,55,fecid,,1970,,80,"6 years, 8 months",6.67
BGuthrie.jpg,Brett,Brett,Steven,Guthrie,Guthrie,Guthrie,,Brett,,Brett,,G000558,N00029675,H8KY02031,KY,Representative,Republican,House,119,1/3/09,2/18/64,61,fecid,,1964,,200,"16 years, 8 months",16.67
HHageman.jpg,Harriet,Harriet,Harriet,Hageman,Hageman,Hageman,M.,,,,,H001096,N00049197,H2WY00166,WY,Representative,Republican,House,119,1/3/23,10/18/62,62,fecid,,1962,,32,"2 years, 8 months",2.67
BHagerty.jpg,Bill,William,Bill,Hagerty,Hagerty,Hagerty,,,,,,H000601,,S0TN00169,TN,Senator,Republican,Senate,119,1/3/21,8/14/59,66,slug,,1959,,56,"4 years, 8 months",4.67
AHamadeh.jpg,Abraham,Abraham,Abraham,Hamadeh,Hamadeh,Hamadeh,J.,,,Abe,,H001098,,H4AZ08108,AZ,Representative,Republican,House,119,1/3/25,5/15/91,34,slug,,1991,,8,8 months,0.67
JHarder.jpg,Josh,Josh,Josh,Harder,Harder,Harder,,,,,,H001090,N00040853,H8CA10126,CA,Representative,Democrat,House,119,1/3/19,8/1/86,39,fecid,,1986,,80,"6 years, 8 months",6.67
MHaridopolos.jpg,Mike,Mike,Mike,Haridopolos,Haridopolos,Haridopolos,,,,,,H001099,,H4FL08168,FL,Representative,Republican,House,119,1/3/25,3/15/70,55,slug,,1970,,8,8 months,0.67
PHarrigan.jpg,Pat,Pat,Patrick,Harrigan,Harrigan,Harrigan,,Luke,,Pat,,H001101,N00050144,H2NC13243,NC,Representative,Republican,House,119,1/3/25,6/21/87,38,fecid,,1987,,8,8 months,0.67
AHarris.jpg,Andy,Andy,Andrew,Harris,Harris,Harris,,P.,,Andy,,H001052,N00029147,H8MD01094,MD,Representative,Republican,House,119,1/3/11,1/25/57,68,fecid,,1957,,176,"14 years, 8 months",14.67
MHarris.jpg,Mark,Mark,Mark,Harris,Harris,Harris,,Everette,,,,H001102,,H6NC09200,NC,Representative,Republican,House,119,1/3/25,4/24/66,59,slug,,1966,,8,8 months,0.67
DHarshbarger.jpg,Diana,Diana,Diana,Harshbarger,Harshbarger,Harshbarger,,Lynn,,,,H001086,N00046688,H0TN01118,TN,Representative,Republican,House,119,1/3/21,1/1/60,65,fecid,,1960,,56,"4 years, 8 months",4.67
MHassan.jpg,Margaret,Margaret,,Wood Hassan,Wood,Hassan,,,,,,H001076,,,NH,Senator,Democrat,Senate,119,1/3/17,2/27/58,67,,,1958,,104,"8 years, 8 months",8.67
JHawley.jpg,Josh,Joshua,,Hawley,Hawley,,,,,,,H001089,,,MO,Senator,Republican,Senate,119,1/3/19,12/31/79,45,,,1979,,80,"6 years, 8 months",6.67
JHayes.jpg,Jahana,Jahana,Jahana,Hayes,Hayes,Hayes,,,,,,H001081,N00043421,H8CT05245,CT,Representative,Democrat,House,119,1/3/19,3/8/73,52,fecid,,1973,,80,"6 years, 8 months",6.67
MHeinrich.jpg,Martin,Martin,Martin,Heinrich,Heinrich,Heinrich,,Trevor,,,,H001046,,,NM,Senator,Democrat,Senate,119,1/3/13,10/17/71,53,slug,,1971,,152,"12 years, 8 months",12.67
KHern.jpg,Kevin,Kevin,Kevin,Hern,Hern,Hern,,R.,,,,H001082,N00040829,H8OK01157,OK,Representative,Republican,House,119,11/13/18,12/4/61,63,fecid,,1961,,82,"6 years, 10 months",6.83
PHernandez.jpg,Pablo,Pablo,,Hernández,Hernandez,,Jose,,,,,H001103,,,PR,Resident Commissioner,Popular Democrat,,119,,,,,,1991,,,,
JHickenlooper.jpg,John,John,John,Hickenlooper,Hickenlooper,Hickenlooper,W.,W.,,,,H000273,,S0CO00575,CO,Senator,Democrat,Senate,119,1/3/21,2/7/52,73,slug,,1952,,56,"4 years, 8 months",4.67
CHiggins.jpg,Clay,Clay,Clay,Higgins,Higgins,Higgins,,,,,,H001077,N00039953,H6LA03148,LA,Representative,Republican,House,119,1/3/17,8/24/61,64,fecid,,1961,,104,"8 years, 8 months",8.67
JHill.jpg,J. French,French,,Hill,Hill,,,,,,,H001072,,,AR,Representative,Republican,House,119,1/3/15,12/5/56,68,,,1956,,128,"10 years, 8 months",10.67
JHimes.jpg,James,James,,Himes,Himes,,A.,,,,,H001047,,,CT,Representative,Democrat,House,119,1/3/09,7/5/66,59,,,1966,,200,"16 years, 8 months",16.67
AHinson.jpg,Ashley,Ashley,,Hinson,Hinson,,,,,,,H001091,N00044521,H0IA01174,IA,Representative,Republican,House,119,1/3/21,6/27/83,42,,,1983,,56,"4 years, 8 months",4.67
MHirono.jpg,Mazie,Mazie,Mazie,Hirono,Hirono,Hirono,K.,K.,,,,H001042,,S2HI00106,HI,Senator,Democrat,Senate,119,1/3/13,11/3/47,77,slug,,1947,,152,"12 years, 8 months",12.67
JHoeven.jpg,John,John,John,Hoeven,Hoeven,Hoeven,,,,,,H001061,N00031688,S0ND00093,ND,Senator,Republican,Senate,119,1/3/11,3/13/57,68,slug,,1957,,176,"14 years, 8 months",14.67
SHorsford.jpg,Steven,Steven,Steven,Horsford,Horsford,Horsford,,Alexzander,,,,H001066,N00033638,H2NV04011,NV,Representative,Democrat,House,119,1/3/19,4/29/73,52,fecid,,1973,,80,"6 years, 8 months",6.67
EHouchin.jpg,Erin,Erin,Erin,Houchin,Houchin,Houchin,,,,,,H001093,N00037427,H6IN09143,IN,Representative,Republican,House,119,1/3/23,9/24/76,49,fecid,,1976,,32,"2 years, 8 months",2.67
CHoulahan.jpg,Chrissy,Christina,Christina,Houlahan,Houlahan,Houlahan,,Jampoler,,Chrissy,,H001085,N00040949,H8PA06087,PA,Representative,Democrat,,119,,,,fecid,,1967,,,,
SHoyer.jpg,Steny,Steny,Steny,Hoyer,Hoyer,Hoyer,H.,Hamilton,,,,H000874,,H2MD05155,MD,Representative,Democrat,House,119,5/19/81,6/14/39,86,slug,,1939,,532,"44 years, 4 months",44.33
VHoyle.jpg,Val,Val,Valerie,Hoyle,Hoyle,Hoyle,T.,,,Val,,H001094,N00049734,H2OR04095,OR,Representative,Democrat,House,119,1/3/23,2/14/64,61,fecid,,1964,,32,"2 years, 8 months",2.67
RHudson.jpg,Richard,Richard,Richard,Hudson,Hudson,Hudson,,Lane,,,Jr.,H001067,N00033630,H2NC08185,NC,Representative,Republican,House,119,1/3/13,11/4/71,53,fecid,,1971,,152,"12 years, 8 months",12.67
JHuffman.jpg,Jared,Jared,Jared,Huffman,Huffman,Huffman,,W.,,,,H001068,N00033030,H2CA06259,CA,Representative,Democrat,House,119,1/3/13,2/18/64,61,fecid,,1964,,152,"12 years, 8 months",12.67
BHuizenga.jpg,Bill,Bill,William,Huizenga,Huizenga,Huizenga,,P.,,Bill,,H001058,N00030673,H0MI02094,MI,Representative,Republican,House,119,1/3/11,1/31/69,56,fecid,,1969,,176,"14 years, 8 months",14.67
WHunt.jpg,Wesley,Wesley,Wesley,Hunt,Hunt,Hunt,,P.,,,,H001095,N00044362,H0TX07170,TX,Representative,Republican,House,119,1/3/23,11/13/81,43,fecid,,1981,,32,"2 years, 8 months",2.67
JHurd.jpg,Jeff,Jeff,,Hurd,Hurd,,,,,,,H001100,,,CO,Representative,Republican,House,119,1/3/25,8/15/79,46,,,1979,,8,8 months,0.67
JHusted.jpg,Jon,Jon,Jon,Husted,Husted,Husted,,A.,,,,H001104,,S6OH00304,OH,Senator,Republican,Senate,119,1/21/25,8/25/67,58,slug,,1967,,8,8 months,0.67
CHSmith.jpg,Cindy,Cindy,Cindy,Hyde-Smith,Hyde-Smith,Hyde-Smith,,,,,,H001079,,S8MS00261,MS,Senator,Republican,Senate,119,4/9/18,5/10/59,66,slug,,1959,,89,"7 years, 5 months",7.42
DIssa.jpg,Darrell,Darrell,Darrell,Issa,Issa,Issa,,Edward,,,,I000056,N00007017,H0CA48024,CA,Representative,Republican,House,119,1/3/21,11/1/53,71,fecid,,1953,,56,"4 years, 8 months",4.67
GIvey.jpg,Glenn,Glenn,Glenn,Ivey,Ivey,Ivey,,F.,,,,I000058,N00033749,H2MD04315,MD,Representative,Democrat,House,119,1/3/23,2/27/61,64,fecid,,1961,,32,"2 years, 8 months",2.67
BJack.jpg,Brian,Brian,Brian,Jack,Jack,Jack,,,,,,J000311,,H4GA03126,GA,Representative,Republican,House,119,1/3/25,2/17/88,37,slug,,1988,,8,8 months,0.67
JJackson.jpg,Jonathan,Jonathan,Jonathan,Jackson,Jackson,Jackson,L.,L.,,,,J000309,N00050105,H2IL01349,IL,Representative,Democrat,House,119,1/3/23,1/7/66,59,fecid,,1966,,32,"2 years, 8 months",2.67
RJackson.jpg,Ronny,Ronny,Ronny,Jackson,Jackson,Jackson,,Lynn,,,,J000304,N00046055,H0TX13228,TX,Representative,Republican,House,119,1/3/21,5/4/67,58,fecid,,1967,,56,"4 years, 8 months",4.67
SJacobs.jpg,Sara,Sara,Sara,Jacobs,Jacobs,Jacobs,,,,,,J000305,N00042081,H8CA49074,CA,Representative,Democrat,House,119,1/3/21,2/1/89,36,fecid,,1989,,56,"4 years, 8 months",4.67
JJames.jpg,John,John,John,James,James,James,,,,,,J000307,N00041550,H2MI10150,MI,Representative,Republican,House,119,1/3/23,6/8/81,44,slug,,1981,,32,"2 years, 8 months",2.67
PJayapal.jpg,Pramila,Pramila,Pramila,Jayapal,Jayapal,Jayapal,,,,,,J000298,N00038858,H6WA07458,WA,Representative,Democrat,House,119,1/3/17,9/21/65,60,fecid,,1965,,104,"8 years, 8 months",8.67
HJeffries.jpg,Hakeem,Hakeem,Hakeem,Jeffries,Jeffries,Jeffries,S.,S.,,,,J000294,N00033640,H2NY10092,NY,Representative,Democrat,House,119,1/3/13,8/4/70,55,fecid,,1970,,152,"12 years, 8 months",12.67
DJohnson.jpg,Dusty,Dustin,,Johnson,Johnson,,,,,,,J000301,N00040559,H8SD01055,SD,Representative,Republican,,119,,,,,,1976,,,,
HJohnson.jpg,Henry,Henry,Henry,Johnson,Johnson,Johnson,C.,Calvin,Hank,Hank,Jr.,J000288,,H6GA04129,GA,Representative,Democrat,House,119,1/3/07,10/2/54,70,slug,,1954,,224,"18 years, 8 months",18.67
JJohnson.jpg,Julie,Julie,Julie,Johnson,Johnson,Johnson,,,,,,J000310,,H4TX32089,TX,Representative,Democrat,House,119,1/3/25,5/2/66,59,slug,,1966,,8,8 months,0.67
MJohnson.jpg,Mike,Mike,James,Johnson,Johnson,Johnson,,Michael,,Mike,,J000299,N00039106,H6LA04138,LA,Representative,Republican,House,119,1/3/17,1/30/72,53,fecid,,1972,,104,"8 years, 8 months",8.67
RJohnson.jpg,Ron,Ron,,Johnson,Johnson,,,,,,,J000293,,,WI,Senator,Republican,Senate,119,1/3/11,4/8/55,70,,,1955,,176,"14 years, 8 months",14.67
JJordan.jpg,Jim,Jim,James,Jordan,Jordan,Jordan,,D.,,Jim,,J000289,N00027894,H6OH04082,OH,Representative,Republican,House,119,1/3/07,2/17/64,61,fecid,,1964,,224,"18 years, 8 months",18.67
DJoyce.jpg,David,David,David,Joyce,Joyce,Joyce,P.,P.,,Dave,,J000295,,H2OH14064,OH,Representative,Republican,House,119,1/3/13,3/17/57,68,slug,,1957,,152,"12 years, 8 months",12.67
JJoyce.jpg,John,John,John,Joyce,Joyce,Joyce,,,,,,J000302,N00043242,H8PA13125,PA,Representative,Republican,House,119,1/3/19,2/8/57,68,fecid,,1957,,80,"6 years, 8 months",6.67
JJustice.jpg,James,James,James,Justice,Justice,Justice,C.,Conley,,Jim,II,J000312,,,WV,Senator,Republican,Senate,119,1/14/25,4/27/51,74,slug,,1951,,8,8 months,0.67
TKaine.jpg,Tim,Timothy,,Kaine,Kaine,,,,,,,K000384,,,VA,Senator,Democrat,,119,,,,,,1958,,,,
SDove.jpg,Sydney,Sydney,Sydney,Kamlager-Dove,Kamlager-Dove,Kamlager-Dove,,K.,,,,K000400,,H2CA37304,CA,Representative,Democrat,House,119,1/3/23,7/20/72,53,slug,,1972,,32,"2 years, 8 months",2.67
MKaptur.jpg,Marcy,Marcia,Marcia,Kaptur,Kaptur,Kaptur,,Carolyn,,Marcy,,K000009,N00003522,H2OH09031,OH,Representative,Democrat,,119,,,,fecid,,1946,,,,
TKean.jpg,Thomas,Thomas,Thomas,Kean,Kean,Kean,H.,H.,,Tom,Jr.,K000398,,H0NJ07261,NJ,Representative,Republican,House,119,1/3/23,9/5/68,57,slug,,1968,,32,"2 years, 8 months",2.67
WKeating.jpg,William,William,William,Keating,Keating,Keating,R.,Richard,,Bill,,K000375,,H0MA10082,MA,Representative,Democrat,House,119,1/3/11,9/6/52,73,slug,,1952,,176,"14 years, 8 months",14.67
MEKelly.jpg,Mark,Mark,Mark,Kelly,Kelly,Kelly,E.,Edward,,,,K000377,N00044223,S0AZ00350,AZ,Senator,Democrat,Senate,119,12/2/20,2/21/64,61,slug,,1964,,57,"4 years, 9 months",4.75
MKelly.jpg,Mike,Mike,George,Kelly,Kelly,Kelly,,Joseph,,Mike,Jr.,K000376,N00031647,H0PA03271,PA,Representative,Republican,House,119,1/3/11,5/10/48,77,fecid,,1948,,176,"14 years, 8 months",14.67
RKelly.jpg,Robin,Robin,Robin,Kelly,Kelly,Kelly,L.,L.,,,,K000385,N00035215,H2IL02172,IL,Representative,Democrat,House,119,4/11/13,4/30/56,69,slug,fecid_variant_from_union,1956,,149,"12 years, 5 months",12.42
TKelly.jpg,Trent,Trent,John,Kelly,Kelly,Kelly,,Trent,,Trent,,K000388,N00037003,H6MS01131,MS,Representative,Republican,House,119,6/2/15,3/1/66,59,fecid,,1966,,123,"10 years, 3 months",10.25
JKennedy.jpg,John,John,John,Kennedy,Kennedy,Kennedy,,Neely,,,,K000393,N00026823,S4LA00065,LA,Senator,Republican,Senate,119,1/3/17,11/21/51,73,slug,,1951,,104,"8 years, 8 months",8.67
MKennedy.jpg,Mike,Mike,,Kennedy,Kennedy,,,,,,,K000403,,,UT,Representative,Republican,House,119,1/3/25,2/2/69,56,,,1969,,8,8 months,0.67
TKennedy.jpg,Timothy,Timothy,Timothy,Kennedy,Kennedy,Kennedy,M.,M.,,Tim,,K000402,,H4NY26078,NY,Representative,Democrat,,119,,,,slug,,1976,,,,
RKhanna.jpg,Ro,Ro,Rohit,Khanna,Khanna,Khanna,,,,Ro,,K000389,N00026427,H4CA12055,CA,Representative,Democrat,House,119,1/3/17,9/13/76,49,fecid,,1976,,104,"8 years, 8 months",8.67
JKiggans.jpg,Jennifer,Jennifer,Jennifer,Kiggans,Kiggans,Kiggans,A.,A.,,Jen,,K000399,,H2VA02064,VA,Representative,Republican,,119,,,,slug,,1971,,,,
KKiley.jpg,Kevin,Kevin,Kevin,Kiley,Kiley,Kiley,,,,,,K000401,N00050259,H2CA03157,CA,Representative,Republican,House,119,1/3/23,1/30/85,40,fecid,,1985,,32,"2 years, 8 months",2.67
AKim.jpg,Andy,Andy,,Kim,Kim,,,,,,,K000394,N00041370,H8NJ03206,NJ,Senator,Democrat,Senate,119,12/8/24,7/12/82,43,,,1982,,9,9 months,0.75
YKim.jpg,Young,Young,Young,Kim,Kim,Kim,,,,,,K000397,N00042386,H8CA39240,CA,Representative,Republican,House,119,1/3/21,10/18/62,62,fecid,,1962,,56,"4 years, 8 months",4.67
AKing.jpg,Angus,Angus,Angus,King,King,King,S.,Stanley,,,Jr.,K000383,,,ME,Senator,Independent,Senate,119,1/3/13,3/31/44,81,slug,,1944,,152,"12 years, 8 months",12.67
KKing.jpg,Kimberlyn,Kimberlyn,Kimberlyn,King-Hinds,King-Hinds,King-Hinds,,Kay,,,,K000404,,H4MP01022,MP,Delegate,Republican,,119,,,,slug,,1975,,,,
AKlobuchar.jpg,Amy,Amy,Amy,Klobuchar,Klobuchar,Klobuchar,,J.,,,,K000367,,,MN,Senator,Democrat,Senate,119,1/3/07,5/25/60,65,slug,,1960,,224,"18 years, 8 months",18.67
BKnott.jpg,Brad,Brad,,Knott,Knott,,,,,,,K000405,,,NC,Representative,Republican,House,119,1/3/25,4/17/86,39,,,1986,,8,8 months,0.67
RKrishnamoorthi.jpg,Raja,S.,,Krishnamoorthi,Krishnamoorthi,,,,,,,K000391,N00033240,H6IL08147,IL,Representative,Democrat,House,119,1/3/17,7/19/73,52,,,1973,,104,"8 years, 8 months",8.67
DKustoff.jpg,David,David,David,Kustoff,Kustoff,Kustoff,,,,,,K000392,N00025445,H2TN07103,TN,Representative,Republican,House,119,1/3/17,10/8/66,58,fecid,,1966,,104,"8 years, 8 months",8.67
DLaHood.jpg,Darin,Darin,Darin,LaHood,Lahood,LaHood,,McKay,,,,L000585,N00037031,H6IL18088,IL,Representative,Republican,House,119,9/17/15,7/5/68,57,fecid,,1968,,120,10 years,10
NLaLota.jpg,Nick,Nicholas,Nicholas,LaLota,LaLota,LaLota,,J.,,Nick,,L000598,N00050419,H2NY01190,NY,Representative,Republican,,119,,,,fecid,,1978,,,,
DLaMalfa.jpg,Doug,Doug,Doug,LaMalfa,Lamalfa,LaMalfa,,,,,,L000578,N00033987,H2CA02142,CA,Representative,Republican,House,119,1/3/13,7/2/60,65,fecid,,1960,,152,"12 years, 8 months",12.67
GLandsman.jpg,Greg,Greg,Greg,Landsman,Landsman,Landsman,,,,,,L000601,N00049718,H2OH01194,OH,Representative,Democrat,House,119,1/3/23,12/4/76,48,fecid,,1976,,32,"2 years, 8 months",2.67
NLangworthy.jpg,Nicholas,Nicholas,Nicholas,Langworthy,Langworthy,Langworthy,A.,A.,,Nick,,L000600,,H2NY23228,NY,Representative,Republican,,119,,,,slug,,1981,,,,
JLankford.jpg,James,James,James,Lankford,Lankford,Lankford,,Paul,,,,L000575,N00031129,S4OK00232,OK,Senator,Republican,Senate,119,1/3/15,3/4/68,57,slug,,1968,,128,"10 years, 8 months",10.67
RLarsen.jpg,Rick,Richard,Richard,Larsen,Larsen,Larsen,,Ray,,Rick,,L000560,N00009759,H0WA02080,WA,Representative,Democrat,House,119,1/3/01,6/15/65,60,fecid,,1965,,296,"24 years, 8 months",24.67
JLarson.jpg,John,John,John,Larson,Larson,Larson,B.,B.,,,,L000557,N00000575,H8CT01046,CT,Representative,Democrat,House,119,1/3/99,7/22/48,77,fecid,,1948,,320,"26 years, 8 months",26.67
GLatimer.jpg,George,George,George,Latimer,Latimer,Latimer,,Stephen,,,,L000606,,H4NY16087,NY,Representative,Democrat,House,119,1/3/25,11/22/53,71,slug,,1953,,8,8 months,0.67
RLatta.jpg,Robert,Robert,Robert,Latta,Latta,Latta,E.,Edward,,Bob,,L000566,,H8OH05036,OH,Representative,Republican,House,119,12/13/07,4/18/56,69,slug,,1956,,213,"17 years, 9 months",17.75
MLawler.jpg,Michael,Michael,Michael,Lawler,Lawler,Lawler,,Vincent,,Mike,,L000599,,H2NY17162,NY,Representative,Republican,House,119,1/3/23,9/9/86,39,slug,,1986,,32,"2 years, 8 months",2.67
LLee.jpg,Laurel,Laurel,Laurel,Lee,Lee,Lee,M.,,,,,L000597,N00051178,H2FL15241,FL,Representative,Republican,House,119,1/3/23,3/26/74,51,fecid,,1974,,32,"2 years, 8 months",2.67
MLee.jpg,Mike,Mike,Mike,Lee,Lee,Lee,,,,,,L000577,N00031696,S0UT00165,UT,Senator,Republican,Senate,119,1/3/11,6/4/71,54,slug,,1971,,176,"14 years, 8 months",14.67
SLLee.jpg,Summer,Summer,Summer,Lee,Lee,Lee,L.,Lynn,,,,L000602,N00049757,H2PA18200,PA,Representative,Democrat,House,119,1/3/23,11/26/87,37,fecid,,1987,,32,"2 years, 8 months",2.67
SLee.jpg,Susie,Susie,Susan,Lee,Lee,Lee,,Kelley,,Susie,,L000590,N00037247,H6NV04020,NV,Representative,Democrat,House,119,1/3/19,11/7/66,58,fecid,,1966,,80,"6 years, 8 months",6.67
TLegerFernandez.jpg,Teresa,Teresa,Teresa,Leger Fernandez,Leger Fernandez,Leger Fernandez,,,,,,L000273,N00044559,H0NM03102,NM,Representative,Democrat,House,119,1/3/21,7/1/59,66,fecid,,1959,,56,"4 years, 8 months",4.67
JLetlow.jpg,Julia,Julia,Julia,Letlow,Letlow,Letlow,,,,,,L000595,N00047972,H2LA05126,LA,Representative,Republican,House,119,4/14/21,3/16/81,44,fecid,,1981,,53,"4 years, 5 months",4.42
MLevin.jpg,Mike,Mike,Mike,Levin,Levin,Levin,,,,,,L000593,N00040667,H8CA49058,CA,Representative,Democrat,House,119,1/3/19,10/20/78,46,fecid,,1978,,80,"6 years, 8 months",6.67
SLiccardo.jpg,Sam,Sam,Sam,Liccardo,Liccardo,Liccardo,T.,T.,,,,L000607,,H4CA16197,CA,Representative,Democrat,House,119,1/3/25,4/16/70,55,slug,,1970,,8,8 months,0.67
TLieu.jpg,Ted,Ted,Ted,Lieu,Lieu,Lieu,,W.,,,,L000582,N00035825,H4CA33119,CA,Representative,Democrat,House,119,1/3/15,3/29/69,56,fecid,,1969,,128,"10 years, 8 months",10.67
ZLofgren.jpg,Zoe,Zoe,Zoe,Lofgren,Lofgren,Lofgren,,,,,,L000397,N00007479,H4CA16049,CA,Representative,Democrat,House,119,1/3/95,12/21/47,77,fecid,,1947,,368,"30 years, 8 months",30.67
BLoudermilk.jpg,Barry,Barry,Barry,Loudermilk,Loudermilk,Loudermilk,,D.,,,,L000583,N00035347,H4GA11061,GA,Representative,Republican,House,119,1/3/15,12/22/63,61,fecid,,1963,,128,"10 years, 8 months",10.67
FLucas.jpg,Frank,Frank,Frank,Lucas,Lucas,Lucas,D.,D.,,,,L000491,,H4OK06056,OK,Representative,Republican,House,119,5/10/94,1/6/60,65,slug,,1960,,376,"31 years, 4 months",31.33
BLujan.jpg,Ben Ray,Ben,,Luján,Lujan,,,,,,,L000570,N00029571,,NM,Senator,Democrat,Senate,119,1/3/21,6/7/72,53,,,1972,,56,"4 years, 8 months",4.67
CLummis.jpg,Cynthia,Cynthia,Cynthia,Lummis,Lummis,Lummis,M.,Marie,,,,L000571,,S0WY00137,WY,Senator,Republican,Senate,119,1/3/21,9/10/54,71,slug,,1954,,56,"4 years, 8 months",4.67
ALuna.jpg,Anna Paulina,Anna,Anna,Luna,Luna,Luna,,Paulina,,,,L000596,N00045228,H0FL13158,FL,Representative,Republican,House,119,1/3/23,5/6/89,36,fecid,,1989,,32,"2 years, 8 months",2.67
MLuttrell.jpg,Morgan,Morgan,Morgan,Luttrell,Luttrell,Luttrell,,Joe,,,,L000603,N00048776,H2TX08182,TX,Representative,Republican,House,119,1/3/23,11/7/75,49,slug,,1975,,32,"2 years, 8 months",2.67
SLynch.jpg,Stephen,Stephen,Stephen,Lynch,Lynch,Lynch,F.,F.,,,,L000562,N00013855,H2MA09072,MA,Representative,Democrat,House,119,10/16/01,3/31/55,70,fecid,,1955,,287,"23 years, 11 months",23.92
NMace.jpg,Nancy,Nancy,Nancy,Mace,Mace,Mace,,Ruth,,,,M000194,N00035670,H0SC01394,SC,Representative,Republican,House,119,1/3/21,12/4/77,47,slug,,1977,,56,"4 years, 8 months",4.67
RMackenzie.jpg,Ryan,Ryan,Ryan,Mackenzie,Mackenzie,Mackenzie,,Edward,,,,M001230,,H8PA15195,PA,Representative,Republican,House,119,1/3/25,8/3/82,43,slug,,1982,,8,8 months,0.67
SMagaziner.jpg,Seth,Seth,Seth,Magaziner,Magaziner,Magaziner,,M.,,,,M001223,N00050458,H2RI02184,RI,Representative,Democrat,House,119,1/3/23,7/22/83,42,fecid,,1983,,32,"2 years, 8 months",2.67
NMalliotakis.jpg,Nicole,Nicole,Nicole,Malliotakis,Malliotakis,Malliotakis,,,,,,M000317,N00044040,H0NY11078,NY,Representative,Republican,House,119,1/3/21,11/11/80,44,fecid,,1980,,56,"4 years, 8 months",4.67
CMaloy.jpg,Celeste,Celeste,Celeste,Maloy,Maloy,Maloy,,,,,,M001228,,H4UT02296,UT,Representative,Republican,House,119,11/28/23,5/22/81,44,slug,,1981,,22,"1 year, 10 months",1.83
TMann.jpg,Tracey,Tracey,Tracey,Mann,Mann,Mann,,Robert,,,,M000871,N00030743,H0KS01123,KS,Representative,Republican,House,119,1/3/21,12/17/76,48,fecid,,1976,,56,"4 years, 8 months",4.67
JMannion.jpg,John,John,John,Mannion,Mannion,Mannion,W.,W.,,,,M001231,,H4NY22085,NY,Representative,Democrat,House,119,1/3/25,7/8/68,57,slug,,1968,,8,8 months,0.67
EMarkey.jpg,Edward,Edward,Edward,Markey,Markey,Markey,J.,John,,Ed,,M000133,,S4MA00028,MA,Senator,Democrat,Senate,119,7/16/13,7/11/46,79,slug,,1946,,146,"12 years, 2 months",12.17
RMarshall.jpg,Roger,Roger,Roger,Marshall,Marshall,Marshall,,W.,,Doc,,M001198,,S0KS00315,KS,Senator,Republican,Senate,119,1/3/21,8/9/60,65,slug,,1960,,56,"4 years, 8 months",4.67
TMassie.jpg,Thomas,Thomas,Thomas,Massie,Massie,Massie,,H.,,,,M001184,N00034041,H2KY04121,KY,Representative,Republican,House,119,11/13/12,1/13/71,54,fecid,,1971,,154,"12 years, 10 months",12.83
BMast.jpg,Brian,Brian,Brian,Mast,Mast,Mast,J.,,,,,M001199,N00037269,H6FL18097,FL,Representative,Republican,House,119,1/3/17,7/10/80,45,fecid,,1980,,104,"8 years, 8 months",8.67
DMatsui.jpg,Doris,Doris,Doris,Matsui,Matsui,Matsui,O.,K.,,,,M001163,N00027459,H6CA05195,CA,Representative,Democrat,House,119,3/10/05,9/25/44,81,fecid,,1944,,246,"20 years, 6 months",20.5
LMcBath.jpg,Lucy,Lucy,Lucia,McBath,Mcbath,McBath,,Kay,,Lucy,,M001208,N00042813,H8GA06393,GA,Representative,Democrat,House,119,1/3/19,6/1/60,65,fecid,,1960,,80,"6 years, 8 months",6.67
SMcBride.jpg,Sarah,Sarah,Sarah,McBride,McBride,McBride,,Elizabeth,,,,M001238,,H4DE00045,DE,Representative,Democrat,House,119,1/3/25,8/9/90,35,slug,,1990,,8,8 months,0.67
MMcCaul.jpg,Michael,Michael,Michael,McCaul,McCaul,McCaul,T.,T.,,,,M001157,N00026460,H4TX10093,TX,Representative,Republican,House,119,1/3/05,1/14/62,63,slug,,1962,,248,"20 years, 8 months",20.67
LMcClain.jpg,Lisa,Lisa,Lisa,McClain,McClain,McClain,C.,,,,,M001136,N00045730,H0MI10287,MI,Representative,Republican,House,119,1/3/21,4/7/66,59,fecid,,1966,,56,"4 years, 8 months",4.67
AMcClainDelaney.jpg,April,April,April,McClain Delaney,McClain Delaney,McClain Delaney,,,,,,M001232,,H4MD06340,MD,Representative,Democrat,House,119,1/3/25,5/28/64,61,slug,,1964,,8,8 months,0.67
JMcClellan.jpg,Jennifer,Jennifer,Jennifer,McClellan,McClellan,McClellan,L.,L.,,,,M001227,,H4VA04066,VA,Representative,Democrat,House,119,3/7/23,12/28/72,52,slug,,1972,,30,"2 years, 6 months",2.5
TMcClintock.jpg,Tom,Tom,Thomas,McClintock,McClintock,McClintock,,,,Tom,,M001177,N00006863,H8CA04152,CA,Representative,Republican,House,119,1/3/09,7/10/56,69,fecid,,1956,,200,"16 years, 8 months",16.67
BMcCollum.jpg,Betty,Betty,Betty,McCollum,McCollum,McCollum,,,,,,M001143,N00012942,H0MN04049,MN,Representative,Democrat,House,119,1/3/01,7/12/54,71,fecid,,1954,,296,"24 years, 8 months",24.67
MMcConnell.jpg,Mitch,Addison,Mitch,McConnell,McConnell,McConnell,,,,,,M000355,,,KY,Senator,Republican,,119,,,,slug,,1942,,,,
DMcCormick.jpg,David,David,David,McCormick,McCormick,McCormick,,H.,,Dave,,M001243,,,PA,Senator,Republican,,119,,,,slug,,1965,,,,
RMcCormick.jpg,Richard,Rich,Richard,McCormick,McCormick,McCormick,,Dean,,Rich,,M001218,N00044520,H0GA07273,GA,Representative,Republican,House,119,1/3/23,10/7/68,56,fecid,,1968,,32,"2 years, 8 months",2.67
KRivet.jpg,Kristen,Kristen,Kristen,McDonald Rivet,McDonald Rivet,McDonald Rivet,,,,,,M001237,,H4MI08218,MI,Representative,Democrat,House,119,1/3/25,7/11/70,55,slug,,1970,,8,8 months,0.67
AMcDowell.jpg,Addison,Addison,Addison,McDowell,McDowell,McDowell,P.,Parker,,,,M001240,,H4NC06177,NC,Representative,Republican,House,119,1/3/25,1/21/94,31,slug,,1994,,8,8 months,0.67
MMcGarvey.jpg,Morgan,Morgan,Morgan,McGarvey,McGarvey,McGarvey,,,,,,M001220,N00049295,H2KY03206,KY,Representative,Democrat,House,119,1/3/23,12/23/79,45,fecid,,1979,,32,"2 years, 8 months",2.67
JMcGovern.jpg,James,James,James,McGovern,McGovern,McGovern,P.,P.,,Jim,,M000312,,H4MA03022,MA,Representative,Democrat,House,119,1/3/97,11/20/59,65,slug,,1959,,344,"28 years, 8 months",28.67
JMcGuire.jpg,John,John,John,McGuire,McGuire,McGuire,J.,J.,,,III,M001239,N00045930,H0VA07133,VA,Representative,Republican,House,119,1/3/25,8/24/68,57,slug,fecid_variant_from_union,1968,,8,8 months,0.67
LMcIver.jpg,LaMonica,LaMonica,LaMonica,McIver,McIver,McIver,,R.,,,,M001229,,H4NJ10176,NJ,Representative,Democrat,House,119,9/23/24,6/20/86,39,slug,,1986,,12,1 year,1
GMeeks.jpg,Gregory,Gregory,Gregory,Meeks,Meeks,Meeks,W.,Weldon,,,,M001137,N00001171,H8NY06048,NY,Representative,Democrat,House,119,2/5/98,9/25/53,72,fecid,,1953,,331,"27 years, 7 months",27.58
RMenendez.jpg,Robert,Robert,Robert,Menendez,Menendez,Menendez,,J.,,Rob,,M001226,,H2NJ08232,NJ,Representative,Democrat,House,119,1/3/23,7/12/85,40,slug,,1985,,32,"2 years, 8 months",2.67
GMeng.jpg,Grace,Grace,Grace,Meng,Meng,Meng,,,,,,M001188,N00034547,H2NY06116,NY,Representative,Democrat,House,119,1/3/13,10/1/75,49,fecid,,1975,,152,"12 years, 8 months",12.67
JMerkley.jpg,Jeff,Jeff,,Merkley,Merkley,,,,,,,M001176,,,OR,Senator,Democrat,Senate,119,1/3/09,10/24/56,68,,,1956,,200,"16 years, 8 months",16.67
MMessmer.jpg,Mark,Mark,Mark,Messmer,Messmer,Messmer,B.,,,,,M001233,,H4IN08249,IN,Representative,Republican,House,119,1/3/25,12/16/67,57,slug,,1967,,8,8 months,0.67
DMeuser.jpg,Daniel,Dan,Daniel,Meuser,Meuser,Meuser,,Philip,,Dan,,M001204,,H8PA10147,PA,Representative,Republican,House,119,1/3/19,2/10/64,61,slug,,1964,,80,"6 years, 8 months",6.67
KMfume.jpg,Kweisi,Kweisi,Kweisi,Mfume,Mfume,Mfume,,,,,,M000687,N00001799,H6MD07020,MD,Representative,Democrat,House,119,5/5/20,10/24/48,76,fecid,,1948,,64,"5 years, 4 months",5.33
CMiller.jpg,Carol,Carol,Carol,Miller,Miller,Miller,D.,Devine,,,,M001205,N00041542,H8WV03097,WV,Representative,Republican,House,119,1/3/19,11/4/50,74,fecid,,1950,,80,"6 years, 8 months",6.67
MEMiller.jpg,Mary,Mary,Mary,Miller,Miller,Miller,E.,,,,,M001211,N00045703,H0IL15129,IL,Representative,Republican,House,119,1/3/21,8/27/59,66,fecid,,1959,,56,"4 years, 8 months",4.67
MMiller.jpg,Max,Max,Max,Miller,Miller,Miller,L.,,,,,M001222,N00048277,H2OH16051,OH,Representative,Republican,House,119,1/3/23,11/13/88,36,fecid,,1988,,32,"2 years, 8 months",2.67
MMeeks.jpg,Mariannette,Mariannette,Mariannette,Miller-Meeks,Miller-Meeks,Miller-Meeks,,Jane,,,,M001215,N00029495,H8IA02043,IA,Representative,Republican,House,119,1/3/21,9/6/55,70,fecid,,1955,,56,"4 years, 8 months",4.67
CMills.jpg,Cory,Cory,Cory,Mills,Mills,Mills,,Lee,,,,M001216,N00048179,H2FL07156,FL,Representative,Republican,House,119,1/3/23,7/13/80,45,fecid,,1980,,32,"2 years, 8 months",2.67
DMin.jpg,Dave,Dave,Dave,Min,Min,Min,,,,,,M001241,,H4CA47085,CA,Representative,Democrat,House,119,1/3/25,3/5/76,49,slug,,1976,,8,8 months,0.67
AMoody.jpg,Ashley,Ashley,Ashley,Moody,Moody,Moody,,,,,,M001244,,S6FL00640,FL,Senator,Republican,Senate,119,1/21/25,3/28/75,50,slug,,1975,,8,8 months,0.67
JMoolenaar.jpg,John,John,John,Moolenaar,Moolenaar,Moolenaar,R.,R.,,,,M001194,N00036275,H4MI04126,MI,Representative,Republican,House,119,1/3/15,5/8/61,64,fecid,,1961,,128,"10 years, 8 months",10.67
BFMoore.jpg,Barry,Barry,Felix,Moore,Moore,,,,Felix,,,M001212,N00041295,H8AL02171,AL,Representative,Republican,House,119,1/3/21,9/26/66,59,,,1966,,56,"4 years, 8 months",4.67
BDMoore.jpg,Blake,Blake,Blake,Moore,Moore,Moore,D.,David,,,,M001213,N00046598,H0UT01205,UT,Representative,Republican,House,119,1/3/21,6/22/80,45,fecid,,1980,,56,"4 years, 8 months",4.67
GMoore.jpg,Gwen,Gwendolynne,Gwendolynne,Moore,Moore,Moore,,S.,,Gwen,,M001160,N00026914,H4WI04183,WI,Representative,Democrat,,119,,,,fecid,,1951,,,,
RMoore.jpg,Riley,Riley,Riley,Moore,Moore,Moore,M.,McGowan,,,,M001235,,H4WV02205,WV,Representative,Republican,House,119,1/3/25,7/1/80,45,slug,,1980,,8,8 months,0.67
TMoore.jpg,Tim,Tim,,Moore,Moore,,,,,,,M001236,,,NC,Representative,Republican,House,119,1/3/25,10/2/70,54,,,1970,,8,8 months,0.67
JMoran.jpg,Jerry,Jerry,Jerry,Moran,Moran,Moran,,,,,,M000934,N00005282,S0KS00091,KS,Senator,Republican,Senate,119,1/3/11,5/29/54,71,slug,,1954,,176,"14 years, 8 months",14.67
NMoran.jpg,Nathaniel,Nathaniel,Nathaniel,Moran,Moran,Moran,,Quentin,,,,M001224,N00049775,H2TX01112,TX,Representative,Republican,House,119,1/3/23,9/23/74,51,fecid,,1974,,32,"2 years, 8 months",2.67
JMorelle.jpg,Joseph,Joseph,Joseph,Morelle,Morelle,Morelle,D.,D.,,Joe,,M001206,,H8NY25105,NY,Representative,Democrat,House,119,11/13/18,4/29/57,68,slug,,1957,,82,"6 years, 10 months",6.83
BMoreno.jpg,Bernie,Bernardo,Bernie,Moreno,Moreno,Moreno,,,,,,M001242,N00048437,S2OH00386,OH,Senator,Republican,,119,,,,slug,,1967,,,,
KMorrison.jpg,Kelly,Kelly,Kelly,Morrison,Morrison,Morrison,,Louise,,,,M001234,,H4MN03118,MN,Representative,Democrat,House,119,1/3/25,2/2/69,56,slug,,1969,,8,8 months,0.67
JMoskowitz.jpg,Jared,Jared,Jared,Moskowitz,Moskowitz,Moskowitz,,E.,,,,M001217,N00050596,H2FL22171,FL,Representative,Democrat,House,119,1/3/23,12/18/80,44,fecid,,1980,,32,"2 years, 8 months",2.67
SMoulton.jpg,Seth,Seth,Seth,Moulton,Moulton,Moulton,,W.,,,,M001196,N00035431,H4MA06090,MA,Representative,Democrat,House,119,1/3/15,10/24/78,46,fecid,,1978,,128,"10 years, 8 months",10.67
JMoylan.jpg,James,James,James,Moylan,Moylan,Moylan,C.,C.,,Jim,,M001219,,H2GU01031,GU,Delegate,Republican,,119,,,,slug,,1962,,,,
FMrvan.jpg,Frank,Frank,Frank,Mrvan,Mrvan,Mrvan,J.,J.,,,,M001214,,H0IN01150,IN,Representative,Democrat,House,119,1/3/21,4/16/69,56,slug,,1969,,56,"4 years, 8 months",4.67
KMullin.jpg,Kevin,Kevin,Kevin,Mullin,Mullin,Mullin,,,,,,M001225,N00049438,H2CA14162,CA,Representative,Democrat,House,119,1/3/23,6/15/70,55,fecid,,1970,,32,"2 years, 8 months",2.67
MMullin.jpg,Markwayne,Markwayne,Markwayne,Mullin,Mullin,Mullin,,,,,,M001190,N00033410,S2OK00186,OK,Senator,Republican,Senate,119,1/3/23,7/26/77,48,fecid,,1977,,32,"2 years, 8 months",2.67
LMurkowski.jpg,Lisa,Lisa,Lisa,Murkowski,Murkowski,Murkowski,,,,,,M001153,N00026050,S4AK00099,AK,Senator,Republican,Senate,119,12/20/02,5/22/57,68,slug,,1957,,273,"22 years, 9 months",22.75
CMurphy.jpg,Christopher,Christopher,Christopher,Murphy,Murphy,Murphy,,Scott,,Chris,,M001169,,,CT,Senator,Democrat,Senate,119,1/3/13,8/3/73,52,slug,,1973,,152,"12 years, 8 months",12.67
GMurphy.jpg,Gregory,Gregory,Gregory,Murphy,Murphy,Murphy,F.,Francis,,Greg,,M001210,,H0NC03172,NC,Representative,Republican,,119,,,,slug,,1963,,,,
PMurray.jpg,Patty,Patty,,Murray,Murray,,,,,,,M001111,N00007876,S2WA00189,WA,Senator,Democrat,Senate,119,1/3/93,10/11/50,74,,,1950,,392,"32 years, 8 months",32.67
JNadler.jpg,Jerrold,Jerrold,Jerrold,Nadler,Nadler,Nadler,,Lewis,,Jerry,,N000002,N00000939,H2NY17071,NY,Representative,Democrat,,119,,,,slug,,1947,,,,
RNeal.jpg,Richard,Richard,Richard,Neal,Neal,Neal,E.,E.,,,,N000015,,H8MA02041,MA,Representative,Democrat,House,119,1/3/89,2/14/49,76,slug,,1949,,440,"36 years, 8 months",36.67
JNeguse.jpg,Joe,Joseph,,Neguse,Neguse,,,,,,,N000191,,,CO,Representative,Democrat,House,119,1/3/19,5/13/84,41,,,1984,,80,"6 years, 8 months",6.67
TNehls.jpg,Troy,Troy,Troy,Nehls,Nehls,Nehls,E.,E.,,,,N000026,N00046067,H0TX22302,TX,Representative,Republican,House,119,1/3/21,4/7/68,57,fecid,,1968,,56,"4 years, 8 months",4.67
DNewhouse.jpg,Dan,Daniel,Daniel,Newhouse,Newhouse,Newhouse,,Milton,,Dan,,N000189,N00036403,H4WA04104,WA,Representative,Republican,House,119,1/3/15,7/10/55,70,fecid,,1955,,128,"10 years, 8 months",10.67
DNorcross.jpg,Donald,Donald,Donald,Norcross,Norcross,Norcross,,W.,,,,N000188,,H4NJ01084,NJ,Representative,Democrat,House,119,11/12/14,12/13/58,66,slug,,1958,,130,"10 years, 10 months",10.83
RNorman.jpg,Ralph,Ralph,Ralph,Norman,Norman,Norman,,W.,,,Jr.,N000190,N00027783,H8SC05158,SC,Representative,Republican,House,119,6/20/17,6/20/53,72,slug,,1953,,99,"8 years, 3 months",8.25
ENorton.jpg,Eleanor Holmes,Eleanor,Eleanor,Norton,Norton,Norton,,Holmes,,,,N000147,N00001692,H0DC00058,DC,Delegate,Democrat,,119,,,,fecid,,1937,,,,
ZNunn.jpg,Zachary,Zach,,Nunn,Nunn,,,,,,,N000193,,,IA,Representative,Republican,House,119,1/3/23,5/4/79,46,,,1979,,32,"2 years, 8 months",2.67
JObernolte.jpg,Jay,Jay,Jay,Obernolte,Obernolte,Obernolte,,,,,,O000019,N00045377,H0CA08135,CA,Representative,Republican,House,119,1/3/21,8/18/70,55,fecid,,1970,,56,"4 years, 8 months",4.67
AOCortez.jpg,Alexandria,Alexandria,Alexandria,Ocasio-Cortez,Ocasio-Cortez,Ocasio-Cortez,,,,,,O000172,N00041162,H8NY15148,NY,Representative,Democrat,House,119,1/3/19,10/13/89,35,fecid,,1989,,80,"6 years, 8 months",6.67
AOgles.jpg,Andrew,Andy,,Ogles,Ogles,,,,,,,O000175,,,TN,Representative,Republican,House,119,1/3/23,6/18/71,54,,,1971,,32,"2 years, 8 months",2.67
JOlszewski.jpg,Johnny,Johnny,,Olszewski,Olszewski,,,,,,,O000176,,,MD,Representative,Democrat,House,119,1/3/25,9/10/82,43,,,1982,,8,8 months,0.67
IOmar.jpg,Ilhan,Ilhan,Ilhan,Omar,Omar,Omar,,,,,,O000173,N00043581,H8MN05239,MN,Representative,Democrat,House,119,1/3/19,10/4/82,42,fecid,,1982,,80,"6 years, 8 months",6.67
ROnder.jpg,Robert,Robert,Robert,Onder,Onder,Onder,F.,Frank,,Bob,Jr.,O000177,,H8MO09146,MO,Representative,Republican,House,119,1/3/25,1/6/62,63,slug,,1962,,8,8 months,0.67
JOssoff.jpg,Jon,Thomas,,Ossoff,Ossoff,,,,,,,O000174,,,GA,Senator,Democrat,,119,,,,,,1987,,,,
BOwens.jpg,Burgess,Burgess,Burgess,Owens,Owens,Owens,,,,,,O000086,N00045812,H0UT04076,UT,Representative,Republican,House,119,1/3/21,8/2/51,74,fecid,,1951,,56,"4 years, 8 months",4.67
APadilla.jpg,Alex,Alejandro,Alex,Padilla,Padilla,Padilla,,,,,,P000145,N00047888,S2CA00955,CA,Senator,Democrat,,119,,,,slug,,1973,,,,
FPallone.jpg,Frank,Frank,Frank,Pallone,Pallone,Pallone,,,,,Jr.,P000034,,H8NJ03073,NJ,Representative,Democrat,House,119,11/8/88,10/30/51,73,slug,,1951,,442,"36 years, 10 months",36.83
GPalmer.jpg,Gary,Gary,Gary,Palmer,Palmer,Palmer,J.,,,,,P000609,N00035691,H4AL06098,AL,Representative,Republican,House,119,1/3/15,5/14/54,71,fecid,,1954,,128,"10 years, 8 months",10.67
JPanetta.jpg,Jimmy,James,James,Panetta,Panetta,Panetta,,Varni,,Jimmy,,P000613,N00038601,H6CA20152,CA,Representative,Democrat,House,119,1/3/17,10/1/69,55,fecid,,1969,,104,"8 years, 8 months",8.67
CPappas.jpg,Chris,Chris,,Pappas,Pappas,,,,,,,P000614,N00042161,H8NH01210,NH,Representative,Democrat,House,119,1/3/19,6/4/80,45,,,1980,,80,"6 years, 8 months",6.67
JPatronis.jpg,Jimmy,Jimmy,Jimmy,Patronis,Patronis,Patronis,,,,,Jr.,P000622,,,FL,Representative,Republican,House,119,4/2/25,4/13/72,53,slug,,1972,,5,5 months,0.42
RPaul.jpg,Rand,Rand,Rand,Paul,Paul,Paul,,,,,,P000603,N00030836,S0KY00156,KY,Senator,Republican,Senate,119,1/3/11,1/7/63,62,slug,,1963,,176,"14 years, 8 months",14.67
NPelosi.jpg,Nancy,Nancy,Nancy,Pelosi,Pelosi,Pelosi,,,,,,P000197,N00007360,H8CA05035,CA,Representative,Democrat,House,119,6/2/87,3/26/40,85,fecid,,1940,,459,"38 years, 3 months",38.25
MPerez.jpg,Marie Gluesenkamp,Marie,Marie,Perez,Perez,Gluesenkamp Perez,,,,,,G000600,N00050490,H2WA03217,WA,Representative,Democrat,House,119,1/3/23,6/6/88,37,fecid,,1988,,32,"2 years, 8 months",2.67
SPerry.jpg,Scott,Scott,Scott,Perry,Perry,Perry,,G.,,,,P000605,N00034120,H2PA04135,PA,Representative,Republican,House,119,1/3/13,5/27/62,63,fecid,,1962,,152,"12 years, 8 months",12.67
GPeters.jpg,Gary,Gary,Gary,Peters,Peters,Peters,C.,C.,,,,P000595,,,MI,Senator,Democrat,Senate,119,1/3/15,12/1/58,66,slug,,1958,,128,"10 years, 8 months",10.67
SPeters.jpg,Scott,Scott,Scott,Peters,Peters,Peters,H.,,,,,P000608,N00033591,H2CA52089,CA,Representative,Democrat,House,119,1/3/13,6/17/58,67,fecid,,1958,,152,"12 years, 8 months",12.67
BPettersen.jpg,Brittany,Brittany,Brittany,Pettersen,Pettersen,Pettersen,,Louise,,,,P000620,N00040878,H8CO07045,CO,Representative,Democrat,House,119,1/3/23,12/6/81,43,fecid,,1981,,32,"2 years, 8 months",2.67
APfluger.jpg,August,August,August,Pfluger,Pfluger,Pfluger,,Lee,,,II,P000048,N00045421,H0TX11230,TX,Representative,Republican,House,119,1/3/21,12/28/78,46,fecid,,1977,,56,"4 years, 8 months",4.67
CPingree.jpg,Chellie,Chellie,Chellie,Pingree,Pingree,Pingree,,M.,,,,P000597,N00013817,H8ME01120,ME,Representative,Democrat,House,119,1/3/09,4/2/55,70,fecid,,1955,,200,"16 years, 8 months",16.67
SPlaskett.jpg,Stacey,Stacey,Stacey,Plaskett,Plaskett,Plaskett,E.,E.,,,,P000610,N00035000,H2VI00082,VI,Delegate,Democrat,,119,,,,fecid,,1966,,,,
MPocan.jpg,Mark,Mark,Mark,Pocan,Pocan,Pocan,,,,,,P000607,N00033549,H2WI02124,WI,Representative,Democrat,House,119,1/3/13,8/14/64,61,fecid,,1964,,152,"12 years, 8 months",12.67
NPou.jpg,Nellie,Nellie,,Pou,Pou,,,,,,,P000621,,,NJ,Representative,Democrat,House,119,1/3/25,5/20/56,69,,,1956,,8,8 months,0.67
APressley.jpg,Ayanna,Ayanna,Ayanna,Pressley,Pressley,Pressley,,S.,,,,P000617,N00042581,H8MA07032,MA,Representative,Democrat,House,119,1/3/19,2/3/74,51,fecid,,1974,,80,"6 years, 8 months",6.67
MQuigley.jpg,Mike,Mike,Mike,Quigley,Quigley,Quigley,,,,,,Q000023,N00030581,H0IL05096,IL,Representative,Democrat,House,119,4/7/09,10/17/58,66,fecid,,1958,,197,"16 years, 5 months",16.42
ARadewagen.jpg,Aumua Amata Coleman,Aumua,Aumua,Radewagen,Radewagen,Amata Coleman Radewagen,,,,,,R000600,,H4AS00036,AS,Delegate,Republican,,119,,,,slug,,1947,,,,
DRamirez.jpg,Delia,Delia,Delia,Ramirez,Ramirez,Ramirez,C.,C.,,,,R000617,N00049548,H2IL03162,IL,Representative,Democrat,House,119,1/3/23,6/2/83,42,fecid,,1983,,32,"2 years, 8 months",2.67
ERandall.jpg,Emily,Emily,Emily,Randall,Randall,Randall,,,,,,R000621,,H4WA06117,WA,Representative,Democrat,House,119,1/3/25,10/3/85,39,slug,,1985,,8,8 months,0.67
JRaskin.jpg,Jamie,Jamie,Jamin,Raskin,Raskin,Raskin,,B.,,Jamie,,R000606,N00037036,H6MD08457,MD,Representative,Democrat,House,119,1/3/17,12/13/62,62,fecid,,1962,,104,"8 years, 8 months",8.67
JReed.jpg,Jack,John,,Reed,Reed,,,,,,,R000122,,,RI,Senator,Democrat,,119,,,,,,1949,,,,
GReschenthaler.jpg,Guy,Guy,Guy,Reschenthaler,Reschenthaler,Reschenthaler,,L.,,,,R000610,N00041871,H8PA18199,PA,Representative,Republican,House,119,1/3/19,4/17/83,42,fecid,,1983,,80,"6 years, 8 months",6.67
PRicketts.jpg,Pete,John,Pete,Ricketts,Ricketts,Ricketts,,,,,,R000618,,S6NE00129,NE,Senator,Republican,,119,,,,slug,,1964,,,,
JRiley.jpg,Josh,Josh,Josh,Riley,Riley,Riley,,,,,,R000622,N00049916,H8NY22177,NY,Representative,Democrat,House,119,1/3/25,1/21/81,44,fecid,,1981,,8,8 months,0.67
JRisch.jpg,James,James,James,Risch,Risch,Risch,E.,E.,,Jim,,R000584,,S8ID00092,ID,Senator,Republican,Senate,119,1/3/09,5/3/43,82,slug,,1943,,200,"16 years, 8 months",16.67
LRivas.jpg,Luz,Luz,Luz,Rivas,Rivas,Rivas,M.,Maria,,,,R000620,,H4CA29141,CA,Representative,Democrat,House,119,1/3/25,2/6/74,51,slug,,1974,,8,8 months,0.67
HRogers.jpg,Harold,Harold,Harold,Rogers,Rogers,Rogers,,Dallas,,Hal,,R000395,,H0KY05015,KY,Representative,Republican,,119,,,,slug,,1937,,,,
MRogers.jpg,Mike,Michael,,Rogers,Rogers,,D.,,,,,R000575,,,AL,Representative,Republican,House,119,1/3/03,7/16/58,67,,,1958,,272,"22 years, 8 months",22.67
JRose.jpg,John,John,John,Rose,Rose,Rose,W.,W.,,,,R000612,N00041599,H8TN06094,TN,Representative,Republican,House,119,1/3/19,2/23/65,60,slug,,1965,,80,"6 years, 8 months",6.67
JRosen.jpg,Jacky,Jacklyn,,Rosen,Rosen,,,,,,,R000608,,,NV,Senator,Democrat,Senate,119,1/3/19,8/2/57,68,,,1957,,80,"6 years, 8 months",6.67
DRoss.jpg,Deborah,Deborah,Deborah,Ross,Ross,Ross,K.,Koff,,,,R000305,N00038565,H0NC02125,NC,Representative,Democrat,House,119,1/3/21,6/20/63,62,fecid,,1963,,56,"4 years, 8 months",4.67
MRounds.jpg,Mike,Marion,,Rounds,Rounds,,,,,,,R000605,,,SD,Senator,Republican,,119,,,,,,1954,,,,
DRouzer.jpg,David,David,David,Rouzer,Rouzer,Rouzer,,Cheston,,,,R000603,N00033527,H2NC07096,NC,Representative,Republican,House,119,1/3/15,2/16/72,53,fecid,,1972,,128,"10 years, 8 months",10.67
CRoy.jpg,Chip,Charles,Chip,Roy,Roy,Roy,,,,,,R000614,N00042268,H8TX21307,TX,Representative,Republican,,119,,,,slug,,1972,,,,
MRubio.jpg,Marco,Marco,,Rubio,Rubio,,,,,,,R000595,N00030612,S0FL00338,FL,Senator,Republican,Senate,119,,,,,,1971,,,,
RRuiz.jpg,Raul,Raul,Raul,Ruiz,Ruiz,Ruiz,,,,,,R000599,N00033510,H2CA36439,CA,Representative,Democrat,House,119,1/3/13,8/25/72,53,fecid,,1972,,152,"12 years, 8 months",12.67
MRulli.jpg,Michael,Michael,Michael,Rulli,Rulli,Rulli,A.,A.,,,,R000619,,H4OH06165,OH,Representative,Republican,House,119,6/25/24,3/11/69,56,slug,,1969,,15,"1 year, 3 months",1.25
JRutherford.jpg,John,John,John,Rutherford,Rutherford,Rutherford,H.,H.,,,,R000609,N00039777,H6FL04105,FL,Representative,Republican,House,119,1/3/17,9/2/52,73,fecid,,1952,,104,"8 years, 8 months",8.67
PRyan.jpg,Patrick,Patrick,Patrick,Ryan,Ryan,Ryan,,K.,,Pat,,R000579,,H8NY19223,NY,Representative,Democrat,House,119,9/13/22,3/28/82,43,slug,,1982,,36,3 years,3
MSalazar.jpg,Maria Elvira,Maria,,Salazar,Salazar,,,,,,,S000168,,,FL,Representative,Republican,House,119,1/3/21,11/1/61,63,,,1961,,56,"4 years, 8 months",4.67
ASalinas.jpg,Andrea,Andrea,Andrea,Salinas,Salinas,Salinas,,,,,,S001226,N00049738,H2OR06066,OR,Representative,Democrat,House,119,1/3/23,12/6/69,55,fecid,,1969,,32,"2 years, 8 months",2.67
LSanchez.jpg,Linda,Linda,Linda,Sánchez,Sanchez,Sánchez,T.,T.,,,,S001156,N00024870,H2CA39078,CA,Representative,Democrat,House,119,1/3/03,1/28/69,56,fecid,,1969,,272,"22 years, 8 months",22.67
BSanders.jpg,Bernard,Bernard,Bernard,Sanders,Sanders,Sanders,,,,Bernie,,S000033,,,VT,Senator,Independent,,119,,,,slug,,1941,,,,
SScalise.jpg,Steve,Steve,Stephen,Scalise,Scalise,Scalise,,J.,,Steve,,S001176,N00009660,H0LA01087,LA,Representative,Republican,House,119,5/3/08,10/6/65,59,fecid,,1965,,208,"17 years, 4 months",17.33
MScanlon.jpg,Mary Gay,Mary,Mary,Scanlon,Scanlon,Scanlon,,Gay,,,,S001205,N00042706,H8PA07200,PA,Representative,Democrat,House,119,11/13/18,8/30/59,66,fecid,,1959,,82,"6 years, 10 months",6.83
JSchakowsky.jpg,Janice,Janice,Janice,Schakowsky,Schakowsky,Schakowsky,D.,D.,,Jan,,S001145,,,IL,Representative,Democrat,House,119,1/3/99,5/26/44,81,slug,,1944,,320,"26 years, 8 months",26.67
BSchatz.jpg,Brian,Brian,Brian,Schatz,Schatz,Schatz,,Emanuel,,,,S001194,N00028138,S4HI00136,HI,Senator,Democrat,Senate,119,12/26/12,10/20/72,52,slug,,1972,,153,"12 years, 9 months",12.75
ASchiff.jpg,Adam,Adam,Adam,Schiff,Schiff,Schiff,B.,B.,,,,S001150,N00009585,H0CA27085,CA,Senator,Democrat,Senate,119,12/8/24,6/22/60,65,slug,,1960,,9,9 months,0.75
DSchmidt.jpg,Derek,Derek,Derek,Schmidt,Schmidt,Schmidt,,,,,,S001228,,H4KS02164,KS,Representative,Republican,House,119,1/3/25,1/23/68,57,slug,,1968,,8,8 months,0.67
ESchmitt.jpg,Eric,Eric,Eric,Schmitt,Schmitt,Schmitt,,S.,,,,S001227,N00048414,S2MO00544,MO,Senator,Republican,Senate,119,1/3/23,6/20/75,50,slug,,1975,,32,"2 years, 8 months",2.67
BSchneider.jpg,Bradley Scott,Brad,,Schneider,Schneider,,,,,,,S001190,,,IL,Representative,Democrat,House,119,1/3/17,8/20/61,64,,,1961,,104,"8 years, 8 months",8.67
HScholten.jpg,Hillary,Hillary,Hillary,Scholten,Scholten,Scholten,J.,,,,,S001221,N00044885,H0MI03316,MI,Representative,Democrat,House,119,1/3/23,2/22/82,43,fecid,,1982,,32,"2 years, 8 months",2.67
KSchrier.jpg,Kim,Kim,Kim,Schrier,Schrier,Schrier,,,,,,S001216,N00041606,H8WA08189,WA,Representative,Democrat,House,119,1/3/19,8/23/68,57,fecid,,1968,,80,"6 years, 8 months",6.67
CSchumer.jpg,Charles,Charles,Charles,Schumer,Schumer,Schumer,E.,E.,Chuck,Chuck,,S000148,,,NY,Senator,Democrat,Senate,119,1/3/99,11/23/50,74,slug,,1950,,320,"26 years, 8 months",26.67
DSchweikert.jpg,David,David,David,Schweikert,Schweikert,Schweikert,,S.,,,,S001183,N00006460,H4AZ06045,AZ,Representative,Republican,House,119,1/3/11,3/3/62,63,slug,,1962,,176,"14 years, 8 months",14.67
AScott.jpg,Austin,Austin,James,Scott,Scott,Scott,,Austin,,Austin,,S001189,N00032457,H0GA08099,GA,Representative,Republican,House,119,1/3/11,12/10/69,55,fecid,,1969,,176,"14 years, 8 months",14.67
DScott.jpg,David,David,David,Scott,Scott,Scott,,Albert,,,,S001157,N00024871,H2GA13012,GA,Representative,Democrat,House,119,1/3/03,6/27/45,80,fecid,,1945,,272,"22 years, 8 months",22.67
RScott.jpg,Rick,Richard,,Scott,Scott,,,,,,,S001217,,,FL,Senator,Republican,Senate,119,1/8/19,12/1/52,72,,,1952,,80,"6 years, 8 months",6.67
RCScott.jpg,Robert,Robert,Robert,Scott,Scott,Scott,C.,Cortez,Bobby,Bobby,,S000185,,H6VA01117,VA,Representative,Democrat,House,119,1/3/93,4/30/47,78,slug,,1947,,392,"32 years, 8 months",32.67
TScott.jpg,Tim,Tim,,Scott,Scott,,,,,,,S001184,N00031782,S4SC00240,SC,Senator,Republican,Senate,119,1/2/13,9/19/65,60,,,1965,,152,"12 years, 8 months",12.67
KSelf.jpg,Keith,Keith,Keith,Self,Self,Self,,Alan,,,,S001224,N00049337,H2TX03290,TX,Representative,Republican,House,119,1/3/23,3/20/53,72,fecid,,1953,,32,"2 years, 8 months",2.67
PSessions.jpg,Pete,Pete,Peter,Sessions,Sessions,Sessions,,Andrew,,Pete,,S000250,N00005681,H2TX03126,TX,Representative,Republican,House,119,1/3/21,3/22/55,70,fecid,,1955,,56,"4 years, 8 months",4.67
TSewell.jpg,Terri,Terri,Terrycina,Sewell,Sewell,Sewell,A.,Andrea,,Terri,,S001185,N00030622,H0AL07086,AL,Representative,Democrat,House,119,1/3/11,1/1/65,60,fecid,,1965,,176,"14 years, 8 months",14.67
JShaheen.jpg,Jeanne,Jeanne,Jeanne,Shaheen,Shaheen,Shaheen,,,,,,S001181,,,NH,Senator,Democrat,Senate,119,1/3/09,1/28/47,78,slug,,1947,,200,"16 years, 8 months",16.67
TSheehy.jpg,Tim,Timothy,Tim,Sheehy,Sheehy,Sheehy,Patrick,,,,,S001232,,S4MT00183,MT,Senator,Republican,,119,,,,slug,,1985,,,,
BSherman.jpg,Brad,Brad,Brad,Sherman,Sherman,Sherman,,,,,,S000344,N00006897,H6CA24113,CA,Representative,Democrat,House,119,1/3/97,10/24/54,70,fecid,,1954,,344,"28 years, 8 months",28.67
MSherrill.jpg,Mikie,Mikie,Rebecca,Sherrill,Sherrill,Sherrill,,Michelle,,Mikie,,S001207,N00041154,H8NJ11142,NJ,Representative,Democrat,House,119,1/3/19,1/19/72,53,fecid,,1972,,80,"6 years, 8 months",6.67
JShreve.jpg,Jefferson,Jefferson,Jefferson,Shreve,Shreve,Shreve,,,,,,S001229,,H4IN06185,IN,Representative,Republican,House,119,1/3/25,9/24/65,60,slug,,1965,,8,8 months,0.67
LSimon.jpg,Lateefah,Lateefah,Lateefah,Simon,Simon,Simon,,,,,,S001231,,H4CA12154,CA,Representative,Democrat,House,119,1/3/25,1/29/77,48,slug,,1977,,8,8 months,0.67
MSimpson.jpg,Michael,Michael,Michael,Simpson,Simpson,Simpson,K.,Keith,,Mike,,S001148,,H8ID02064,ID,Representative,Republican,House,119,1/3/99,9/8/50,75,slug,,1950,,320,"26 years, 8 months",26.67
ESlotkin.jpg,Elissa,Elissa,Elissa,Slotkin,Slotkin,Slotkin,,,,,,S001208,N00041357,H8MI08102,MI,Senator,Democrat,Senate,119,1/3/25,7/10/76,49,slug,,1976,,8,8 months,0.67
DASmith.jpg,Adam,Adam,David,Smith,Smith,Smith,,Adam,,Adam,,S000510,N00007833,H6WA09025,WA,Representative,Democrat,House,119,1/3/97,6/15/65,60,fecid,,1965,,344,"28 years, 8 months",28.67
ASmith.jpg,Adrian,Adrian,Adrian,Smith,Smith,Smith,,M.,,,,S001172,N00027623,H6NE03115,NE,Representative,Republican,House,119,1/3/07,12/19/70,54,fecid,,1970,,224,"18 years, 8 months",18.67
CSmith.jpg,Christopher,Christopher,Christopher,Smith,Smith,Smith,H.,Henry,,Chris,,S000522,,H8NJ04014,NJ,Representative,Republican,House,119,1/3/81,3/4/53,72,slug,,1953,,536,"44 years, 8 months",44.67
JSmith.jpg,Jason,Jason,Jason,Smith,Smith,Smith,,T.,,,,S001195,N00035282,H4MO08162,MO,Representative,Republican,House,119,6/4/13,6/16/80,45,fecid,,1980,,147,"12 years, 3 months",12.25
TSmith.jpg,Tina,Tina,Tina,Smith,Smith,Smith,,Flint,,,,S001203,,,MN,Senator,Democrat,Senate,119,1/3/18,3/4/58,67,slug,,1958,,92,"7 years, 8 months",7.67
LSmucker.jpg,Lloyd,Lloyd,Lloyd,Smucker,Smucker,Smucker,,K.,,,,S001199,N00038781,H6PA16320,PA,Representative,Republican,House,119,1/3/17,1/23/64,61,fecid,,1964,,104,"8 years, 8 months",8.67
ESorensen.jpg,Eric,Eric,Eric,Sorensen,Sorensen,Sorensen,,,,,,S001225,N00049558,H2IL17147,IL,Representative,Democrat,House,119,1/3/23,3/18/76,49,fecid,,1976,,32,"2 years, 8 months",2.67
DSoto.jpg,Darren,Darren,Darren,Soto,Soto,Soto,,,,,,S001200,N00037422,H6FL09179,FL,Representative,Democrat,House,119,1/3/17,2/25/78,47,fecid,,1978,,104,"8 years, 8 months",8.67
VSpartz.jpg,Victoria,Victoria,Victoria,Spartz,Spartz,Spartz,,,,,,S000929,N00046537,H0IN05326,IN,Representative,Republican,House,119,1/3/21,10/6/78,46,fecid,,1978,,56,"4 years, 8 months",4.67
MStansbury.jpg,Melanie,Melanie,Melanie,Stansbury,Stansbury,Stansbury,A.,Ann,,,,S001218,N00047871,H2NM01144,NM,Representative,Democrat,House,119,6/14/21,1/31/79,46,fecid,,1979,,51,"4 years, 3 months",4.25
GStanton.jpg,Greg,Greg,Greg,Stanton,Stanton,Stanton,,,,,,S001211,N00041750,H8AZ09040,AZ,Representative,Democrat,House,119,1/3/19,3/8/70,55,fecid,,1970,,80,"6 years, 8 months",6.67
PStauber.jpg,Pete,Peter,Peter,Stauber,Stauber,Stauber,,Allen,,Pete,,S001212,N00041511,H8MN08043,MN,Representative,Republican,House,119,1/3/19,5/10/66,59,fecid,,1966,,80,"6 years, 8 months",6.67
EStefanik.jpg,Elise,Elise,Elise,Stefanik,Stefanik,Stefanik,M.,M.,,,,S001196,N00035523,H4NY21079,NY,Representative,Republican,House,119,1/3/15,7/2/84,41,fecid,,1984,,128,"10 years, 8 months",10.67
BSteil.jpg,Bryan,Bryan,Bryan,Steil,Steil,Steil,,George,,,,S001213,N00043379,H8WI01156,WI,Representative,Republican,House,119,1/3/19,3/3/81,44,fecid,,1981,,80,"6 years, 8 months",6.67
WSteube.jpg,W. Gregory,William,Gregory,Steube,Steube,,Gregory,,Greg,,,S001214,,,FL,Representative,Republican,,119,,5/19/78,47,,,1978,,,,
HStevens.jpg,Haley,Haley,Haley,Stevens,Stevens,Stevens,M.,,,,,S001215,N00040915,H8MI11254,MI,Representative,Democrat,House,119,1/3/19,6/24/83,42,slug,fecid_variant_from_union,1983,,80,"6 years, 8 months",6.67
MStrickland.jpg,Marilyn,Marilyn,Marilyn,Strickland,Strickland,Strickland,,,,,,S001159,N00046320,H0WA10034,WA,Representative,Democrat,House,119,1/3/21,9/25/62,63,fecid,,1962,,56,"4 years, 8 months",4.67
DStrong.jpg,Dale,Dale,Dale,Strong,Strong,Strong,W.,Whitney,,,,S001220,N00048145,H2AL05102,AL,Representative,Republican,House,119,1/3/23,5/8/70,55,fecid,,1970,,32,"2 years, 8 months",2.67
MStutzman.jpg,Marlin,Marlin,Marlin,Stutzman,Stutzman,Stutzman,A.,A.,,,,S001188,,H0IN03198,IN,Representative,Republican,House,119,1/3/25,8/31/76,49,slug,,1976,,8,8 months,0.67
SSubramanyam.jpg,Suhas,Suhas,Suhas,Subramanyam,Subramanyam,Subramanyam,,,,,,S001230,,H4VA10279,VA,Representative,Democrat,House,119,1/3/25,9/26/86,39,slug,,1986,,8,8 months,0.67
DSullivan.jpg,Dan,Daniel,Dan,Sullivan,Sullivan,Sullivan,,,,,,S001198,N00051393,S4AK00214,AK,Senator,Republican,Senate,119,1/3/15,11/13/64,60,slug,fecid_variant_from_union,1964,,128,"10 years, 8 months",10.67
TSuozzi.jpg,Thomas,Thomas,Thomas,Suozzi,Suozzi,Suozzi,R.,R.,,Tom,,S001201,,H6NY03247,NY,Representative,Democrat,House,119,2/28/24,8/31/62,63,slug,,1962,,19,"1 year, 7 months",1.58
ESwalwell.jpg,Eric,Eric,Eric,Swalwell,Swalwell,Swalwell,,Michael,,,,S001193,N00033508,H2CA15094,CA,Representative,Democrat,House,119,1/3/13,11/16/80,44,fecid,,1980,,152,"12 years, 8 months",12.67
ESykes.jpg,Emilia Strong,Emilia,,Sykes,Sykes,,,,,,,S001223,,,OH,Representative,Democrat,House,119,1/3/23,1/4/86,39,,,1986,,32,"2 years, 8 months",2.67
MTakano.jpg,Mark,Mark,Mark,Takano,Takano,Takano,,A.,,,,T000472,N00006701,H2CA43245,CA,Representative,Democrat,House,119,1/3/13,12/10/60,64,fecid,,1960,,152,"12 years, 8 months",12.67
DTaylor.jpg,David,David,David,Taylor,Taylor,Taylor,J.,J.,,Dave,,T000490,,H4OH02248,OH,Representative,Republican,House,119,1/3/25,11/16/69,55,slug,,1969,,8,8 months,0.67
CTenney.jpg,Claudia,Claudia,Claudia,Tenney,Tenney,Tenney,,,,,,T000478,N00036351,H4NY22051,NY,Representative,Republican,House,119,1/3/21,2/4/61,64,fecid,,1961,,56,"4 years, 8 months",4.67
SThanedar.jpg,Shri,Shri,Shri,Thanedar,Thanedar,Thanedar,,,,,,T000488,N00049602,H2MI13204,MI,Representative,Democrat,House,119,1/3/23,2/22/55,70,fecid,,1955,,32,"2 years, 8 months",2.67
BThompson.jpg,Bennie,Bennie,Bennie,Thompson,Thompson,Thompson,G.,G.,,,,T000193,,H4MS02068,MS,Representative,Democrat,House,119,4/13/93,1/28/48,77,slug,,1948,,389,"32 years, 5 months",32.42
GThompson.jpg,Glenn,Glenn,Glenn,Thompson,Thompson,Thompson,,William,,G.T.,Jr.,T000467,N00029736,H8PA05071,PA,Representative,Republican,House,119,1/3/09,7/27/59,66,fecid,,1959,,200,"16 years, 8 months",16.67
MThompson.jpg,Mike,Michael,C.,Thompson,Thompson,Thompson,,Michael,,Mike,,T000460,N00007419,H8CA01109,CA,Representative,Democrat,House,119,1/3/99,1/24/51,74,fecid,,1951,,320,"26 years, 8 months",26.67
JThune.jpg,John,John,John,Thune,Thune,Thune,,R.,,,,T000250,N00004572,S2SD00068,SD,Senator,Republican,Senate,119,1/3/05,1/7/61,64,slug,,1961,,248,"20 years, 8 months",20.67
TTiffany.jpg,Thomas,Thomas,Thomas,Tiffany,TIFFANY,Tiffany,P.,,,Tom,,T000165,,,WI,Representative,Republican,House,119,5/19/20,12/30/57,67,slug,,1957,,64,"5 years, 4 months",5.33
TTillis.jpg,Thomas,Thomas,Thomas,Tillis,Tillis,Tillis,,Roland,,Thom,,T000476,,,NC,Senator,Republican,Senate,119,1/3/15,8/30/60,65,slug,,1960,,128,"10 years, 8 months",10.67
WTimmons.jpg,William,William,William,Timmons,Timmons,Timmons,R.,Richardson,,,IV,T000480,N00042715,H8SC04250,SC,Representative,Republican,House,119,1/3/19,4/30/84,41,fecid,,1984,,80,"6 years, 8 months",6.67
DTitus.jpg,Dina,Alice,Alice,Titus,Titus,Titus,,Costandina,,Dina,,T000468,N00030191,H8NV03036,NV,Representative,Democrat,,119,,,,fecid,,1950,,,,
RTlaib.jpg,Rashida,Rashida,Rashida,Tlaib,Tlaib,Tlaib,,,,,,T000481,N00042649,H8MI13250,MI,Representative,Democrat,House,119,1/3/19,7/24/76,49,fecid,,1976,,80,"6 years, 8 months",6.67
JTokuda.jpg,Jill,Jill,Jill,Tokuda,Tokuda,Tokuda,N.,Naomi,,,,T000487,N00051049,H2HI02581,HI,Representative,Democrat,House,119,1/3/23,3/3/76,49,fecid,,1976,,32,"2 years, 8 months",2.67
PTonko.jpg,Paul,Paul,Paul,Tonko,Tonko,Tonko,,David,,,,T000469,N00030196,H8NY21203,NY,Representative,Democrat,House,119,1/3/09,6/18/49,76,fecid,,1949,,200,"16 years, 8 months",16.67
NTorres.jpg,Norma,Norma,Norma,Torres,Torres,Torres,J.,J.,,,,T000474,N00036107,H4CA35031,CA,Representative,Democrat,House,119,1/3/15,4/4/65,60,fecid,,1965,,128,"10 years, 8 months",10.67
RTorres.jpg,Ritchie,Ritchie,Ritchie,Torres,Torres,Torres,,John,,,,T000486,N00044346,H0NY15160,NY,Representative,Democrat,House,119,1/3/21,3/12/88,37,fecid,,1988,,56,"4 years, 8 months",4.67
LTrahan.jpg,Lori,Lori,Lori,Trahan,Trahan,Trahan,,Loureiro,,,,T000482,N00041808,H8MA03106,MA,Representative,Democrat,House,119,1/3/19,10/27/73,51,fecid,,1973,,80,"6 years, 8 months",6.67
DTran.jpg,Derek,Derek,Derek,Tran,Tran,Tran,,,,,,T000491,,H4CA45170,CA,Representative,Democrat,House,119,1/3/25,12/22/80,44,slug,,1980,,8,8 months,0.67
TTuberville.jpg,Tommy,Thomas,,Tuberville,Tuberville,,,,,,,T000278,,,AL,Senator,Republican,Senate,119,1/3/21,9/18/54,71,,,1954,,56,"4 years, 8 months",4.67
MTurner.jpg,Michael,Michael,Michael,Turner,Turner,Turner,R.,R.,,Mike,,T000463,,H2OH03067,OH,Representative,Republican,House,119,1/3/03,1/11/60,65,slug,,1960,,272,"22 years, 8 months",22.67
STurner.jpg,Sylvester,Sylvester,Sylvester,Turner,Turner,Turner,,,,,,T000489,,,TX,Representative,Democrat,,119,,,,slug,,1954,2025,,,
LUnderwood.jpg,Lauren,Lauren,Lauren,Underwood,Underwood,Underwood,,A.,,,,U000040,,H8IL14174,IL,Representative,Democrat,House,119,1/3/19,10/4/86,38,slug,,1986,,80,"6 years, 8 months",6.67
DValadao.jpg,David,David,David,Valadao,Valadao,Valadao,G.,G.,,,,V000129,N00033367,H2CA20094,CA,Representative,Republican,House,119,1/3/21,4/14/77,48,fecid,,1977,,56,"4 years, 8 months",4.67
JVan Drew.jpg,Jefferson,Jefferson,,Van Drew,Van Drew,,,,,,,V000133,,,NJ,Representative,Republican,,119,,,,,,1953,,,,
BVan Duyne.jpg,Beth,Beth,Elizabeth,Van Duyne,Van Duyne,Van Duyne,,Ann,,Beth,,V000134,N00045167,H0TX24209,TX,Representative,Republican,House,119,1/3/21,11/16/70,54,fecid,,1970,,56,"4 years, 8 months",4.67
CVan Hollen.jpg,Chris,Christopher,,Van Hollen,Van Hollen,,,,,,,V000128,N00013820,S6MD03441,MD,Senator,Democrat,Senate,119,1/3/17,1/10/59,66,,,1959,,104,"8 years, 8 months",8.67
DVan Orden.jpg,Derrick,Derrick,Derrick,Van Orden,Van Orden,Van Orden,,F.,,,,V000135,N00046843,H0WI03175,WI,Representative,Republican,House,119,1/3/23,9/15/69,56,fecid,,1969,,32,"2 years, 8 months",2.67
JVargas.jpg,Juan,Juan,Juan,Vargas,Vargas,Vargas,,Carlos,,,,V000130,N00007021,H2CA50026,CA,Representative,Democrat,House,119,1/3/13,3/7/61,64,fecid,,1961,,152,"12 years, 8 months",12.67
GVasquez.jpg,Gabe,Gabriel,Gabriel,Vasquez,Vasquez,Vasquez,,,,Gabe,,V000136,N00049142,H2NM02191,NM,Representative,Democrat,House,119,1/3/23,8/3/84,41,fecid,,1984,,32,"2 years, 8 months",2.67
MVeasey.jpg,Marc,Marc,Marc,Veasey,Veasey,Veasey,A.,Allison,,,,V000131,N00033839,H2TX33073,TX,Representative,Democrat,House,119,1/3/13,1/3/71,54,fecid,,1971,,152,"12 years, 8 months",12.67
NVelazquez.jpg,Nydia,Nydia,Nydia,Velázquez,Velazquez,Velázquez,M.,Margarita,,,,V000081,N00001102,H2NY00010,NY,Representative,Democrat,House,119,1/3/93,3/28/53,72,fecid,,1953,,392,"32 years, 8 months",32.67
EVindman.jpg,Eugene Simon,Eugene,,Vindman,Vindman,,,,,,,V000138,,,VA,Representative,Democrat,House,119,1/3/25,6/6/75,50,,,1975,,8,8 months,0.67
AWagner.jpg,Ann,Ann,Ann,Wagner,Wagner,Wagner,,L.,,,,W000812,N00033106,H2MO02102,MO,Representative,Republican,House,119,1/3/13,9/13/62,63,fecid,,1962,,152,"12 years, 8 months",12.67
TWalberg.jpg,Tim,Tim,Timothy,Walberg,Walberg,Walberg,,L.,,Tim,,W000798,N00026368,H4MI07103,MI,Representative,Republican,House,119,1/3/11,4/12/51,74,fecid,,1951,,176,"14 years, 8 months",14.67
MWaltz.jpg,Michael,Michael,,Waltz,Waltz,,,,,,,W000823,N00042403,H8FL06148,FL,Representative,Republican,,119,,,,,,1974,,,,
MWarner.jpg,Mark,Mark,Mark,Warner,Warner,Warner,R.,Robert,,,,W000805,,S6VA00093,VA,Senator,Democrat,Senate,119,1/3/09,12/15/54,70,slug,,1954,,200,"16 years, 8 months",16.67
RWarnock.jpg,Raphael,Raphael,Raphael,Warnock,Warnock,Warnock,G.,Gamaliel,,,,W000790,N00046489,S0GA00559,GA,Senator,Democrat,Senate,119,1/20/21,7/23/69,56,slug,,1969,,56,"4 years, 8 months",4.67
EWarren.jpg,Elizabeth,Elizabeth,Elizabeth,Warren,Warren,Warren,,Ann,,,,W000817,,,MA,Senator,Democrat,Senate,119,1/3/13,6/22/49,76,slug,,1949,,152,"12 years, 8 months",12.67
DWSchultz.jpg,Debbie,Debbie,Debbie,Wasserman Schultz,Wasserman Schultz,Wasserman Schultz,,,,,,W000797,N00026106,H4FL20023,FL,Representative,Democrat,House,119,1/3/05,9/27/66,59,fecid,,1966,,248,"20 years, 8 months",20.67
MWaters.jpg,Maxine,Maxine,Maxine,Waters,Waters,Waters,,,,,,W000187,N00006690,H4CA23011,CA,Representative,Democrat,House,119,1/3/91,8/15/38,87,fecid,,1938,,416,"34 years, 8 months",34.67
BWatson.jpg,Bonnie,Bonnie,Bonnie,Watson Coleman,Watson Coleman,Watson Coleman,,,,,,W000822,N00036158,H4NJ12149,NJ,Representative,Democrat,House,119,1/3/15,2/6/45,80,fecid,,1945,,128,"10 years, 8 months",10.67
RWeber.jpg,Randy,Randy,,Weber,Weber,K.,,,,,,W000814,,,TX,Representative,Republican,House,119,1/3/13,7/2/53,72,,,1953,,152,"12 years, 8 months",12.67
DWebster.jpg,Daniel,Daniel,Daniel,Webster,Webster,Webster,,,,Dan,,W000806,N00026335,H0FL08208,FL,Representative,Republican,House,119,1/3/11,4/27/49,76,fecid,,1949,,176,"14 years, 8 months",14.67
PWelch.jpg,Peter,Peter,Peter,Welch,Welch,Welch,,Francis,,,,W000800,N00000515,S2VT00235,VT,Senator,Democrat,Senate,119,1/3/23,5/2/47,78,slug,,1947,,32,"2 years, 8 months",2.67
BWesterman.jpg,Bruce,Bruce,Bruce,Westerman,Westerman,Westerman,,,,,,W000821,N00035527,H4AR04048,AR,Representative,Republican,House,119,1/3/15,11/18/67,57,fecid,,1967,,128,"10 years, 8 months",10.67
SWhitehouse.jpg,Sheldon,Sheldon,Sheldon,Whitehouse,Whitehouse,Whitehouse,,,,,II,W000802,,,RI,Senator,Democrat,Senate,119,1/3/07,10/20/55,69,slug,,1955,,224,"18 years, 8 months",18.67
GWhitesides.jpg,George,George,George,Whitesides,Whitesides,Whitesides,T.,,,,,W000830,,H4CA27111,CA,Representative,Democrat,House,119,1/3/25,3/3/74,51,slug,,1974,,8,8 months,0.67
RWicker.jpg,Roger,Roger,Roger,Wicker,Wicker,Wicker,F.,F.,,,,W000437,,,MS,Senator,Republican,Senate,119,12/31/07,7/5/51,74,slug,,1951,,212,"17 years, 8 months",17.67
TWied.jpg,Tony,Tony,Tony,Wied,Wied,Wied,,,,,,W000829,,H4WI08119,WI,Representative,Republican,House,119,11/12/24,5/3/76,49,slug,,1976,,10,10 months,0.83
NWilliams.jpg,Nikema,Nikema,Nikema,Williams,Williams,Williams,,Natassha,,,,W000788,,H0GA05301,GA,Representative,Democrat,House,119,1/3/21,7/30/78,47,slug,,1978,,56,"4 years, 8 months",4.67
RWilliams.jpg,Roger,Roger,Roger,Williams,Williams,Williams,,,,,,W000816,N00030602,H2TX33040,TX,Representative,Republican,House,119,1/3/13,9/13/49,76,fecid,,1949,,152,"12 years, 8 months",12.67
FWilson.jpg,Frederica,Frederica,Frederica,Wilson,Wilson,Wilson,S.,S.,,,,W000808,N00030650,H0FL17068,FL,Representative,Democrat,House,119,1/3/11,11/5/42,82,fecid,,1942,,176,"14 years, 8 months",14.67
JWilson.jpg,Joe,Joe,Addison,Wilson,Wilson,Wilson,,Graves,,Joe,Sr.,W000795,N00024809,H2SC02059,SC,Representative,Republican,House,119,12/18/01,7/31/47,78,fecid,,1947,,285,"23 years, 9 months",23.75
RWittman.jpg,Robert,Robert,Robert,Wittman,Wittman,Wittman,J.,J.,,Rob,,W000804,,H8VA01147,VA,Representative,Republican,House,119,12/11/07,2/3/59,66,slug,,1959,,213,"17 years, 9 months",17.75
SWomack.jpg,Steve,Steve,Stephen,Womack,Womack,Womack,,A.,,Steve,,W000809,N00031857,H0AR03055,AR,Representative,Republican,House,119,1/3/11,2/18/57,68,fecid,,1957,,176,"14 years, 8 months",14.67
RWyden.jpg,Ron,Ronald,,Wyden,Wyden,,,,,,,W000779,N00007724,S6OR00110,OR,Senator,Democrat,,119,,,,,,1949,,,,
RYakym.jpg,Rudy,Rudy,Rudolph,Yakym,Yakym,Yakym,,C.,,Rudy,III,Y000067,N00051733,H2IN02295,IN,Representative,Republican,House,119,11/14/22,2/24/84,41,fecid,,1984,,34,"2 years, 10 months",2.83
TYoung.jpg,Todd,Todd,Todd,Young,Young,Young,,Christopher,,,,Y000064,N00030670,S6IN00191,IN,Senator,Republican,Senate,119,1/3/17,8/24/72,53,slug,,1972,,104,"8 years, 8 months",8.67
RZinke.jpg,Ryan,Ryan,Ryan,Zinke,Zinke,Zinke,K.,K.,,,,Z000018,N00035616,H4MT01041,MT,Representative,Republican,House,119,1/3/23,11/1/61,63,fecid,,1961,,32,"2 years, 8 months",2.67
JBiden.jpg,Joe,Joseph,,Biden,Biden,,,,,,,B000444,,,DE,46th US President,Democrat,,111,,11/20/42,82,,,1942,,,,
RFKennedy.jpg,Robert,Robert,,Kennedy,Kennedy,,F.,,RFK Jr.,,,,,,NY,Secretary of Health and Human Services,Independent,,,,1/17/54,71,,,1954,,,,
DTrump.jpg,Donald,Donald,,Trump,Trump,,John,,,,,,,,NY,45th and 47th US President,Republican,,,,6/14/46,79,,,1946,,,,
JVance.jpg,JD,JD,James,Vance,Vance,,,,,,,V000137,,,OH,Vice President,Republican,,,,8/2/84,41,,,1984,,,,
KHarris.jpg,Kamala,Kamala,,Harris,Harris,,,,,,,H001075,,,CA,Former Vice President,Democrat,,117,,10/20/64,60,,,1964,,,,
