first_name,middle_name,nick_name,last_name,suffix,title,chamber,State,state_abbr,District,Party,Terms,URL,name_slug,bioguide_id,date_of_birth
Alma,S.,,Adams,,Representative,house,North Carolina,NC,12,Democratic,House: 2014-Present,https://www.congress.gov/member/alma-adams/A000370,alma-adams,A000370,5/27/46
Robert,B.,,Aderholt,,Representative,house,Alabama,AL,4,Republican,House: 1997-Present,https://www.congress.gov/member/robert-aderholt/A000055,robert-aderholt,A000055,7/22/65
Pete,,,Aguilar,,Representative,house,California,CA,33,Democratic,House: 2015-Present,https://www.congress.gov/member/pete-aguilar/A000371,pete-aguilar,A000371,6/19/79
Mark,,,Alford,,Representative,house,Missouri,MO,4,Republican,House: 2023-Present,https://www.congress.gov/member/mark-alford/A000379,mark-alford,A000379,10/4/63
Rick,W.,,Allen,,Representative,house,Georgia,GA,12,Republican,House: 2015-Present,https://www.congress.gov/member/rick-allen/A000372,rick-allen,A000372,11/7/51
Angela,D.,,Alsobrooks,,Senator,senate,Maryland,MD,,Democratic,Senate: 2025-Present,https://www.congress.gov/member/angela-alsobrooks/A000382,angela-alsobrooks,A000382,2/23/71
Gabe,,,Amo,,Representative,house,Rhode Island,RI,1,Democratic,House: 2023-Present,https://www.congress.gov/member/gabe-amo/A000380,gabe-amo,A000380,12/11/87
Mark,E.,,Amodei,,Representative,house,Nevada,NV,2,Republican,House: 2011-Present,https://www.congress.gov/member/mark-amodei/A000369,mark-amodei,A000369,6/12/58
Yassamin,,,Ansari,,Representative,house,Arizona,AZ,3,Democratic,House: 2025-Present,https://www.congress.gov/member/yassamin-ansari/A000381,yassamin-ansari,A000381,4/7/92
Jodey,C.,,Arrington,,Representative,house,Texas,TX,19,Republican,House: 2017-Present,https://www.congress.gov/member/jodey-arrington/A000375,jodey-arrington,A000375,3/9/72
Jake,,,Auchincloss,,Representative,house,Massachusetts,MA,4,Democratic,House: 2021-Present,https://www.congress.gov/member/jake-auchincloss/A000148,jake-auchincloss,A000148,1/29/88
Brian,,,Babin,,Representative,house,Texas,TX,36,Republican,House: 2015-Present,https://www.congress.gov/member/brian-babin/B001291,brian-babin,B001291,3/23/48
Don,,,Bacon,,Representative,house,Nebraska,NE,2,Republican,House: 2017-Present,https://www.congress.gov/member/don-bacon/B001298,don-bacon,B001298,8/16/63
James,R.,,Baird,,Representative,house,Indiana,IN,4,Republican,House: 2019-Present,https://www.congress.gov/member/james-baird/B001307,james-baird,B001307,
Troy,,,Balderson,,Representative,house,Ohio,OH,12,Republican,House: 2018-Present,https://www.congress.gov/member/troy-balderson/B001306,troy-balderson,B001306,1/16/62
Tammy,,,Baldwin,,Senator,senate,Wisconsin,WI,,Democratic,Senate: 2013-Present | House: 1999-2013,https://www.congress.gov/member/tammy-baldwin/B001230,tammy-baldwin,B001230,2/11/62
Becca,,,Balint,,Representative,house,Vermont,VT,At Large,Democratic,House: 2023-Present,https://www.congress.gov/member/becca-balint/B001318,becca-balint,B001318,5/4/68
Jim,,,Banks,,Senator,senate,Indiana,IN,,Republican,Senate: 2025-Present | House: 2017-2025,https://www.congress.gov/member/jim-banks/B001299,jim-banks,B001299,7/16/79
Andy,,,Barr,,Representative,house,Kentucky,KY,6,Republican,House: 2013-Present,https://www.congress.gov/member/andy-barr/B001282,andy-barr,B001282,7/24/73
Nanette,Diaz,,Barragn,,Representative,house,California,CA,44,Democratic,House: 2017-Present,https://www.congress.gov/member/nanette-barragan/B001300,nanette-barragan,B001300,9/15/76
John,,,Barrasso,,Senator,senate,Wyoming,WY,,Republican,Senate: 2007-Present,https://www.congress.gov/member/john-barrasso/B001261,john-barrasso,B001261,7/21/52
Tom,,,Barrett,,Representative,house,Michigan,MI,7,Republican,House: 2025-Present,https://www.congress.gov/member/tom-barrett/B001321,tom-barrett,B001321,4/30/81
Michael,,,Baumgartner,,Representative,house,Washington,WA,5,Republican,House: 2025-Present,https://www.congress.gov/member/michael-baumgartner/B001322,michael-baumgartner,B001322,12/13/75
Aaron,,,Bean,,Representative,house,Florida,FL,4,Republican,House: 2023-Present,https://www.congress.gov/member/aaron-bean/B001314,aaron-bean,B001314,1/25/67
Joyce,,,Beatty,,Representative,house,Ohio,OH,3,Democratic,House: 2013-Present,https://www.congress.gov/member/joyce-beatty/B001281,joyce-beatty,B001281,3/12/50
Nicholas,J.,,Begich,,Representative,house,Alaska,AK,At Large,Republican,House: 2025-Present,https://www.congress.gov/member/nicholas-begich/B001323,nicholas-begich,B001323,
Wesley,,,Bell,,Representative,house,Missouri,MO,1,Democratic,House: 2025-Present,https://www.congress.gov/member/wesley-bell/B001324,wesley-bell,B001324,11/5/74
Michael,F.,,Bennet,,Senator,senate,Colorado,CO,,Democratic,Senate: 2009-Present,https://www.congress.gov/member/michael-bennet/B001267,michael-bennet,B001267,11/28/64
Cliff,,,Bentz,,Representative,house,Oregon,OR,2,Republican,House: 2021-Present,https://www.congress.gov/member/cliff-bentz/B000668,cliff-bentz,B000668,1/12/52
Ami,,,Bera,,Representative,house,California,CA,6,Democratic,House: 2013-Present,https://www.congress.gov/member/ami-bera/B001287,ami-bera,B001287,3/2/65
Jack,,,Bergman,,Representative,house,Michigan,MI,1,Republican,House: 2017-Present,https://www.congress.gov/member/jack-bergman/B001301,jack-bergman,B001301,2/2/47
Donald,S.,,Beyer,,Representative,house,Virginia,VA,8,Democratic,House: 2015-Present,https://www.congress.gov/member/donald-beyer/B001292,donald-beyer,B001292,
Stephanie,I.,,Bice,,Representative,house,Oklahoma,OK,5,Republican,House: 2021-Present,https://www.congress.gov/member/stephanie-bice/B000740,stephanie-bice,B000740,11/11/73
Andy,,,Biggs,,Representative,house,Arizona,AZ,5,Republican,House: 2017-Present,https://www.congress.gov/member/andy-biggs/B001302,andy-biggs,B001302,11/7/58
Sheri,,,Biggs,,Representative,house,South Carolina,SC,3,Republican,House: 2025-Present,https://www.congress.gov/member/sheri-biggs/B001325,sheri-biggs,B001325,3/28/70
Gus,M.,,Bilirakis,,Representative,house,Florida,FL,12,Republican,House: 2007-Present,https://www.congress.gov/member/gus-bilirakis/B001257,gus-bilirakis,B001257,2/8/63
Sanford,D.,,Bishop,,Representative,house,Georgia,GA,2,Democratic,House: 1993-Present,https://www.congress.gov/member/sanford-bishop/B000490,sanford-bishop,B000490,2/4/47
Marsha,,,Blackburn,,Senator,senate,Tennessee,TN,,Republican,Senate: 2019-Present | House: 2003-2019,https://www.congress.gov/member/marsha-blackburn/B001243,marsha-blackburn,B001243,6/6/52
Richard,,,Blumenthal,,Senator,senate,Connecticut,CT,,Democratic,Senate: 2011-Present,https://www.congress.gov/member/richard-blumenthal/B001277,richard-blumenthal,B001277,2/13/46
Lisa,,,Blunt Rochester,,Senator,senate,Delaware,DE,,Democratic,Senate: 2025-Present | House: 2017-2025,https://www.congress.gov/member/lisa-blunt-rochester/B001303,lisa-blunt-rochester,B001303,2/10/62
Lauren,,,Boebert,,Representative,house,Colorado,CO,4,Republican,House: 2021-Present,https://www.congress.gov/member/lauren-boebert/B000825,lauren-boebert,B000825,12/15/86
Suzanne,,,Bonamici,,Representative,house,Oregon,OR,1,Democratic,House: 2012-Present,https://www.congress.gov/member/suzanne-bonamici/B001278,suzanne-bonamici,B001278,10/14/54
Cory,A.,,Booker,,Senator,senate,New Jersey,NJ,,Democratic,Senate: 2013-Present,https://www.congress.gov/member/cory-booker/B001288,cory-booker,B001288,4/27/69
John,,,Boozman,,Senator,senate,Arkansas,AR,,Republican,Senate: 2011-Present | House: 2001-2011,https://www.congress.gov/member/john-boozman/B001236,john-boozman,B001236,12/10/50
Mike,,,Bost,,Representative,house,Illinois,IL,12,Republican,House: 2015-Present,https://www.congress.gov/member/mike-bost/B001295,mike-bost,B001295,12/30/60
Brendan,F.,,Boyle,,Representative,house,Pennsylvania,PA,2,Democratic,House: 2015-Present,https://www.congress.gov/member/brendan-boyle/B001296,brendan-boyle,B001296,2/6/77
Josh,,,Brecheen,,Representative,house,Oklahoma,OK,2,Republican,House: 2023-Present,https://www.congress.gov/member/josh-brecheen/B001317,josh-brecheen,B001317,6/19/79
Robert,P.,,Bresnahan,,Representative,house,Pennsylvania,PA,8,Republican,House: 2025-Present,https://www.congress.gov/member/robert-bresnahan/B001327,robert-bresnahan,B001327,
Katie,Boyd,,Britt,,Senator,senate,Alabama,AL,,Republican,Senate: 2023-Present,https://www.congress.gov/member/katie-britt/B001319,katie-britt,B001319,2/2/82
Shontel,M.,,Brown,,Representative,house,Ohio,OH,11,Democratic,House: 2021-Present,https://www.congress.gov/member/shontel-brown/B001313,shontel-brown,B001313,6/24/75
Julia,,,Brownley,,Representative,house,California,CA,26,Democratic,House: 2013-Present,https://www.congress.gov/member/julia-brownley/B001285,julia-brownley,B001285,8/28/52
Vern,,,Buchanan,,Representative,house,Florida,FL,16,Republican,House: 2007-Present,https://www.congress.gov/member/vern-buchanan/B001260,vern-buchanan,B001260,5/8/51
Ted,,,Budd,,Senator,senate,North Carolina,NC,,Republican,Senate: 2023-Present | House: 2017-2023,https://www.congress.gov/member/ted-budd/B001305,ted-budd,B001305,10/21/71
Nikki,,,Budzinski,,Representative,house,Illinois,IL,13,Democratic,House: 2023-Present,https://www.congress.gov/member/nikki-budzinski/B001315,nikki-budzinski,B001315,3/11/77
Tim,,,Burchett,,Representative,house,Tennessee,TN,2,Republican,House: 2019-Present,https://www.congress.gov/member/tim-burchett/B001309,tim-burchett,B001309,8/25/64
Eric,,,Burlison,,Representative,house,Missouri,MO,7,Republican,House: 2023-Present,https://www.congress.gov/member/eric-burlison/B001316,eric-burlison,B001316,10/2/76
Janelle,S.,,Bynum,,Representative,house,Oregon,OR,5,Democratic,House: 2025-Present,https://www.congress.gov/member/janelle-bynum/B001326,janelle-bynum,B001326,1/31/75
Ken,,,Calvert,,Representative,house,California,CA,41,Republican,House: 1993-Present,https://www.congress.gov/member/ken-calvert/C000059,ken-calvert,C000059,6/8/53
Kat,,,Cammack,,Representative,house,Florida,FL,3,Republican,House: 2021-Present,https://www.congress.gov/member/kat-cammack/C001039,kat-cammack,C001039,2/16/88
Maria,,,Cantwell,,Senator,senate,Washington,WA,,Democratic,Senate: 2001-Present | House: 1993-1995,https://www.congress.gov/member/maria-cantwell/C000127,maria-cantwell,C000127,10/13/58
Shelley,Moore,,Capito,,Senator,senate,West Virginia,WV,,Republican,Senate: 2015-Present | House: 2001-2015,https://www.congress.gov/member/shelley-capito/C001047,shelley-capito,C001047,
Salud,O.,,Carbajal,,Representative,house,California,CA,24,Democratic,House: 2017-Present,https://www.congress.gov/member/salud-carbajal/C001112,salud-carbajal,C001112,11/18/64
Mike,,,Carey,,Representative,house,Ohio,OH,15,Republican,House: 2021-Present,https://www.congress.gov/member/mike-carey/C001126,mike-carey,C001126,3/13/71
Andr,,,Carson,,Representative,house,Indiana,IN,7,Democratic,House: 2008-Present,https://www.congress.gov/member/andre-carson/C001072,andre-carson,C001072,10/16/74
Earl,L.,Buddy,Carter,,Representative,house,Georgia,GA,1,Republican,House: 2015-Present,https://www.congress.gov/member/earl-carter/C001103,earl-carter,C001103,
John,R.,,Carter,,Representative,house,Texas,TX,31,Republican,House: 2003-Present,https://www.congress.gov/member/john-carter/C001051,john-carter,C001051,11/6/41
Troy,A.,,Carter,,Representative,house,Louisiana,LA,2,Democratic,House: 2021-Present,https://www.congress.gov/member/troy-carter/C001125,troy-carter,C001125,10/26/63
Greg,,,Casar,,Representative,house,Texas,TX,35,Democratic,House: 2023-Present,https://www.congress.gov/member/greg-casar/C001131,greg-casar,C001131,5/4/89
Ed,,,Case,,Representative,house,Hawaii,HI,1,Democratic,"House: 2002-2007, 2019-Present",https://www.congress.gov/member/ed-case/C001055,ed-case,C001055,9/27/52
Bill,,,Cassidy,,Senator,senate,Louisiana,LA,,Republican,Senate: 2015-Present | House: 2009-2015,https://www.congress.gov/member/bill-cassidy/C001075,bill-cassidy,C001075,9/28/57
Sean,,,Casten,,Representative,house,Illinois,IL,6,Democratic,House: 2019-Present,https://www.congress.gov/member/sean-casten/C001117,sean-casten,C001117,11/23/71
Kathy,,,Castor,,Representative,house,Florida,FL,14,Democratic,House: 2007-Present,https://www.congress.gov/member/kathy-castor/C001066,kathy-castor,C001066,8/20/66
Joaquin,,,Castro,,Representative,house,Texas,TX,20,Democratic,House: 2013-Present,https://www.congress.gov/member/joaquin-castro/C001091,joaquin-castro,C001091,9/16/74
Sheila,,,Cherfilus-McCormick,,Representative,house,Florida,FL,20,Democratic,House: 2022-Present,https://www.congress.gov/member/sheila-cherfilus-mccormick/C001127,sheila-cherfilus-mccormick,C001127,1/25/79
Judy,,,Chu,,Representative,house,California,CA,28,Democratic,House: 2009-Present,https://www.congress.gov/member/judy-chu/C001080,judy-chu,C001080,7/7/53
Juan,,,Ciscomani,,Representative,house,Arizona,AZ,6,Republican,House: 2023-Present,https://www.congress.gov/member/juan-ciscomani/C001133,juan-ciscomani,C001133,8/31/82
Gilbert,Ray,,Cisneros,,Representative,house,California,CA,31,Democratic,"House: 2019-2021, 2025-Present",https://www.congress.gov/member/gilbert-cisneros/C001123,gilbert-cisneros,C001123,
Katherine,M.,,Clark,,Representative,house,Massachusetts,MA,5,Democratic,House: 2013-Present,https://www.congress.gov/member/katherine-clark/C001101,katherine-clark,C001101,7/17/63
Yvette,D.,,Clarke,,Representative,house,New York,NY,9,Democratic,House: 2007-Present,https://www.congress.gov/member/yvette-clarke/C001067,yvette-clarke,C001067,11/21/64
Emanuel,,,Cleaver,,Representative,house,Missouri,MO,5,Democratic,House: 2005-Present,https://www.congress.gov/member/emanuel-cleaver/C001061,emanuel-cleaver,C001061,10/26/44
Ben,,,Cline,,Representative,house,Virginia,VA,6,Republican,House: 2019-Present,https://www.congress.gov/member/ben-cline/C001118,ben-cline,C001118,2/29/72
Michael,,,Cloud,,Representative,house,Texas,TX,27,Republican,House: 2018-Present,https://www.congress.gov/member/michael-cloud/C001115,michael-cloud,C001115,5/13/75
James,E.,,Clyburn,,Representative,house,South Carolina,SC,6,Democratic,House: 1993-Present,https://www.congress.gov/member/james-clyburn/C000537,james-clyburn,C000537,
Andrew,S.,,Clyde,,Representative,house,Georgia,GA,9,Republican,House: 2021-Present,https://www.congress.gov/member/andrew-clyde/C001116,andrew-clyde,C001116,11/22/63
Steve,,,Cohen,,Representative,house,Tennessee,TN,9,Democratic,House: 2007-Present,https://www.congress.gov/member/steve-cohen/C001068,steve-cohen,C001068,5/24/49
Tom,,,Cole,,Representative,house,Oklahoma,OK,4,Republican,House: 2003-Present,https://www.congress.gov/member/tom-cole/C001053,tom-cole,C001053,4/28/49
Mike,,,Collins,,Representative,house,Georgia,GA,10,Republican,House: 2023-Present,https://www.congress.gov/member/mike-collins/C001129,mike-collins,C001129,7/2/67
Susan,M.,,Collins,,Senator,senate,Maine,ME,,Republican,Senate: 1997-Present,https://www.congress.gov/member/susan-collins/C001035,susan-collins,C001035,12/7/52
James,,,Comer,,Representative,house,Kentucky,KY,1,Republican,House: 2016-Present,https://www.congress.gov/member/james-comer/C001108,james-comer,C001108,8/19/72
Herbert,C.,,Conaway,,Representative,house,New Jersey,NJ,3,Democratic,House: 2025-Present,https://www.congress.gov/member/herbert-conaway/C001136,herbert-conaway,C001136,
Gerald,E.,,Connolly,,Representative,house,Virginia,VA,11,Democratic,House: 2009-2025,https://www.congress.gov/member/gerald-connolly/C001078,gerald-connolly,C001078,
Christopher,A.,,Coons,,Senator,senate,Delaware,DE,,Democratic,Senate: 2010-Present,https://www.congress.gov/member/christopher-coons/C001088,christopher-coons,C001088,
John,,,Cornyn,,Senator,senate,Texas,TX,,Republican,Senate: 2002-Present,https://www.congress.gov/member/john-cornyn/C001056,john-cornyn,C001056,2/2/52
J.,Luis,,Correa,,Representative,house,California,CA,46,Democratic,House: 2017-Present,https://www.congress.gov/member/j-correa/C001110,j-correa,C001110,
Catherine,,,Cortez Masto,,Senator,senate,Nevada,NV,,Democratic,Senate: 2017-Present,https://www.congress.gov/member/catherine-cortez-masto/C001113,catherine-cortez-masto,C001113,3/29/64
Jim,,,Costa,,Representative,house,California,CA,21,Democratic,House: 2005-Present,https://www.congress.gov/member/jim-costa/C001059,jim-costa,C001059,4/13/52
Tom,,,Cotton,,Senator,senate,Arkansas,AR,,Republican,Senate: 2015-Present | House: 2013-2015,https://www.congress.gov/member/tom-cotton/C001095,tom-cotton,C001095,5/13/77
Joe,,,Courtney,,Representative,house,Connecticut,CT,2,Democratic,House: 2007-Present,https://www.congress.gov/member/joe-courtney/C001069,joe-courtney,C001069,4/6/53
Angie,,,Craig,,Representative,house,Minnesota,MN,2,Democratic,House: 2019-Present,https://www.congress.gov/member/angie-craig/C001119,angie-craig,C001119,2/14/72
Kevin,,,Cramer,,Senator,senate,North Dakota,ND,,Republican,Senate: 2019-Present | House: 2013-2019,https://www.congress.gov/member/kevin-cramer/C001096,kevin-cramer,C001096,1/21/61
Elijah,,,Crane,,Representative,house,Arizona,AZ,2,Republican,House: 2023-Present,https://www.congress.gov/member/elijah-crane/C001132,elijah-crane,C001132,
Jeff,,,Crank,,Representative,house,Colorado,CO,5,Republican,House: 2025-Present,https://www.congress.gov/member/jeff-crank/C001137,jeff-crank,C001137,1/28/67
Mike,,,Crapo,,Senator,senate,Idaho,ID,,Republican,Senate: 1999-Present | House: 1993-1999,https://www.congress.gov/member/mike-crapo/C000880,mike-crapo,C000880,5/20/51
Eric,A.,Rick,Crawford,,Representative,house,Arkansas,AR,1,Republican,House: 2011-Present,https://www.congress.gov/member/eric-crawford/C001087,eric-crawford,C001087,
Dan,,,Crenshaw,,Representative,house,Texas,TX,2,Republican,House: 2019-Present,https://www.congress.gov/member/dan-crenshaw/C001120,dan-crenshaw,C001120,3/14/84
Jasmine,,,Crockett,,Representative,house,Texas,TX,30,Democratic,House: 2023-Present,https://www.congress.gov/member/jasmine-crockett/C001130,jasmine-crockett,C001130,3/29/81
Jason,,,Crow,,Representative,house,Colorado,CO,6,Democratic,House: 2019-Present,https://www.congress.gov/member/jason-crow/C001121,jason-crow,C001121,3/15/79
Ted,,,Cruz,,Senator,senate,Texas,TX,,Republican,Senate: 2013-Present,https://www.congress.gov/member/ted-cruz/C001098,ted-cruz,C001098,12/22/70
Henry,,,Cuellar,,Representative,house,Texas,TX,28,Democratic,House: 2005-Present,https://www.congress.gov/member/henry-cuellar/C001063,henry-cuellar,C001063,9/19/55
John,R.,,Curtis,,Senator,senate,Utah,UT,,Republican,Senate: 2025-Present | House: 2017-2025,https://www.congress.gov/member/john-curtis/C001114,john-curtis,C001114,5/10/60
Steve,,,Daines,,Senator,senate,Montana,MT,,Republican,Senate: 2015-Present | House: 2013-2015,https://www.congress.gov/member/steve-daines/D000618,steve-daines,D000618,8/20/62
Sharice,,,Davids,,Representative,house,Kansas,KS,3,Democratic,House: 2019-Present,https://www.congress.gov/member/sharice-davids/D000629,sharice-davids,D000629,5/22/80
Warren,,,Davidson,,Representative,house,Ohio,OH,8,Republican,House: 2016-Present,https://www.congress.gov/member/warren-davidson/D000626,warren-davidson,D000626,3/1/70
Danny,K.,,Davis,,Representative,house,Illinois,IL,7,Democratic,House: 1997-Present,https://www.congress.gov/member/danny-davis/D000096,danny-davis,D000096,9/6/41
Donald,G.,,Davis,,Representative,house,North Carolina,NC,1,Democratic,House: 2023-Present,https://www.congress.gov/member/donald-davis/D000230,donald-davis,D000230,
Monica,,,De La Cruz,,Representative,house,Texas,TX,15,Republican,House: 2023-Present,https://www.congress.gov/member/monica-de-la-cruz/D000594,monica-de-la-cruz,D000594,11/11/74
Madeleine,,,Dean,,Representative,house,Pennsylvania,PA,4,Democratic,House: 2019-Present,https://www.congress.gov/member/madeleine-dean/D000631,madeleine-dean,D000631,6/6/59
Diana,,,DeGette,,Representative,house,Colorado,CO,1,Democratic,House: 1997-Present,https://www.congress.gov/member/diana-degette/D000197,diana-degette,D000197,7/29/57
Rosa,L.,,DeLauro,,Representative,house,Connecticut,CT,3,Democratic,House: 1991-Present,https://www.congress.gov/member/rosa-delauro/D000216,rosa-delauro,D000216,3/2/43
Suzan,K.,,DelBene,,Representative,house,Washington,WA,1,Democratic,House: 2012-Present,https://www.congress.gov/member/suzan-delbene/D000617,suzan-delbene,D000617,2/17/62
Christopher,R.,,Deluzio,,Representative,house,Pennsylvania,PA,17,Democratic,House: 2023-Present,https://www.congress.gov/member/christopher-deluzio/D000530,christopher-deluzio,D000530,
Mark,,,DeSaulnier,,Representative,house,California,CA,10,Democratic,House: 2015-Present,https://www.congress.gov/member/mark-desaulnier/D000623,mark-desaulnier,D000623,3/31/52
Scott,,,DesJarlais,,Representative,house,Tennessee,TN,4,Republican,House: 2011-Present,https://www.congress.gov/member/scott-desjarlais/D000616,scott-desjarlais,D000616,2/21/64
Maxine,,,Dexter,,Representative,house,Oregon,OR,3,Democratic,House: 2025-Present,https://www.congress.gov/member/maxine-dexter/D000635,maxine-dexter,D000635,12/5/72
Mario,,,Diaz-Balart,,Representative,house,Florida,FL,26,Republican,House: 2003-Present,https://www.congress.gov/member/mario-diaz-balart/D000600,mario-diaz-balart,D000600,9/25/61
Debbie,,,Dingell,,Representative,house,Michigan,MI,6,Democratic,House: 2015-Present,https://www.congress.gov/member/debbie-dingell/D000624,debbie-dingell,D000624,11/23/53
Lloyd,,,Doggett,,Representative,house,Texas,TX,37,Democratic,House: 1995-Present,https://www.congress.gov/member/lloyd-doggett/D000399,lloyd-doggett,D000399,10/6/46
Byron,,,Donalds,,Representative,house,Florida,FL,19,Republican,House: 2021-Present,https://www.congress.gov/member/byron-donalds/D000032,byron-donalds,D000032,10/26/78
Troy,,,Downing,,Representative,house,Montana,MT,2,Republican,House: 2025-Present,https://www.congress.gov/member/troy-downing/D000634,troy-downing,D000634,3/4/67
Tammy,,,Duckworth,,Senator,senate,Illinois,IL,,Democratic,Senate: 2017-Present | House: 2013-2017,https://www.congress.gov/member/tammy-duckworth/D000622,tammy-duckworth,D000622,3/12/68
Neal,P.,,Dunn,,Representative,house,Florida,FL,2,Republican,House: 2017-Present,https://www.congress.gov/member/neal-dunn/D000628,neal-dunn,D000628,2/16/53
Richard,J.,,Durbin,,Senator,senate,Illinois,IL,,Democratic,Senate: 1997-Present | House: 1983-1997,https://www.congress.gov/member/richard-durbin/D000563,richard-durbin,D000563,
Chuck,,,Edwards,,Representative,house,North Carolina,NC,11,Republican,House: 2023-Present,https://www.congress.gov/member/chuck-edwards/E000246,chuck-edwards,E000246,9/13/60
Sarah,,,Elfreth,,Representative,house,Maryland,MD,3,Democratic,House: 2025-Present,https://www.congress.gov/member/sarah-elfreth/E000301,sarah-elfreth,E000301,9/9/88
Jake,,,Ellzey,,Representative,house,Texas,TX,6,Republican,House: 2021-Present,https://www.congress.gov/member/jake-ellzey/E000071,jake-ellzey,E000071,1/24/70
Tom,,,Emmer,,Representative,house,Minnesota,MN,6,Republican,House: 2015-Present,https://www.congress.gov/member/tom-emmer/E000294,tom-emmer,E000294,3/3/61
Joni,,,Ernst,,Senator,senate,Iowa,IA,,Republican,Senate: 2015-Present,https://www.congress.gov/member/joni-ernst/E000295,joni-ernst,E000295,7/1/70
Veronica,,,Escobar,,Representative,house,Texas,TX,16,Democratic,House: 2019-Present,https://www.congress.gov/member/veronica-escobar/E000299,veronica-escobar,E000299,9/15/69
Adriano,,,Espaillat,,Representative,house,New York,NY,13,Democratic,House: 2017-Present,https://www.congress.gov/member/adriano-espaillat/E000297,adriano-espaillat,E000297,9/27/54
Ron,,,Estes,,Representative,house,Kansas,KS,4,Republican,House: 2017-Present,https://www.congress.gov/member/ron-estes/E000298,ron-estes,E000298,7/19/56
Dwight,,,Evans,,Representative,house,Pennsylvania,PA,3,Democratic,House: 2016-Present,https://www.congress.gov/member/dwight-evans/E000296,dwight-evans,E000296,5/16/54
Gabe,,,Evans,,Representative,house,Colorado,CO,8,Republican,House: 2025-Present,https://www.congress.gov/member/gabe-evans/E000300,gabe-evans,E000300,7/28/86
Mike,,,Ezell,,Representative,house,Mississippi,MS,4,Republican,House: 2023-Present,https://www.congress.gov/member/mike-ezell/E000235,mike-ezell,E000235,4/6/59
Pat,,,Fallon,,Representative,house,Texas,TX,4,Republican,House: 2021-Present,https://www.congress.gov/member/pat-fallon/F000246,pat-fallon,F000246,12/19/67
Julie,,,Fedorchak,,Representative,house,North Dakota,ND,At Large,Republican,House: 2025-Present,https://www.congress.gov/member/julie-fedorchak/F000482,julie-fedorchak,F000482,9/28/68
Randy,,,Feenstra,,Representative,house,Iowa,IA,4,Republican,House: 2021-Present,https://www.congress.gov/member/randy-feenstra/F000446,randy-feenstra,F000446,1/14/69
John,,,Fetterman,,Senator,senate,Pennsylvania,PA,,Democratic,Senate: 2023-Present,https://www.congress.gov/member/john-fetterman/F000479,john-fetterman,F000479,8/15/69
Cleo,,,Fields,,Representative,house,Louisiana,LA,6,Democratic,"House: 1993-1997, 2025-Present",https://www.congress.gov/member/cleo-fields/F000110,cleo-fields,F000110,11/22/62
Shomari,,,Figures,,Representative,house,Alabama,AL,2,Democratic,House: 2025-Present,https://www.congress.gov/member/shomari-figures/F000481,shomari-figures,F000481,9/3/85
Randy,,,Fine,,Representative,house,Florida,FL,6,Republican,House: 2025-Present,https://www.congress.gov/member/randy-fine/F000484,randy-fine,F000484,4/20/74
Brad,,,Finstad,,Representative,house,Minnesota,MN,1,Republican,House: 2022-Present,https://www.congress.gov/member/brad-finstad/F000475,brad-finstad,F000475,5/30/76
Michelle,,,Fischbach,,Representative,house,Minnesota,MN,7,Republican,House: 2021-Present,https://www.congress.gov/member/michelle-fischbach/F000470,michelle-fischbach,F000470,11/3/65
Deb,,,Fischer,,Senator,senate,Nebraska,NE,,Republican,Senate: 2013-Present,https://www.congress.gov/member/deb-fischer/F000463,deb-fischer,F000463,3/1/51
Scott,,,Fitzgerald,,Representative,house,Wisconsin,WI,5,Republican,House: 2021-Present,https://www.congress.gov/member/scott-fitzgerald/F000471,scott-fitzgerald,F000471,11/16/63
Brian,K.,,Fitzpatrick,,Representative,house,Pennsylvania,PA,1,Republican,House: 2017-Present,https://www.congress.gov/member/brian-fitzpatrick/F000466,brian-fitzpatrick,F000466,12/17/73
Charles,J.,Chuck,Fleischmann,,Representative,house,Tennessee,TN,3,Republican,House: 2011-Present,https://www.congress.gov/member/charles-fleischmann/F000459,charles-fleischmann,F000459,
Lizzie,,,Fletcher,,Representative,house,Texas,TX,7,Democratic,House: 2019-Present,https://www.congress.gov/member/lizzie-fletcher/F000468,lizzie-fletcher,F000468,2/13/75
Mike,,,Flood,,Representative,house,Nebraska,NE,1,Republican,House: 2022-Present,https://www.congress.gov/member/mike-flood/F000474,mike-flood,F000474,2/23/75
Vince,,,Fong,,Representative,house,California,CA,20,Republican,House: 2024-Present,https://www.congress.gov/member/vince-fong/F000480,vince-fong,F000480,10/24/79
Bill,,,Foster,,Representative,house,Illinois,IL,11,Democratic,"House: 2008-2011, 2013-Present",https://www.congress.gov/member/bill-foster/F000454,bill-foster,F000454,10/7/55
Valerie,P.,,Foushee,,Representative,house,North Carolina,NC,4,Democratic,House: 2023-Present,https://www.congress.gov/member/valerie-foushee/F000477,valerie-foushee,F000477,5/7/56
Virginia,,,Foxx,,Representative,house,North Carolina,NC,5,Republican,House: 2005-Present,https://www.congress.gov/member/virginia-foxx/F000450,virginia-foxx,F000450,
Lois,,,Frankel,,Representative,house,Florida,FL,22,Democratic,House: 2013-Present,https://www.congress.gov/member/lois-frankel/F000462,lois-frankel,F000462,5/16/48
Scott,,,Franklin,,Representative,house,Florida,FL,18,Republican,House: 2021-Present,https://www.congress.gov/member/scott-franklin/F000472,scott-franklin,F000472,8/23/64
Laura,,,Friedman,,Representative,house,California,CA,30,Democratic,House: 2025-Present,https://www.congress.gov/member/laura-friedman/F000483,laura-friedman,F000483,12/3/66
Maxwell,,,Frost,,Representative,house,Florida,FL,10,Democratic,House: 2023-Present,https://www.congress.gov/member/maxwell-frost/F000476,maxwell-frost,F000476,1/17/97
Russell,,,Fry,,Representative,house,South Carolina,SC,7,Republican,House: 2023-Present,https://www.congress.gov/member/russell-fry/F000478,russell-fry,F000478,1/31/85
Russ,,,Fulcher,,Representative,house,Idaho,ID,1,Republican,House: 2019-Present,https://www.congress.gov/member/russ-fulcher/F000469,russ-fulcher,F000469,3/9/62
Ruben,,,Gallego,,Senator,senate,Arizona,AZ,,Democratic,Senate: 2025-Present | House: 2015-2025,https://www.congress.gov/member/ruben-gallego/G000574,ruben-gallego,G000574,11/20/79
John,,,Garamendi,,Representative,house,California,CA,8,Democratic,House: 2009-Present,https://www.congress.gov/member/john-garamendi/G000559,john-garamendi,G000559,1/24/45
Andrew,R.,,Garbarino,,Representative,house,New York,NY,2,Republican,House: 2021-Present,https://www.congress.gov/member/andrew-garbarino/G000597,andrew-garbarino,G000597,9/27/84
Jess,G.,Chuy,Garca,,Representative,house,Illinois,IL,4,Democratic,House: 2019-Present,https://www.congress.gov/member/jesus-garcia/G000586,jesus-garcia,G000586,
Robert,,,Garcia,,Representative,house,California,CA,42,Democratic,House: 2023-Present,https://www.congress.gov/member/robert-garcia/G000598,robert-garcia,G000598,12/2/77
Sylvia,R.,,Garcia,,Representative,house,Texas,TX,29,Democratic,House: 2019-Present,https://www.congress.gov/member/sylvia-garcia/G000587,sylvia-garcia,G000587,9/6/50
Brandon,,,Gill,,Representative,house,Texas,TX,26,Republican,House: 2025-Present,https://www.congress.gov/member/brandon-gill/G000603,brandon-gill,G000603,2/26/94
Laura,,,Gillen,,Representative,house,New York,NY,4,Democratic,House: 2025-Present,https://www.congress.gov/member/laura-gillen/G000602,laura-gillen,G000602,7/10/69
Kirsten,E.,,Gillibrand,,Senator,senate,New York,NY,,Democratic,Senate: 2009-Present | House: 2007-2009,https://www.congress.gov/member/kirsten-gillibrand/G000555,kirsten-gillibrand,G000555,12/9/66
Carlos,A.,,Gimenez,,Representative,house,Florida,FL,28,Republican,House: 2021-Present,https://www.congress.gov/member/carlos-gimenez/G000593,carlos-gimenez,G000593,1/17/54
Jared,F.,,Golden,,Representative,house,Maine,ME,2,Democratic,House: 2019-Present,https://www.congress.gov/member/jared-golden/G000592,jared-golden,G000592,7/25/82
Craig,A.,,Goldman,,Representative,house,Texas,TX,12,Republican,House: 2025-Present,https://www.congress.gov/member/craig-goldman/G000601,craig-goldman,G000601,10/3/68
Daniel,S.,,Goldman,,Representative,house,New York,NY,10,Democratic,House: 2023-Present,https://www.congress.gov/member/daniel-goldman/G000599,daniel-goldman,G000599,
Jimmy,,,Gomez,,Representative,house,California,CA,34,Democratic,House: 2017-Present,https://www.congress.gov/member/jimmy-gomez/G000585,jimmy-gomez,G000585,11/25/74
Tony,,,Gonzales,,Representative,house,Texas,TX,23,Republican,House: 2021-Present,https://www.congress.gov/member/tony-gonzales/G000594,tony-gonzales,G000594,10/10/80
Vicente,,,Gonzalez,,Representative,house,Texas,TX,34,Democratic,House: 2017-Present,https://www.congress.gov/member/vicente-gonzalez/G000581,vicente-gonzalez,G000581,9/4/67
Lance,,,Gooden,,Representative,house,Texas,TX,5,Republican,House: 2019-Present,https://www.congress.gov/member/lance-gooden/G000589,lance-gooden,G000589,12/1/82
Maggie,,,Goodlander,,Representative,house,New Hampshire,NH,2,Democratic,House: 2025-Present,https://www.congress.gov/member/maggie-goodlander/G000604,maggie-goodlander,G000604,11/4/86
Paul,A.,,Gosar,,Representative,house,Arizona,AZ,9,Republican,House: 2011-Present,https://www.congress.gov/member/paul-gosar/G000565,paul-gosar,G000565,11/27/58
Josh,,,Gottheimer,,Representative,house,New Jersey,NJ,5,Democratic,House: 2017-Present,https://www.congress.gov/member/josh-gottheimer/G000583,josh-gottheimer,G000583,3/8/75
Lindsey,,,Graham,,Senator,senate,South Carolina,SC,,Republican,Senate: 2003-Present | House: 1995-2003,https://www.congress.gov/member/lindsey-graham/G000359,lindsey-graham,G000359,7/9/55
Chuck,,,Grassley,,Senator,senate,Iowa,IA,,Republican,Senate: 1981-Present | House: 1975-1981,https://www.congress.gov/member/chuck-grassley/G000386,chuck-grassley,G000386,9/17/33
Sam,,,Graves,,Representative,house,Missouri,MO,6,Republican,House: 2001-Present,https://www.congress.gov/member/sam-graves/G000546,sam-graves,G000546,11/7/63
Adam,,,Gray,,Representative,house,California,CA,13,Democratic,House: 2025-Present,https://www.congress.gov/member/adam-gray/G000605,adam-gray,G000605,9/23/77
Al,,,Green,,Representative,house,Texas,TX,9,Democratic,House: 2005-Present,https://www.congress.gov/member/al-green/G000553,al-green,G000553,9/1/47
Mark,E.,,Green,,Representative,house,Tennessee,TN,7,Republican,House: 2019-2025,https://www.congress.gov/member/mark-green/G000590,mark-green,G000590,
Marjorie,Taylor,,Greene,,Representative,house,Georgia,GA,14,Republican,House: 2021-Present,https://www.congress.gov/member/marjorie-greene/G000596,marjorie-greene,G000596,
H.,Morgan,,Griffith,,Representative,house,Virginia,VA,9,Republican,House: 2011-Present,https://www.congress.gov/member/h-griffith/G000568,h-griffith,G000568,
Ral,M.,,Grijalva,,Representative,house,Arizona,AZ,7,Democratic,House: 2003-2025,https://www.congress.gov/member/raul-grijalva/G000551,raul-grijalva,G000551,
Glenn,,,Grothman,,Representative,house,Wisconsin,WI,6,Republican,House: 2015-Present,https://www.congress.gov/member/glenn-grothman/G000576,glenn-grothman,G000576,7/3/55
Michael,,,Guest,,Representative,house,Mississippi,MS,3,Republican,House: 2019-Present,https://www.congress.gov/member/michael-guest/G000591,michael-guest,G000591,2/4/70
Brett,,,Guthrie,,Representative,house,Kentucky,KY,2,Republican,House: 2009-Present,https://www.congress.gov/member/brett-guthrie/G000558,brett-guthrie,G000558,2/18/64
Harriet,M.,,Hageman,,Representative,house,Wyoming,WY,At Large,Republican,House: 2023-Present,https://www.congress.gov/member/harriet-hageman/H001096,harriet-hageman,H001096,10/18/62
Bill,,,Hagerty,,Senator,senate,Tennessee,TN,,Republican,Senate: 2021-Present,https://www.congress.gov/member/bill-hagerty/H000601,bill-hagerty,H000601,8/14/59
Abraham,J.,,Hamadeh,,Representative,house,Arizona,AZ,8,Republican,House: 2025-Present,https://www.congress.gov/member/abraham-hamadeh/H001098,abraham-hamadeh,H001098,5/15/91
Josh,,,Harder,,Representative,house,California,CA,9,Democratic,House: 2019-Present,https://www.congress.gov/member/josh-harder/H001090,josh-harder,H001090,8/1/86
Mike,,,Haridopolos,,Representative,house,Florida,FL,8,Republican,House: 2025-Present,https://www.congress.gov/member/mike-haridopolos/H001099,mike-haridopolos,H001099,3/15/70
Pat,,,Harrigan,,Representative,house,North Carolina,NC,10,Republican,House: 2025-Present,https://www.congress.gov/member/pat-harrigan/H001101,pat-harrigan,H001101,6/21/87
Andy,,,Harris,,Representative,house,Maryland,MD,1,Republican,House: 2011-Present,https://www.congress.gov/member/andy-harris/H001052,andy-harris,H001052,1/25/57
Mark,,,Harris,,Representative,house,North Carolina,NC,8,Republican,House: 2025-Present,https://www.congress.gov/member/mark-harris/H001102,mark-harris,H001102,4/24/66
Diana,,,Harshbarger,,Representative,house,Tennessee,TN,1,Republican,House: 2021-Present,https://www.congress.gov/member/diana-harshbarger/H001086,diana-harshbarger,H001086,1/1/60
Margaret,Wood,,Hassan,,Senator,senate,New Hampshire,NH,,Democratic,Senate: 2017-Present,https://www.congress.gov/member/maggie-hassan/H001076,maggie-hassan,H001076,2/27/58
Josh,,,Hawley,,Senator,senate,Missouri,MO,,Republican,Senate: 2019-Present,https://www.congress.gov/member/josh-hawley/H001089,josh-hawley,H001089,12/31/79
Jahana,,,Hayes,,Representative,house,Connecticut,CT,5,Democratic,House: 2019-Present,https://www.congress.gov/member/jahana-hayes/H001081,jahana-hayes,H001081,3/8/73
Martin,,,Heinrich,,Senator,senate,New Mexico,NM,,Democratic,Senate: 2013-Present | House: 2009-2013,https://www.congress.gov/member/martin-heinrich/H001046,martin-heinrich,H001046,10/17/71
Kevin,,,Hern,,Representative,house,Oklahoma,OK,1,Republican,House: 2018-Present,https://www.congress.gov/member/kevin-hern/H001082,kevin-hern,H001082,12/4/61
Pablo,Jose,,Hernndez,,Resident Commissioner,house,Puerto Rico,PR,At Large,Democratic,House: 2025-Present,https://www.congress.gov/member/pablo-hernandez/H001103,pablo-hernandez,H001103,
John,W.,,Hickenlooper,,Senator,senate,Colorado,CO,,Democratic,Senate: 2021-Present,https://www.congress.gov/member/john-hickenlooper/H000273,john-hickenlooper,H000273,2/7/52
Clay,,,Higgins,,Representative,house,Louisiana,LA,3,Republican,House: 2017-Present,https://www.congress.gov/member/clay-higgins/H001077,clay-higgins,H001077,8/24/61
J.,French,,Hill,,Representative,house,Arkansas,AR,2,Republican,House: 2015-Present,https://www.congress.gov/member/j-hill/H001072,j-hill,H001072,
James,A.,,Himes,,Representative,house,Connecticut,CT,4,Democratic,House: 2009-Present,https://www.congress.gov/member/james-himes/H001047,james-himes,H001047,
Ashley,,,Hinson,,Representative,house,Iowa,IA,2,Republican,House: 2021-Present,https://www.congress.gov/member/ashley-hinson/H001091,ashley-hinson,H001091,6/27/83
Mazie,K.,,Hirono,,Senator,senate,Hawaii,HI,,Democratic,Senate: 2013-Present | House: 2007-2013,https://www.congress.gov/member/mazie-hirono/H001042,mazie-hirono,H001042,11/3/47
John,,,Hoeven,,Senator,senate,North Dakota,ND,,Republican,Senate: 2011-Present,https://www.congress.gov/member/john-hoeven/H001061,john-hoeven,H001061,3/13/57
Steven,,,Horsford,,Representative,house,Nevada,NV,4,Democratic,"House: 2013-2015, 2019-Present",https://www.congress.gov/member/steven-horsford/H001066,steven-horsford,H001066,4/29/73
Erin,,,Houchin,,Representative,house,Indiana,IN,9,Republican,House: 2023-Present,https://www.congress.gov/member/erin-houchin/H001093,erin-houchin,H001093,9/24/76
Chrissy,,,Houlahan,,Representative,house,Pennsylvania,PA,6,Democratic,House: 2019-Present,https://www.congress.gov/member/chrissy-houlahan/H001085,chrissy-houlahan,H001085,6/5/67
Steny,H.,,Hoyer,,Representative,house,Maryland,MD,5,Democratic,House: 1981-Present,https://www.congress.gov/member/steny-hoyer/H000874,steny-hoyer,H000874,6/14/39
Val,T.,,Hoyle,,Representative,house,Oregon,OR,4,Democratic,House: 2023-Present,https://www.congress.gov/member/val-hoyle/H001094,val-hoyle,H001094,2/14/64
Richard,,,Hudson,,Representative,house,North Carolina,NC,9,Republican,House: 2013-Present,https://www.congress.gov/member/richard-hudson/H001067,richard-hudson,H001067,11/4/71
Jared,,,Huffman,,Representative,house,California,CA,2,Democratic,House: 2013-Present,https://www.congress.gov/member/jared-huffman/H001068,jared-huffman,H001068,2/18/64
Bill,,,Huizenga,,Representative,house,Michigan,MI,4,Republican,House: 2011-Present,https://www.congress.gov/member/bill-huizenga/H001058,bill-huizenga,H001058,1/31/69
Wesley,,,Hunt,,Representative,house,Texas,TX,38,Republican,House: 2023-Present,https://www.congress.gov/member/wesley-hunt/H001095,wesley-hunt,H001095,11/13/81
Jeff,,,Hurd,,Representative,house,Colorado,CO,3,Republican,House: 2025-Present,https://www.congress.gov/member/jeff-hurd/H001100,jeff-hurd,H001100,8/15/79
Jon,,,Husted,,Senator,senate,Ohio,OH,,Republican,Senate: 2025-Present,https://www.congress.gov/member/jon-husted/H001104,jon-husted,H001104,8/25/67
Cindy,,,Hyde-Smith,,Senator,senate,Mississippi,MS,,Republican,Senate: 2018-Present,https://www.congress.gov/member/cindy-hyde-smith/H001079,cindy-hyde-smith,H001079,5/10/59
Darrell,,,Issa,,Representative,house,California,CA,48,Republican,"House: 2001-2019, 2021-Present",https://www.congress.gov/member/darrell-issa/I000056,darrell-issa,I000056,11/1/53
Glenn,,,Ivey,,Representative,house,Maryland,MD,4,Democratic,House: 2023-Present,https://www.congress.gov/member/glenn-ivey/I000058,glenn-ivey,I000058,2/27/61
Brian,,,Jack,,Representative,house,Georgia,GA,3,Republican,House: 2025-Present,https://www.congress.gov/member/brian-jack/J000311,brian-jack,J000311,2/17/88
Jonathan,L.,,Jackson,,Representative,house,Illinois,IL,1,Democratic,House: 2023-Present,https://www.congress.gov/member/jonathan-jackson/J000309,jonathan-jackson,J000309,1/7/66
Ronny,,,Jackson,,Representative,house,Texas,TX,13,Republican,House: 2021-Present,https://www.congress.gov/member/ronny-jackson/J000304,ronny-jackson,J000304,5/4/67
Sara,,,Jacobs,,Representative,house,California,CA,51,Democratic,House: 2021-Present,https://www.congress.gov/member/sara-jacobs/J000305,sara-jacobs,J000305,2/1/89
John,,,James,,Representative,house,Michigan,MI,10,Republican,House: 2023-Present,https://www.congress.gov/member/john-james/J000307,john-james,J000307,6/8/81
Pramila,,,Jayapal,,Representative,house,Washington,WA,7,Democratic,House: 2017-Present,https://www.congress.gov/member/pramila-jayapal/J000298,pramila-jayapal,J000298,9/21/65
Hakeem,S.,,Jeffries,,Representative,house,New York,NY,8,Democratic,House: 2013-Present,https://www.congress.gov/member/hakeem-jeffries/J000294,hakeem-jeffries,J000294,8/4/70
Dusty,,,Johnson,,Representative,house,South Dakota,SD,At Large,Republican,House: 2019-Present,https://www.congress.gov/member/dusty-johnson/J000301,dusty-johnson,J000301,9/30/76
Henry,C.,Hank,Johnson,,Representative,house,Georgia,GA,4,Democratic,House: 2007-Present,https://www.congress.gov/member/henry-johnson/J000288,henry-johnson,J000288,
Julie,,,Johnson,,Representative,house,Texas,TX,32,Democratic,House: 2025-Present,https://www.congress.gov/member/julie-johnson/J000310,julie-johnson,J000310,5/2/66
Mike,,,Johnson,,Representative,house,Louisiana,LA,4,Republican,House: 2017-Present,https://www.congress.gov/member/mike-johnson/J000299,mike-johnson,J000299,1/30/72
Ron,,,Johnson,,Senator,senate,Wisconsin,WI,,Republican,Senate: 2011-Present,https://www.congress.gov/member/ron-johnson/J000293,ron-johnson,J000293,4/8/55
Jim,,,Jordan,,Representative,house,Ohio,OH,4,Republican,House: 2007-Present,https://www.congress.gov/member/jim-jordan/J000289,jim-jordan,J000289,2/17/64
David,P.,,Joyce,,Representative,house,Ohio,OH,14,Republican,House: 2013-Present,https://www.congress.gov/member/david-joyce/J000295,david-joyce,J000295,3/17/57
John,,,Joyce,,Representative,house,Pennsylvania,PA,13,Republican,House: 2019-Present,https://www.congress.gov/member/john-joyce/J000302,john-joyce,J000302,2/8/57
James,C.,,Justice,,Senator,senate,West Virginia,WV,,Republican,Senate: 2025-Present,https://www.congress.gov/member/james-justice/J000312,james-justice,J000312,
Tim,,,Kaine,,Senator,senate,Virginia,VA,,Democratic,Senate: 2013-Present,https://www.congress.gov/member/timothy-kaine/K000384,timothy-kaine,K000384,
Sydney,,,Kamlager-Dove,,Representative,house,California,CA,37,Democratic,House: 2023-Present,https://www.congress.gov/member/sydney-kamlager-dove/K000400,sydney-kamlager-dove,K000400,7/20/72
Marcy,,,Kaptur,,Representative,house,Ohio,OH,9,Democratic,House: 1983-Present,https://www.congress.gov/member/marcy-kaptur/K000009,marcy-kaptur,K000009,6/17/46
Thomas,H.,,Kean,,Representative,house,New Jersey,NJ,7,Republican,House: 2023-Present,https://www.congress.gov/member/thomas-kean/K000398,thomas-kean,K000398,
William,R.,,Keating,,Representative,house,Massachusetts,MA,9,Democratic,House: 2011-Present,https://www.congress.gov/member/william-keating/K000375,william-keating,K000375,
Mark,,,Kelly,,Senator,senate,Arizona,AZ,,Democratic,Senate: 2020-Present,https://www.congress.gov/member/mark-kelly/K000377,mark-kelly,K000377,2/21/64
Mike,,,Kelly,,Representative,house,Pennsylvania,PA,16,Republican,House: 2011-Present,https://www.congress.gov/member/mike-kelly/K000376,mike-kelly,K000376,5/10/48
Robin,L.,,Kelly,,Representative,house,Illinois,IL,2,Democratic,House: 2013-Present,https://www.congress.gov/member/robin-kelly/K000385,robin-kelly,K000385,4/30/56
Trent,,,Kelly,,Representative,house,Mississippi,MS,1,Republican,House: 2015-Present,https://www.congress.gov/member/trent-kelly/K000388,trent-kelly,K000388,3/1/66
John,,,Kennedy,,Senator,senate,Louisiana,LA,,Republican,Senate: 2017-Present,https://www.congress.gov/member/john-kennedy/K000393,john-kennedy,K000393,11/21/51
Mike,,,Kennedy,,Representative,house,Utah,UT,3,Republican,House: 2025-Present,https://www.congress.gov/member/mike-kennedy/K000403,mike-kennedy,K000403,2/2/69
Timothy,M.,,Kennedy,,Representative,house,New York,NY,26,Democratic,House: 2024-Present,https://www.congress.gov/member/timothy-kennedy/K000402,timothy-kennedy,K000402,
Ro,,,Khanna,,Representative,house,California,CA,17,Democratic,House: 2017-Present,https://www.congress.gov/member/ro-khanna/K000389,ro-khanna,K000389,9/13/76
Jennifer,A.,,Kiggans,,Representative,house,Virginia,VA,2,Republican,House: 2023-Present,https://www.congress.gov/member/jennifer-kiggans/K000399,jennifer-kiggans,K000399,
Kevin,,,Kiley,,Representative,house,California,CA,3,Republican,House: 2023-Present,https://www.congress.gov/member/kevin-kiley/K000401,kevin-kiley,K000401,1/30/85
Andy,,,Kim,,Senator,senate,New Jersey,NJ,,Democratic,Senate: 2024-Present | House: 2019-2024,https://www.congress.gov/member/andy-kim/K000394,andy-kim,K000394,7/12/82
Young,,,Kim,,Representative,house,California,CA,40,Republican,House: 2021-Present,https://www.congress.gov/member/young-kim/K000397,young-kim,K000397,10/18/62
Angus,S.,,King,Jr.,Senator,senate,Maine,ME,,Independent,Senate: 2013-Present,https://www.congress.gov/member/angus-king/K000383,angus-king,K000383,3/31/44
Kimberlyn,,,King-Hinds,,Delegate,house,Northern Mariana Islands,MP,At Large,Republican,House: 2025-Present,https://www.congress.gov/member/kimberlyn-king-hinds/K000404,kimberlyn-king-hinds,K000404,
Amy,,,Klobuchar,,Senator,senate,Minnesota,MN,,Democratic,Senate: 2007-Present,https://www.congress.gov/member/amy-klobuchar/K000367,amy-klobuchar,K000367,5/25/60
Brad,,,Knott,,Representative,house,North Carolina,NC,13,Republican,House: 2025-Present,https://www.congress.gov/member/brad-knott/K000405,brad-knott,K000405,4/17/86
Raja,,,Krishnamoorthi,,Representative,house,Illinois,IL,8,Democratic,House: 2017-Present,https://www.congress.gov/member/raja-krishnamoorthi/K000391,raja-krishnamoorthi,K000391,7/19/73
David,,,Kustoff,,Representative,house,Tennessee,TN,8,Republican,House: 2017-Present,https://www.congress.gov/member/david-kustoff/K000392,david-kustoff,K000392,10/8/66
Darin,,,LaHood,,Representative,house,Illinois,IL,16,Republican,House: 2015-Present,https://www.congress.gov/member/darin-lahood/L000585,darin-lahood,L000585,7/5/68
Nick,,,LaLota,,Representative,house,New York,NY,1,Republican,House: 2023-Present,https://www.congress.gov/member/nick-lalota/L000598,nick-lalota,L000598,6/23/78
Doug,,,LaMalfa,,Representative,house,California,CA,1,Republican,House: 2013-Present,https://www.congress.gov/member/doug-lamalfa/L000578,doug-lamalfa,L000578,7/2/60
Greg,,,Landsman,,Representative,house,Ohio,OH,1,Democratic,House: 2023-Present,https://www.congress.gov/member/greg-landsman/L000601,greg-landsman,L000601,12/4/76
Nicholas,A.,,Langworthy,,Representative,house,New York,NY,23,Republican,House: 2023-Present,https://www.congress.gov/member/nicholas-langworthy/L000600,nicholas-langworthy,L000600,
James,,,Lankford,,Senator,senate,Oklahoma,OK,,Republican,Senate: 2015-Present | House: 2011-2015,https://www.congress.gov/member/james-lankford/L000575,james-lankford,L000575,3/4/68
Rick,,,Larsen,,Representative,house,Washington,WA,2,Democratic,House: 2001-Present,https://www.congress.gov/member/rick-larsen/L000560,rick-larsen,L000560,6/15/65
John,B.,,Larson,,Representative,house,Connecticut,CT,1,Democratic,House: 1999-Present,https://www.congress.gov/member/john-larson/L000557,john-larson,L000557,
George,,,Latimer,,Representative,house,New York,NY,16,Democratic,House: 2025-Present,https://www.congress.gov/member/george-latimer/L000606,george-latimer,L000606,11/22/53
Robert,E.,,Latta,,Representative,house,Ohio,OH,5,Republican,House: 2007-Present,https://www.congress.gov/member/robert-latta/L000566,robert-latta,L000566,
Michael,,,Lawler,,Representative,house,New York,NY,17,Republican,House: 2023-Present,https://www.congress.gov/member/michael-lawler/L000599,michael-lawler,L000599,
Laurel,M.,,Lee,,Representative,house,Florida,FL,15,Republican,House: 2023-Present,https://www.congress.gov/member/laurel-lee/L000597,laurel-lee,L000597,3/26/74
Mike,,,Lee,,Senator,senate,Utah,UT,,Republican,Senate: 2011-Present,https://www.congress.gov/member/mike-lee/L000577,mike-lee,L000577,6/4/71
Summer,L.,,Lee,,Representative,house,Pennsylvania,PA,12,Democratic,House: 2023-Present,https://www.congress.gov/member/summer-lee/L000602,summer-lee,L000602,11/26/87
Susie,,,Lee,,Representative,house,Nevada,NV,3,Democratic,House: 2019-Present,https://www.congress.gov/member/susie-lee/L000590,susie-lee,L000590,11/7/66
Teresa,,,Leger Fernandez,,Representative,house,New Mexico,NM,3,Democratic,House: 2021-Present,https://www.congress.gov/member/teresa-leger-fernandez/L000273,teresa-leger-fernandez,L000273,7/1/59
Julia,,,Letlow,,Representative,house,Louisiana,LA,5,Republican,House: 2021-Present,https://www.congress.gov/member/julia-letlow/L000595,julia-letlow,L000595,3/16/81
Mike,,,Levin,,Representative,house,California,CA,49,Democratic,House: 2019-Present,https://www.congress.gov/member/mike-levin/L000593,mike-levin,L000593,10/20/78
Sam,T.,,Liccardo,,Representative,house,California,CA,16,Democratic,House: 2025-Present,https://www.congress.gov/member/sam-liccardo/L000607,sam-liccardo,L000607,4/16/70
Ted,,,Lieu,,Representative,house,California,CA,36,Democratic,House: 2015-Present,https://www.congress.gov/member/ted-lieu/L000582,ted-lieu,L000582,3/29/69
Zoe,,,Lofgren,,Representative,house,California,CA,18,Democratic,House: 1995-Present,https://www.congress.gov/member/zoe-lofgren/L000397,zoe-lofgren,L000397,12/21/47
Barry,,,Loudermilk,,Representative,house,Georgia,GA,11,Republican,House: 2015-Present,https://www.congress.gov/member/barry-loudermilk/L000583,barry-loudermilk,L000583,12/22/63
Frank,D.,,Lucas,,Representative,house,Oklahoma,OK,3,Republican,House: 1993-Present,https://www.congress.gov/member/frank-lucas/L000491,frank-lucas,L000491,1/6/60
Ben,Ray,,Lujn,,Senator,senate,New Mexico,NM,,Democratic,Senate: 2021-Present | House: 2009-2021,https://www.congress.gov/member/ben-lujan/L000570,ben-lujan,L000570,
Cynthia,M.,,Lummis,,Senator,senate,Wyoming,WY,,Republican,Senate: 2021-Present | House: 2009-2017,https://www.congress.gov/member/cynthia-lummis/L000571,cynthia-lummis,L000571,9/10/54
Anna,Paulina,,Luna,,Representative,house,Florida,FL,13,Republican,House: 2023-Present,https://www.congress.gov/member/anna-paulina-luna/L000596,anna-paulina-luna,L000596,5/6/89
Morgan,,,Luttrell,,Representative,house,Texas,TX,8,Republican,House: 2023-Present,https://www.congress.gov/member/morgan-luttrell/L000603,morgan-luttrell,L000603,11/7/75
Stephen,F.,,Lynch,,Representative,house,Massachusetts,MA,8,Democratic,House: 2001-Present,https://www.congress.gov/member/stephen-lynch/L000562,stephen-lynch,L000562,
Nancy,,,Mace,,Representative,house,South Carolina,SC,1,Republican,House: 2021-Present,https://www.congress.gov/member/nancy-mace/M000194,nancy-mace,M000194,12/4/77
Ryan,,,Mackenzie,,Representative,house,Pennsylvania,PA,7,Republican,House: 2025-Present,https://www.congress.gov/member/ryan-mackenzie/M001230,ryan-mackenzie,M001230,8/3/82
Seth,,,Magaziner,,Representative,house,Rhode Island,RI,2,Democratic,House: 2023-Present,https://www.congress.gov/member/seth-magaziner/M001223,seth-magaziner,M001223,7/22/83
Nicole,,,Malliotakis,,Representative,house,New York,NY,11,Republican,House: 2021-Present,https://www.congress.gov/member/nicole-malliotakis/M000317,nicole-malliotakis,M000317,11/11/80
Celeste,,,Maloy,,Representative,house,Utah,UT,2,Republican,House: 2023-Present,https://www.congress.gov/member/celeste-maloy/M001228,celeste-maloy,M001228,5/22/81
Tracey,,,Mann,,Representative,house,Kansas,KS,1,Republican,House: 2021-Present,https://www.congress.gov/member/tracey-mann/M000871,tracey-mann,M000871,12/17/76
John,W.,,Mannion,,Representative,house,New York,NY,22,Democratic,House: 2025-Present,https://www.congress.gov/member/john-mannion/M001231,john-mannion,M001231,7/8/68
Edward,J.,,Markey,,Senator,senate,Massachusetts,MA,,Democratic,Senate: 2013-Present | House: 1977-2013,https://www.congress.gov/member/edward-markey/M000133,edward-markey,M000133,
Roger,,,Marshall,,Senator,senate,Kansas,KS,,Republican,Senate: 2021-Present | House: 2017-2021,https://www.congress.gov/member/roger-marshall/M001198,roger-marshall,M001198,8/9/60
Thomas,,,Massie,,Representative,house,Kentucky,KY,4,Republican,House: 2012-Present,https://www.congress.gov/member/thomas-massie/M001184,thomas-massie,M001184,1/13/71
Brian,J.,,Mast,,Representative,house,Florida,FL,21,Republican,House: 2017-Present,https://www.congress.gov/member/brian-mast/M001199,brian-mast,M001199,7/10/80
Doris,O.,,Matsui,,Representative,house,California,CA,7,Democratic,House: 2005-Present,https://www.congress.gov/member/doris-matsui/M001163,doris-matsui,M001163,9/25/44
Lucy,,,McBath,,Representative,house,Georgia,GA,6,Democratic,House: 2019-Present,https://www.congress.gov/member/lucy-mcbath/M001208,lucy-mcbath,M001208,6/1/60
Sarah,,,McBride,,Representative,house,Delaware,DE,At Large,Democratic,House: 2025-Present,https://www.congress.gov/member/sarah-mcbride/M001238,sarah-mcbride,M001238,8/9/90
Michael,T.,,McCaul,,Representative,house,Texas,TX,10,Republican,House: 2005-Present,https://www.congress.gov/member/michael-mccaul/M001157,michael-mccaul,M001157,1/14/62
April,,,McClain Delaney,,Representative,house,Maryland,MD,6,Democratic,House: 2025-Present,https://www.congress.gov/member/april-mcclain-delaney/M001232,april-mcclain-delaney,M001232,5/28/64
Lisa,C.,,McClain,,Representative,house,Michigan,MI,9,Republican,House: 2021-Present,https://www.congress.gov/member/lisa-mcclain/M001136,lisa-mcclain,M001136,4/7/66
Jennifer,L.,,McClellan,,Representative,house,Virginia,VA,4,Democratic,House: 2023-Present,https://www.congress.gov/member/jennifer-mcclellan/M001227,jennifer-mcclellan,M001227,12/28/72
Tom,,,McClintock,,Representative,house,California,CA,5,Republican,House: 2009-Present,https://www.congress.gov/member/tom-mcclintock/M001177,tom-mcclintock,M001177,7/10/56
Betty,,,McCollum,,Representative,house,Minnesota,MN,4,Democratic,House: 2001-Present,https://www.congress.gov/member/betty-mccollum/M001143,betty-mccollum,M001143,7/12/54
Mitch,,,McConnell,,Senator,senate,Kentucky,KY,,Republican,Senate: 1985-Present,https://www.congress.gov/member/mitch-mcconnell/M000355,mitch-mcconnell,M000355,2/20/42
David,,,McCormick,,Senator,senate,Pennsylvania,PA,,Republican,Senate: 2025-Present,https://www.congress.gov/member/david-mccormick/M001243,david-mccormick,M001243,
Richard,,,McCormick,,Representative,house,Georgia,GA,7,Republican,House: 2023-Present,https://www.congress.gov/member/richard-mccormick/M001218,richard-mccormick,M001218,
Kristen,,,McDonald Rivet,,Representative,house,Michigan,MI,8,Democratic,House: 2025-Present,https://www.congress.gov/member/kristen-mcdonald-rivet/M001237,kristen-mcdonald-rivet,M001237,7/11/70
Addison,P.,,McDowell,,Representative,house,North Carolina,NC,6,Republican,House: 2025-Present,https://www.congress.gov/member/addison-mcdowell/M001240,addison-mcdowell,M001240,1/21/94
Morgan,,,McGarvey,,Representative,house,Kentucky,KY,3,Democratic,House: 2023-Present,https://www.congress.gov/member/morgan-mcgarvey/M001220,morgan-mcgarvey,M001220,12/23/79
James,P.,,McGovern,,Representative,house,Massachusetts,MA,2,Democratic,House: 1997-Present,https://www.congress.gov/member/james-mcgovern/M000312,james-mcgovern,M000312,
John,J.,,McGuire,,Representative,house,Virginia,VA,5,Republican,House: 2025-Present,https://www.congress.gov/member/john-mcguire/M001239,john-mcguire,M001239,8/24/68
LaMonica,,,McIver,,Representative,house,New Jersey,NJ,10,Democratic,House: 2024-Present,https://www.congress.gov/member/lamonica-mciver/M001229,lamonica-mciver,M001229,6/20/86
Gregory,W.,,Meeks,,Representative,house,New York,NY,5,Democratic,House: 1997-Present,https://www.congress.gov/member/gregory-meeks/M001137,gregory-meeks,M001137,9/25/53
Robert,,,Menendez,,Representative,house,New Jersey,NJ,8,Democratic,House: 2023-Present,https://www.congress.gov/member/robert-menendez/M001226,robert-menendez,M001226,
Grace,,,Meng,,Representative,house,New York,NY,6,Democratic,House: 2013-Present,https://www.congress.gov/member/grace-meng/M001188,grace-meng,M001188,10/1/75
Jeff,,,Merkley,,Senator,senate,Oregon,OR,,Democratic,Senate: 2009-Present,https://www.congress.gov/member/jeff-merkley/M001176,jeff-merkley,M001176,10/24/56
Mark,B.,,Messmer,,Representative,house,Indiana,IN,8,Republican,House: 2025-Present,https://www.congress.gov/member/mark-messmer/M001233,mark-messmer,M001233,12/16/67
Daniel,,,Meuser,,Representative,house,Pennsylvania,PA,9,Republican,House: 2019-Present,https://www.congress.gov/member/daniel-meuser/M001204,daniel-meuser,M001204,
Kweisi,,,Mfume,,Representative,house,Maryland,MD,7,Democratic,"House: 1987-1997, 2020-Present",https://www.congress.gov/member/kweisi-mfume/M000687,kweisi-mfume,M000687,10/24/48
Carol,D.,,Miller,,Representative,house,West Virginia,WV,1,Republican,House: 2019-Present,https://www.congress.gov/member/carol-miller/M001205,carol-miller,M001205,11/4/50
Mary,E.,,Miller,,Representative,house,Illinois,IL,15,Republican,House: 2021-Present,https://www.congress.gov/member/mary-miller/M001211,mary-miller,M001211,8/27/59
Max,L.,,Miller,,Representative,house,Ohio,OH,7,Republican,House: 2023-Present,https://www.congress.gov/member/max-miller/M001222,max-miller,M001222,11/13/88
Mariannette,,,Miller-Meeks,,Representative,house,Iowa,IA,1,Republican,House: 2021-Present,https://www.congress.gov/member/mariannette-miller-meeks/M001215,mariannette-miller-meeks,M001215,9/6/55
Cory,,,Mills,,Representative,house,Florida,FL,7,Republican,House: 2023-Present,https://www.congress.gov/member/cory-mills/M001216,cory-mills,M001216,7/13/80
Dave,,,Min,,Representative,house,California,CA,47,Democratic,House: 2025-Present,https://www.congress.gov/member/dave-min/M001241,dave-min,M001241,3/5/76
Ashley,,,Moody,,Senator,senate,Florida,FL,,Republican,Senate: 2025-Present,https://www.congress.gov/member/ashley-moody/M001244,ashley-moody,M001244,3/28/75
John,R.,,Moolenaar,,Representative,house,Michigan,MI,2,Republican,House: 2015-Present,https://www.congress.gov/member/john-moolenaar/M001194,john-moolenaar,M001194,5/8/61
Barry,,,Moore,,Representative,house,Alabama,AL,1,Republican,House: 2021-Present,https://www.congress.gov/member/barry-moore/M001212,barry-moore,M001212,9/26/66
Blake,D.,,Moore,,Representative,house,Utah,UT,1,Republican,House: 2021-Present,https://www.congress.gov/member/blake-moore/M001213,blake-moore,M001213,6/22/80
Gwen,,,Moore,,Representative,house,Wisconsin,WI,4,Democratic,House: 2005-Present,https://www.congress.gov/member/gwen-moore/M001160,gwen-moore,M001160,4/18/51
Riley,M.,,Moore,,Representative,house,West Virginia,WV,2,Republican,House: 2025-Present,https://www.congress.gov/member/riley-moore/M001235,riley-moore,M001235,7/1/80
Tim,,,Moore,,Representative,house,North Carolina,NC,14,Republican,House: 2025-Present,https://www.congress.gov/member/tim-moore/M001236,tim-moore,M001236,10/2/70
Jerry,,,Moran,,Senator,senate,Kansas,KS,,Republican,Senate: 2011-Present | House: 1997-2011,https://www.congress.gov/member/jerry-moran/M000934,jerry-moran,M000934,5/29/54
Nathaniel,,,Moran,,Representative,house,Texas,TX,1,Republican,House: 2023-Present,https://www.congress.gov/member/nathaniel-moran/M001224,nathaniel-moran,M001224,9/23/74
Joseph,D.,,Morelle,,Representative,house,New York,NY,25,Democratic,House: 2018-Present,https://www.congress.gov/member/joseph-morelle/M001206,joseph-morelle,M001206,4/29/57
Bernie,,,Moreno,,Senator,senate,Ohio,OH,,Republican,Senate: 2025-Present,https://www.congress.gov/member/bernie-moreno/M001242,bernie-moreno,M001242,2/14/67
Kelly,,,Morrison,,Representative,house,Minnesota,MN,3,Democratic,House: 2025-Present,https://www.congress.gov/member/kelly-morrison/M001234,kelly-morrison,M001234,2/2/69
Jared,,,Moskowitz,,Representative,house,Florida,FL,23,Democratic,House: 2023-Present,https://www.congress.gov/member/jared-moskowitz/M001217,jared-moskowitz,M001217,12/18/80
Seth,,,Moulton,,Representative,house,Massachusetts,MA,6,Democratic,House: 2015-Present,https://www.congress.gov/member/seth-moulton/M001196,seth-moulton,M001196,10/24/78
James,C.,,Moylan,,Delegate,house,Guam,GU,At Large,Republican,House: 2023-Present,https://www.congress.gov/member/james-moylan/M001219,james-moylan,M001219,
Frank,J.,,Mrvan,,Representative,house,Indiana,IN,1,Democratic,House: 2021-Present,https://www.congress.gov/member/frank-mrvan/M001214,frank-mrvan,M001214,
Kevin,,,Mullin,,Representative,house,California,CA,15,Democratic,House: 2023-Present,https://www.congress.gov/member/kevin-mullin/M001225,kevin-mullin,M001225,6/15/70
Markwayne,,,Mullin,,Senator,senate,Oklahoma,OK,,Republican,Senate: 2023-Present | House: 2013-2023,https://www.congress.gov/member/markwayne-mullin/M001190,markwayne-mullin,M001190,7/26/77
Lisa,,,Murkowski,,Senator,senate,Alaska,AK,,Republican,Senate: 2002-Present,https://www.congress.gov/member/lisa-murkowski/M001153,lisa-murkowski,M001153,5/22/57
Christopher,,,Murphy,,Senator,senate,Connecticut,CT,,Democratic,Senate: 2013-Present | House: 2007-2013,https://www.congress.gov/member/christopher-murphy/M001169,christopher-murphy,M001169,
Gregory,F.,,Murphy,,Representative,house,North Carolina,NC,3,Republican,House: 2019-Present,https://www.congress.gov/member/gregory-murphy/M001210,gregory-murphy,M001210,
Patty,,,Murray,,Senator,senate,Washington,WA,,Democratic,Senate: 1993-Present,https://www.congress.gov/member/patty-murray/M001111,patty-murray,M001111,10/11/50
Jerrold,,,Nadler,,Representative,house,New York,NY,12,Democratic,House: 1991-Present,https://www.congress.gov/member/jerrold-nadler/N000002,jerrold-nadler,N000002,
Richard,E.,,Neal,,Representative,house,Massachusetts,MA,1,Democratic,House: 1989-Present,https://www.congress.gov/member/richard-neal/N000015,richard-neal,N000015,2/14/49
Joe,,,Neguse,,Representative,house,Colorado,CO,2,Democratic,House: 2019-Present,https://www.congress.gov/member/joe-neguse/N000191,joe-neguse,N000191,5/13/84
Troy,E.,,Nehls,,Representative,house,Texas,TX,22,Republican,House: 2021-Present,https://www.congress.gov/member/troy-nehls/N000026,troy-nehls,N000026,4/7/68
Dan,,,Newhouse,,Representative,house,Washington,WA,4,Republican,House: 2015-Present,https://www.congress.gov/member/dan-newhouse/N000189,dan-newhouse,N000189,7/10/55
Donald,,,Norcross,,Representative,house,New Jersey,NJ,1,Democratic,House: 2014-Present,https://www.congress.gov/member/donald-norcross/N000188,donald-norcross,N000188,12/13/58
Ralph,,,Norman,,Representative,house,South Carolina,SC,5,Republican,House: 2017-Present,https://www.congress.gov/member/ralph-norman/N000190,ralph-norman,N000190,6/20/53
Eleanor,Holmes,,Norton,,Delegate,house,District of Columbia,DC,At Large,Democratic,House: 1991-Present,https://www.congress.gov/member/eleanor-norton/N000147,eleanor-norton,N000147,
Zachary,,,Nunn,,Representative,house,Iowa,IA,3,Republican,House: 2023-Present,https://www.congress.gov/member/zachary-nunn/N000193,zachary-nunn,N000193,
Jay,,,Obernolte,,Representative,house,California,CA,23,Republican,House: 2021-Present,https://www.congress.gov/member/jay-obernolte/O000019,jay-obernolte,O000019,8/18/70
Alexandria,,,Ocasio-Cortez,,Representative,house,New York,NY,14,Democratic,House: 2019-Present,https://www.congress.gov/member/alexandria-ocasio-cortez/O000172,alexandria-ocasio-cortez,O000172,10/13/89
Andrew,,,Ogles,,Representative,house,Tennessee,TN,5,Republican,House: 2023-Present,https://www.congress.gov/member/andrew-ogles/O000175,andrew-ogles,O000175,
Johnny,,,Olszewski,,Representative,house,Maryland,MD,2,Democratic,House: 2025-Present,https://www.congress.gov/member/johnny-olszewski/O000176,johnny-olszewski,O000176,9/10/82
Ilhan,,,Omar,,Representative,house,Minnesota,MN,5,Democratic,House: 2019-Present,https://www.congress.gov/member/ilhan-omar/O000173,ilhan-omar,O000173,10/4/82
Robert,F.,,Onder,,Representative,house,Missouri,MO,3,Republican,House: 2025-Present,https://www.congress.gov/member/robert-onder/O000177,robert-onder,O000177,
Jon,,,Ossoff,,Senator,senate,Georgia,GA,,Democratic,Senate: 2021-Present,https://www.congress.gov/member/jon-ossoff/O000174,jon-ossoff,O000174,2/16/87
Burgess,,,Owens,,Representative,house,Utah,UT,4,Republican,House: 2021-Present,https://www.congress.gov/member/burgess-owens/O000086,burgess-owens,O000086,8/2/51
Alex,,,Padilla,,Senator,senate,California,CA,,Democratic,Senate: 2021-Present,https://www.congress.gov/member/alex-padilla/P000145,alex-padilla,P000145,3/22/73
Frank,,,Pallone,,Representative,house,New Jersey,NJ,6,Democratic,House: 1987-Present,https://www.congress.gov/member/frank-pallone/P000034,frank-pallone,P000034,10/30/51
Gary,J.,,Palmer,,Representative,house,Alabama,AL,6,Republican,House: 2015-Present,https://www.congress.gov/member/gary-palmer/P000609,gary-palmer,P000609,5/14/54
Jimmy,,,Panetta,,Representative,house,California,CA,19,Democratic,House: 2017-Present,https://www.congress.gov/member/jimmy-panetta/P000613,jimmy-panetta,P000613,10/1/69
Chris,,,Pappas,,Representative,house,New Hampshire,NH,1,Democratic,House: 2019-Present,https://www.congress.gov/member/chris-pappas/P000614,chris-pappas,P000614,6/4/80
Jimmy,,,Patronis,,Representative,house,Florida,FL,1,Republican,House: 2025-Present,https://www.congress.gov/member/jimmy-patronis/P000622,jimmy-patronis,P000622,4/13/72
Rand,,,Paul,,Senator,senate,Kentucky,KY,,Republican,Senate: 2011-Present,https://www.congress.gov/member/rand-paul/P000603,rand-paul,P000603,1/7/63
Nancy,,,Pelosi,,Representative,house,California,CA,11,Democratic,House: 1987-Present,https://www.congress.gov/member/nancy-pelosi/P000197,nancy-pelosi,P000197,3/26/40
Marie,Gluesenkamp,,Perez,,Representative,house,Washington,WA,3,Democratic,House: 2023-Present,https://www.congress.gov/member/marie-perez/G000600,marie-perez,G000600,
Scott,,,Perry,,Representative,house,Pennsylvania,PA,10,Republican,House: 2013-Present,https://www.congress.gov/member/scott-perry/P000605,scott-perry,P000605,5/27/62
Gary,C.,,Peters,,Senator,senate,Michigan,MI,,Democratic,Senate: 2015-Present | House: 2009-2015,https://www.congress.gov/member/gary-peters/P000595,gary-peters,P000595,12/1/58
Scott,H.,,Peters,,Representative,house,California,CA,50,Democratic,House: 2013-Present,https://www.congress.gov/member/scott-peters/P000608,scott-peters,P000608,6/17/58
Brittany,,,Pettersen,,Representative,house,Colorado,CO,7,Democratic,House: 2023-Present,https://www.congress.gov/member/brittany-pettersen/P000620,brittany-pettersen,P000620,12/6/81
August,,,Pfluger,,Representative,house,Texas,TX,11,Republican,House: 2021-Present,https://www.congress.gov/member/august-pfluger/P000048,august-pfluger,P000048,12/28/78
Chellie,,,Pingree,,Representative,house,Maine,ME,1,Democratic,House: 2009-Present,https://www.congress.gov/member/chellie-pingree/P000597,chellie-pingree,P000597,4/2/55
Stacey,E.,,Plaskett,,Delegate,house,Virgin Islands,VI,At Large,Democratic,House: 2015-Present,https://www.congress.gov/member/stacey-plaskett/P000610,stacey-plaskett,P000610,
Mark,,,Pocan,,Representative,house,Wisconsin,WI,2,Democratic,House: 2013-Present,https://www.congress.gov/member/mark-pocan/P000607,mark-pocan,P000607,8/14/64
Nellie,,,Pou,,Representative,house,New Jersey,NJ,9,Democratic,House: 2025-Present,https://www.congress.gov/member/nellie-pou/P000621,nellie-pou,P000621,5/20/56
Ayanna,,,Pressley,,Representative,house,Massachusetts,MA,7,Democratic,House: 2019-Present,https://www.congress.gov/member/ayanna-pressley/P000617,ayanna-pressley,P000617,2/3/74
Mike,,,Quigley,,Representative,house,Illinois,IL,5,Democratic,House: 2009-Present,https://www.congress.gov/member/mike-quigley/Q000023,mike-quigley,Q000023,10/17/58
Aumua,Amata,,Coleman Radewagen,,Delegate,house,American Samoa,AS,At Large,Republican,House: 2015-Present,https://www.congress.gov/member/aumua-amata-radewagen/R000600,aumua-amata-radewagen,R000600,
Delia,C.,,Ramirez,,Representative,house,Illinois,IL,3,Democratic,House: 2023-Present,https://www.congress.gov/member/delia-ramirez/R000617,delia-ramirez,R000617,6/2/83
Emily,,,Randall,,Representative,house,Washington,WA,6,Democratic,House: 2025-Present,https://www.congress.gov/member/emily-randall/R000621,emily-randall,R000621,10/3/85
Jamie,,,Raskin,,Representative,house,Maryland,MD,8,Democratic,House: 2017-Present,https://www.congress.gov/member/jamie-raskin/R000606,jamie-raskin,R000606,12/13/62
Jack,,,Reed,,Senator,senate,Rhode Island,RI,,Democratic,Senate: 1997-Present | House: 1991-1997,https://www.congress.gov/member/john-reed/R000122,john-reed,R000122,
Guy,,,Reschenthaler,,Representative,house,Pennsylvania,PA,14,Republican,House: 2019-Present,https://www.congress.gov/member/guy-reschenthaler/R000610,guy-reschenthaler,R000610,4/17/83
Pete,,,Ricketts,,Senator,senate,Nebraska,NE,,Republican,Senate: 2023-Present,https://www.congress.gov/member/pete-ricketts/R000618,pete-ricketts,R000618,8/19/64
Josh,,,Riley,,Representative,house,New York,NY,19,Democratic,House: 2025-Present,https://www.congress.gov/member/josh-riley/R000622,josh-riley,R000622,1/21/81
James,E.,,Risch,,Senator,senate,Idaho,ID,,Republican,Senate: 2009-Present,https://www.congress.gov/member/james-risch/R000584,james-risch,R000584,
Luz,M.,,Rivas,,Representative,house,California,CA,29,Democratic,House: 2025-Present,https://www.congress.gov/member/luz-rivas/R000620,luz-rivas,R000620,2/6/74
Harold,,,Rogers,,Representative,house,Kentucky,KY,5,Republican,House: 1981-Present,https://www.congress.gov/member/harold-rogers/R000395,harold-rogers,R000395,
Mike,D.,,Rogers,,Representative,house,Alabama,AL,3,Republican,House: 2003-Present,https://www.congress.gov/member/mike-rogers/R000575,mike-rogers,R000575,7/16/58
John,W.,,Rose,,Representative,house,Tennessee,TN,6,Republican,House: 2019-Present,https://www.congress.gov/member/john-rose/R000612,john-rose,R000612,2/23/65
Jacky,,,Rosen,,Senator,senate,Nevada,NV,,Democratic,Senate: 2019-Present | House: 2017-2019,https://www.congress.gov/member/jacky-rosen/R000608,jacky-rosen,R000608,8/2/57
Deborah,K.,,Ross,,Representative,house,North Carolina,NC,2,Democratic,House: 2021-Present,https://www.congress.gov/member/deborah-ross/R000305,deborah-ross,R000305,6/20/63
Mike,,,Rounds,,Senator,senate,South Dakota,SD,,Republican,Senate: 2015-Present,https://www.congress.gov/member/mike-rounds/R000605,mike-rounds,R000605,10/24/54
David,,,Rouzer,,Representative,house,North Carolina,NC,7,Republican,House: 2015-Present,https://www.congress.gov/member/david-rouzer/R000603,david-rouzer,R000603,2/16/72
Chip,,,Roy,,Representative,house,Texas,TX,21,Republican,House: 2019-Present,https://www.congress.gov/member/chip-roy/R000614,chip-roy,R000614,8/7/72
Marco,,,Rubio,,Senator,senate,Florida,FL,,Republican,Senate: 2011-2025,https://www.congress.gov/member/marco-rubio/R000595,marco-rubio,R000595,
Raul,,,Ruiz,,Representative,house,California,CA,25,Democratic,House: 2013-Present,https://www.congress.gov/member/raul-ruiz/R000599,raul-ruiz,R000599,8/25/72
Michael,A.,,Rulli,,Representative,house,Ohio,OH,6,Republican,House: 2024-Present,https://www.congress.gov/member/michael-rulli/R000619,michael-rulli,R000619,3/11/69
John,H.,,Rutherford,,Representative,house,Florida,FL,5,Republican,House: 2017-Present,https://www.congress.gov/member/john-rutherford/R000609,john-rutherford,R000609,9/2/52
Patrick,,,Ryan,,Representative,house,New York,NY,18,Democratic,House: 2022-Present,https://www.congress.gov/member/patrick-ryan/R000579,patrick-ryan,R000579,
Maria,Elvira,,Salazar,,Representative,house,Florida,FL,27,Republican,House: 2021-Present,https://www.congress.gov/member/maria-salazar/S000168,maria-salazar,S000168,
Andrea,,,Salinas,,Representative,house,Oregon,OR,6,Democratic,House: 2023-Present,https://www.congress.gov/member/andrea-salinas/S001226,andrea-salinas,S001226,12/6/69
Linda,T.,,Snchez,,Representative,house,California,CA,38,Democratic,House: 2003-Present,https://www.congress.gov/member/linda-sanchez/S001156,linda-sanchez,S001156,1/28/69
Bernard,,,Sanders,,Senator,senate,Vermont,VT,,Independent,Senate: 2007-Present | House: 1991-2007,https://www.congress.gov/member/bernie-sanders/S000033,bernie-sanders,S000033,9/8/41
Steve,,,Scalise,,Representative,house,Louisiana,LA,1,Republican,House: 2008-Present,https://www.congress.gov/member/steve-scalise/S001176,steve-scalise,S001176,10/6/65
Mary,Gay,,Scanlon,,Representative,house,Pennsylvania,PA,5,Democratic,House: 2018-Present,https://www.congress.gov/member/mary-gay-scanlon/S001205,mary-gay-scanlon,S001205,8/30/59
Janice,D.,,Schakowsky,,Representative,house,Illinois,IL,9,Democratic,House: 1999-Present,https://www.congress.gov/member/janice-schakowsky/S001145,janice-schakowsky,S001145,
Brian,,,Schatz,,Senator,senate,Hawaii,HI,,Democratic,Senate: 2012-Present,https://www.congress.gov/member/brian-schatz/S001194,brian-schatz,S001194,10/20/72
Adam,B.,,Schiff,,Senator,senate,California,CA,,Democratic,Senate: 2024-Present | House: 2001-2024,https://www.congress.gov/member/adam-schiff/S001150,adam-schiff,S001150,6/22/60
Derek,,,Schmidt,,Representative,house,Kansas,KS,2,Republican,House: 2025-Present,https://www.congress.gov/member/derek-schmidt/S001228,derek-schmidt,S001228,1/23/68
Eric,,,Schmitt,,Senator,senate,Missouri,MO,,Republican,Senate: 2023-Present,https://www.congress.gov/member/eric-schmitt/S001227,eric-schmitt,S001227,6/20/75
Bradley,Scott,,Schneider,,Representative,house,Illinois,IL,10,Democratic,"House: 2013-2015, 2017-Present",https://www.congress.gov/member/bradley-schneider/S001190,bradley-schneider,S001190,
Hillary,J.,,Scholten,,Representative,house,Michigan,MI,3,Democratic,House: 2023-Present,https://www.congress.gov/member/hillary-scholten/S001221,hillary-scholten,S001221,2/22/82
Kim,,,Schrier,,Representative,house,Washington,WA,8,Democratic,House: 2019-Present,https://www.congress.gov/member/kim-schrier/S001216,kim-schrier,S001216,8/23/68
Charles,E.,,Schumer,,Senator,senate,New York,NY,,Democratic,Senate: 1999-Present | House: 1981-1999,https://www.congress.gov/member/charles-schumer/S000148,charles-schumer,S000148,
David,,,Schweikert,,Representative,house,Arizona,AZ,1,Republican,House: 2011-Present,https://www.congress.gov/member/david-schweikert/S001183,david-schweikert,S001183,3/3/62
Austin,,,Scott,,Representative,house,Georgia,GA,8,Republican,House: 2011-Present,https://www.congress.gov/member/austin-scott/S001189,austin-scott,S001189,12/10/69
David,,,Scott,,Representative,house,Georgia,GA,13,Democratic,House: 2003-Present,https://www.congress.gov/member/david-scott/S001157,david-scott,S001157,6/27/45
Rick,,,Scott,,Senator,senate,Florida,FL,,Republican,Senate: 2019-Present,https://www.congress.gov/member/rick-scott/S001217,rick-scott,S001217,12/1/52
Robert,C.,Bobby,Scott,,Representative,house,Virginia,VA,3,Democratic,House: 1993-Present,https://www.congress.gov/member/robert-scott/S000185,robert-scott,S000185,
Tim,,,Scott,,Senator,senate,South Carolina,SC,,Republican,Senate: 2013-Present | House: 2011-2013,https://www.congress.gov/member/tim-scott/S001184,tim-scott,S001184,9/19/65
Keith,,,Self,,Representative,house,Texas,TX,3,Republican,House: 2023-Present,https://www.congress.gov/member/keith-self/S001224,keith-self,S001224,3/20/53
Pete,,,Sessions,,Representative,house,Texas,TX,17,Republican,"House: 1997-2019, 2021-Present",https://www.congress.gov/member/pete-sessions/S000250,pete-sessions,S000250,3/22/55
Terri,A.,,Sewell,,Representative,house,Alabama,AL,7,Democratic,House: 2011-Present,https://www.congress.gov/member/terri-sewell/S001185,terri-sewell,S001185,1/1/65
Jeanne,,,Shaheen,,Senator,senate,New Hampshire,NH,,Democratic,Senate: 2009-Present,https://www.congress.gov/member/jeanne-shaheen/S001181,jeanne-shaheen,S001181,1/28/47
Tim,,,Sheehy,,Senator,senate,Montana,MT,,Republican,Senate: 2025-Present,https://www.congress.gov/member/tim-sheehy/S001232,tim-sheehy,S001232,11/18/85
Brad,,,Sherman,,Representative,house,California,CA,32,Democratic,House: 1997-Present,https://www.congress.gov/member/brad-sherman/S000344,brad-sherman,S000344,10/24/54
Mikie,,,Sherrill,,Representative,house,New Jersey,NJ,11,Democratic,House: 2019-Present,https://www.congress.gov/member/mikie-sherrill/S001207,mikie-sherrill,S001207,1/19/72
Jefferson,,,Shreve,,Representative,house,Indiana,IN,6,Republican,House: 2025-Present,https://www.congress.gov/member/jefferson-shreve/S001229,jefferson-shreve,S001229,9/24/65
Lateefah,,,Simon,,Representative,house,California,CA,12,Democratic,House: 2025-Present,https://www.congress.gov/member/lateefah-simon/S001231,lateefah-simon,S001231,1/29/77
Michael,K.,,Simpson,,Representative,house,Idaho,ID,2,Republican,House: 1999-Present,https://www.congress.gov/member/michael-simpson/S001148,michael-simpson,S001148,
Elissa,,,Slotkin,,Senator,senate,Michigan,MI,,Democratic,Senate: 2025-Present | House: 2019-2025,https://www.congress.gov/member/elissa-slotkin/S001208,elissa-slotkin,S001208,7/10/76
Adam,,,Smith,,Representative,house,Washington,WA,9,Democratic,House: 1997-Present,https://www.congress.gov/member/adam-smith/S000510,adam-smith,S000510,6/15/65
Adrian,,,Smith,,Representative,house,Nebraska,NE,3,Republican,House: 2007-Present,https://www.congress.gov/member/adrian-smith/S001172,adrian-smith,S001172,12/19/70
Christopher,H.,,Smith,,Representative,house,New Jersey,NJ,4,Republican,House: 1981-Present,https://www.congress.gov/member/christopher-smith/S000522,christopher-smith,S000522,
Jason,,,Smith,,Representative,house,Missouri,MO,8,Republican,House: 2013-Present,https://www.congress.gov/member/jason-smith/S001195,jason-smith,S001195,6/16/80
Tina,,,Smith,,Senator,senate,Minnesota,MN,,Democratic,Senate: 2018-Present,https://www.congress.gov/member/tina-smith/S001203,tina-smith,S001203,3/4/58
Lloyd,,,Smucker,,Representative,house,Pennsylvania,PA,11,Republican,House: 2017-Present,https://www.congress.gov/member/lloyd-smucker/S001199,lloyd-smucker,S001199,1/23/64
Eric,,,Sorensen,,Representative,house,Illinois,IL,17,Democratic,House: 2023-Present,https://www.congress.gov/member/eric-sorensen/S001225,eric-sorensen,S001225,3/18/76
Darren,,,Soto,,Representative,house,Florida,FL,9,Democratic,House: 2017-Present,https://www.congress.gov/member/darren-soto/S001200,darren-soto,S001200,2/25/78
Victoria,,,Spartz,,Representative,house,Indiana,IN,5,Republican,House: 2021-Present,https://www.congress.gov/member/victoria-spartz/S000929,victoria-spartz,S000929,10/6/78
Melanie,A.,,Stansbury,,Representative,house,New Mexico,NM,1,Democratic,House: 2021-Present,https://www.congress.gov/member/melanie-stansbury/S001218,melanie-stansbury,S001218,1/31/79
Greg,,,Stanton,,Representative,house,Arizona,AZ,4,Democratic,House: 2019-Present,https://www.congress.gov/member/greg-stanton/S001211,greg-stanton,S001211,3/8/70
Pete,,,Stauber,,Representative,house,Minnesota,MN,8,Republican,House: 2019-Present,https://www.congress.gov/member/pete-stauber/S001212,pete-stauber,S001212,5/10/66
Elise,M.,,Stefanik,,Representative,house,New York,NY,21,Republican,House: 2015-Present,https://www.congress.gov/member/elise-stefanik/S001196,elise-stefanik,S001196,7/2/84
Bryan,,,Steil,,Representative,house,Wisconsin,WI,1,Republican,House: 2019-Present,https://www.congress.gov/member/bryan-steil/S001213,bryan-steil,S001213,3/3/81
W.,Gregory,,Steube,,Representative,house,Florida,FL,17,Republican,House: 2019-Present,https://www.congress.gov/member/w-steube/S001214,w-steube,S001214,
Haley,M.,,Stevens,,Representative,house,Michigan,MI,11,Democratic,House: 2019-Present,https://www.congress.gov/member/haley-stevens/S001215,haley-stevens,S001215,6/24/83
Marilyn,,,Strickland,,Representative,house,Washington,WA,10,Democratic,House: 2021-Present,https://www.congress.gov/member/marilyn-strickland/S001159,marilyn-strickland,S001159,9/25/62
Dale,W.,,Strong,,Representative,house,Alabama,AL,5,Republican,House: 2023-Present,https://www.congress.gov/member/dale-strong/S001220,dale-strong,S001220,5/8/70
Marlin,A.,,Stutzman,,Representative,house,Indiana,IN,3,Republican,"House: 2010-2017, 2025-Present",https://www.congress.gov/member/marlin-stutzman/S001188,marlin-stutzman,S001188,8/31/76
Suhas,,,Subramanyam,,Representative,house,Virginia,VA,10,Democratic,House: 2025-Present,https://www.congress.gov/member/suhas-subramanyam/S001230,suhas-subramanyam,S001230,9/26/86
Dan,,,Sullivan,,Senator,senate,Alaska,AK,,Republican,Senate: 2015-Present,https://www.congress.gov/member/dan-sullivan/S001198,dan-sullivan,S001198,11/13/64
Thomas,R.,,Suozzi,,Representative,house,New York,NY,3,Democratic,House: 2017-Present,https://www.congress.gov/member/thomas-suozzi/S001201,thomas-suozzi,S001201,
Eric,,,Swalwell,,Representative,house,California,CA,14,Democratic,House: 2013-Present,https://www.congress.gov/member/eric-swalwell/S001193,eric-swalwell,S001193,11/16/80
Emilia,Strong,,Sykes,,Representative,house,Ohio,OH,13,Democratic,House: 2023-Present,https://www.congress.gov/member/emilia-sykes/S001223,emilia-sykes,S001223,1/4/86
Mark,,,Takano,,Representative,house,California,CA,39,Democratic,House: 2013-Present,https://www.congress.gov/member/mark-takano/T000472,mark-takano,T000472,12/10/60
David,J.,,Taylor,,Representative,house,Ohio,OH,2,Republican,House: 2025-Present,https://www.congress.gov/member/david-taylor/T000490,david-taylor,T000490,11/16/69
Claudia,,,Tenney,,Representative,house,New York,NY,24,Republican,"House: 2017-2019, 2021-Present",https://www.congress.gov/member/claudia-tenney/T000478,claudia-tenney,T000478,2/4/61
Shri,,,Thanedar,,Representative,house,Michigan,MI,13,Democratic,House: 2023-Present,https://www.congress.gov/member/shri-thanedar/T000488,shri-thanedar,T000488,2/22/55
Bennie,G.,,Thompson,,Representative,house,Mississippi,MS,2,Democratic,House: 1993-Present,https://www.congress.gov/member/bennie-thompson/T000193,bennie-thompson,T000193,1/28/48
Glenn,,,Thompson,,Representative,house,Pennsylvania,PA,15,Republican,House: 2009-Present,https://www.congress.gov/member/glenn-thompson/T000467,glenn-thompson,T000467,7/27/59
Mike,,,Thompson,,Representative,house,California,CA,4,Democratic,House: 1999-Present,https://www.congress.gov/member/mike-thompson/T000460,mike-thompson,T000460,1/24/51
John,,,Thune,,Senator,senate,South Dakota,SD,,Republican,Senate: 2005-Present | House: 1997-2003,https://www.congress.gov/member/john-thune/T000250,john-thune,T000250,1/7/61
Thomas,P.,,Tiffany,,Representative,house,Wisconsin,WI,7,Republican,House: 2020-Present,https://www.congress.gov/member/thomas-tiffany/T000165,thomas-tiffany,T000165,
Thomas,,,Tillis,,Senator,senate,North Carolina,NC,,Republican,Senate: 2015-Present,https://www.congress.gov/member/thomas-tillis/T000476,thomas-tillis,T000476,
William,R.,,Timmons,,Representative,house,South Carolina,SC,4,Republican,House: 2019-Present,https://www.congress.gov/member/william-timmons/T000480,william-timmons,T000480,4/30/84
Dina,,,Titus,,Representative,house,Nevada,NV,1,Democratic,"House: 2009-2011, 2013-Present",https://www.congress.gov/member/dina-titus/T000468,dina-titus,T000468,5/23/50
Rashida,,,Tlaib,,Representative,house,Michigan,MI,12,Democratic,House: 2019-Present,https://www.congress.gov/member/rashida-tlaib/T000481,rashida-tlaib,T000481,7/24/76
Jill,N.,,Tokuda,,Representative,house,Hawaii,HI,2,Democratic,House: 2023-Present,https://www.congress.gov/member/jill-tokuda/T000487,jill-tokuda,T000487,3/3/76
Paul,,,Tonko,,Representative,house,New York,NY,20,Democratic,House: 2009-Present,https://www.congress.gov/member/paul-tonko/T000469,paul-tonko,T000469,6/18/49
Norma,J.,,Torres,,Representative,house,California,CA,35,Democratic,House: 2015-Present,https://www.congress.gov/member/norma-torres/T000474,norma-torres,T000474,4/4/65
Ritchie,,,Torres,,Representative,house,New York,NY,15,Democratic,House: 2021-Present,https://www.congress.gov/member/ritchie-torres/T000486,ritchie-torres,T000486,3/12/88
Lori,,,Trahan,,Representative,house,Massachusetts,MA,3,Democratic,House: 2019-Present,https://www.congress.gov/member/lori-trahan/T000482,lori-trahan,T000482,10/27/73
Derek,,,Tran,,Representative,house,California,CA,45,Democratic,House: 2025-Present,https://www.congress.gov/member/derek-tran/T000491,derek-tran,T000491,12/22/80
Tommy,,,Tuberville,,Senator,senate,Alabama,AL,,Republican,Senate: 2021-Present,https://www.congress.gov/member/tommy-tuberville/T000278,tommy-tuberville,T000278,9/18/54
Michael,R.,,Turner,,Representative,house,Ohio,OH,10,Republican,House: 2003-Present,https://www.congress.gov/member/michael-turner/T000463,michael-turner,T000463,
Sylvester,,,Turner,,Representative,house,Texas,TX,18,Democratic,House: 2025,https://www.congress.gov/member/sylvester-turner/T000489,sylvester-turner,T000489,
Lauren,,,Underwood,,Representative,house,Illinois,IL,14,Democratic,House: 2019-Present,https://www.congress.gov/member/lauren-underwood/U000040,lauren-underwood,U000040,10/4/86
David,G.,,Valadao,,Representative,house,California,CA,22,Republican,"House: 2013-2019, 2021-Present",https://www.congress.gov/member/david-valadao/V000129,david-valadao,V000129,4/14/77
Jefferson,,,Van Drew,,Representative,house,New Jersey,NJ,2,Republican,House: 2019-Present,https://www.congress.gov/member/jefferson-van-drew/V000133,jefferson-van-drew,V000133,
Beth,,,Van Duyne,,Representative,house,Texas,TX,24,Republican,House: 2021-Present,https://www.congress.gov/member/beth-van-duyne/V000134,beth-van-duyne,V000134,11/16/70
Chris,,,Van Hollen,,Senator,senate,Maryland,MD,,Democratic,Senate: 2017-Present | House: 2003-2017,https://www.congress.gov/member/chris-van-hollen/V000128,chris-van-hollen,V000128,1/10/59
Derrick,,,Van Orden,,Representative,house,Wisconsin,WI,3,Republican,House: 2023-Present,https://www.congress.gov/member/derrick-van-orden/V000135,derrick-van-orden,V000135,9/15/69
J.D.,,,Vance,,Senator,senate,Ohio,OH,,Republican,Senate: 2023-2025,https://www.congress.gov/member/j-vance/V000137,j-vance,V000137,
Juan,,,Vargas,,Representative,house,California,CA,52,Democratic,House: 2013-Present,https://www.congress.gov/member/juan-vargas/V000130,juan-vargas,V000130,3/7/61
Gabe,,,Vasquez,,Representative,house,New Mexico,NM,2,Democratic,House: 2023-Present,https://www.congress.gov/member/gabe-vasquez/V000136,gabe-vasquez,V000136,8/3/84
Marc,A.,,Veasey,,Representative,house,Texas,TX,33,Democratic,House: 2013-Present,https://www.congress.gov/member/marc-veasey/V000131,marc-veasey,V000131,1/3/71
Nydia,M.,,Velzquez,,Representative,house,New York,NY,7,Democratic,House: 1993-Present,https://www.congress.gov/member/nydia-velazquez/V000081,nydia-velazquez,V000081,3/28/53
Eugene,Simon,,Vindman,,Representative,house,Virginia,VA,7,Democratic,House: 2025-Present,https://www.congress.gov/member/eugene-vindman/V000138,eugene-vindman,V000138,6/6/75
Ann,,,Wagner,,Representative,house,Missouri,MO,2,Republican,House: 2013-Present,https://www.congress.gov/member/ann-wagner/W000812,ann-wagner,W000812,9/13/62
Tim,,,Walberg,,Representative,house,Michigan,MI,5,Republican,"House: 2007-2009, 2011-Present",https://www.congress.gov/member/tim-walberg/W000798,tim-walberg,W000798,4/12/51
James,R.,,Walkinshaw,,Representative,house,Virginia,VA,11,Democratic,House: 2025-Present,https://www.congress.gov/member/james-walkinshaw/W000831,james-walkinshaw,W000831,10/2/82
Michael,,,Waltz,,Representative,house,Florida,FL,6,Republican,House: 2019-2025,https://www.congress.gov/member/michael-waltz/W000823,michael-waltz,W000823,
Mark,R.,,Warner,,Senator,senate,Virginia,VA,,Democratic,Senate: 2009-Present,https://www.congress.gov/member/mark-warner/W000805,mark-warner,W000805,12/15/54
Raphael,G.,,Warnock,,Senator,senate,Georgia,GA,,Democratic,Senate: 2021-Present,https://www.congress.gov/member/raphael-warnock/W000790,raphael-warnock,W000790,7/23/69
Elizabeth,,,Warren,,Senator,senate,Massachusetts,MA,,Democratic,Senate: 2013-Present,https://www.congress.gov/member/elizabeth-warren/W000817,elizabeth-warren,W000817,6/22/49
Debbie,,,Wasserman Schultz,,Representative,house,Florida,FL,25,Democratic,House: 2005-Present,https://www.congress.gov/member/debbie-wasserman-schultz/W000797,debbie-wasserman-schultz,W000797,9/27/66
Maxine,,,Waters,,Representative,house,California,CA,43,Democratic,House: 1991-Present,https://www.congress.gov/member/maxine-waters/W000187,maxine-waters,W000187,8/15/38
Bonnie,,,Watson Coleman,,Representative,house,New Jersey,NJ,12,Democratic,House: 2015-Present,https://www.congress.gov/member/bonnie-watson-coleman/W000822,bonnie-watson-coleman,W000822,2/6/45
Randy,K. Sr.,,Weber,,Representative,house,Texas,TX,14,Republican,House: 2013-Present,https://www.congress.gov/member/randy-weber/W000814,randy-weber,W000814,7/2/53
Daniel,,,Webster,,Representative,house,Florida,FL,11,Republican,House: 2011-Present,https://www.congress.gov/member/daniel-webster/W000806,daniel-webster,W000806,4/27/49
Peter,,,Welch,,Senator,senate,Vermont,VT,,Democratic,Senate: 2023-Present | House: 2007-2023,https://www.congress.gov/member/peter-welch/W000800,peter-welch,W000800,5/2/47
Bruce,,,Westerman,,Representative,house,Arkansas,AR,4,Republican,House: 2015-Present,https://www.congress.gov/member/bruce-westerman/W000821,bruce-westerman,W000821,11/18/67
Sheldon,,,Whitehouse,,Senator,senate,Rhode Island,RI,,Democratic,Senate: 2007-Present,https://www.congress.gov/member/sheldon-whitehouse/W000802,sheldon-whitehouse,W000802,10/20/55
George,,,Whitesides,,Representative,house,California,CA,27,Democratic,House: 2025-Present,https://www.congress.gov/member/george-whitesides/W000830,george-whitesides,W000830,3/3/74
Roger,F.,,Wicker,,Senator,senate,Mississippi,MS,,Republican,Senate: 2007-Present | House: 1995-2007,https://www.congress.gov/member/roger-wicker/W000437,roger-wicker,W000437,7/5/51
Tony,,,Wied,,Representative,house,Wisconsin,WI,8,Republican,House: 2024-Present,https://www.congress.gov/member/tony-wied/W000829,tony-wied,W000829,5/3/76
Nikema,,,Williams,,Representative,house,Georgia,GA,5,Democratic,House: 2021-Present,https://www.congress.gov/member/nikema-williams/W000788,nikema-williams,W000788,7/30/78
Roger,,,Williams,,Representative,house,Texas,TX,25,Republican,House: 2013-Present,https://www.congress.gov/member/roger-williams/W000816,roger-williams,W000816,9/13/49
Frederica,S.,,Wilson,,Representative,house,Florida,FL,24,Democratic,House: 2011-Present,https://www.congress.gov/member/frederica-wilson/W000808,frederica-wilson,W000808,11/5/42
Joe,,,Wilson,,Representative,house,South Carolina,SC,2,Republican,House: 2001-Present,https://www.congress.gov/member/joe-wilson/W000795,joe-wilson,W000795,7/31/47
Robert,J.,,Wittman,,Representative,house,Virginia,VA,1,Republican,House: 2007-Present,https://www.congress.gov/member/robert-wittman/W000804,robert-wittman,W000804,
Steve,,,Womack,,Representative,house,Arkansas,AR,3,Republican,House: 2011-Present,https://www.congress.gov/member/steve-womack/W000809,steve-womack,W000809,2/18/57
Ron,,,Wyden,,Senator,senate,Oregon,OR,,Democratic,Senate: 1996-Present | House: 1981-1996,https://www.congress.gov/member/ron-wyden/W000779,ron-wyden,W000779,5/3/49
Rudy,,,Yakym,,Representative,house,Indiana,IN,2,Republican,House: 2022-Present,https://www.congress.gov/member/rudy-yakym/Y000067,rudy-yakym,Y000067,2/24/84
Todd,,,Young,,Senator,senate,Indiana,IN,,Republican,Senate: 2017-Present | House: 2011-2017,https://www.congress.gov/member/todd-young/Y000064,todd-young,Y000064,8/24/72
Ryan,K.,,Zinke,,Representative,house,Montana,MT,1,Republican,"House: 2015-2017, 2023-Present",https://www.congress.gov/member/ryan-zinke/Z000018,ryan-zinke,Z000018,11/1/61
