bioguide_id,first_name,middle_name,nick_name,last_name,suffix,title,chamber,State,state_abbr,District,Party,Terms,URL,name_slug
A000370,Alma,S.,,Adams,,Representative,house,North Carolina,NC,12,Democratic,House: 2014-Present,https://www.congress.gov/member/alma-adams/A000370,alma-adams
A000055,Robert,B.,,Aderholt,,Representative,house,Alabama,AL,4,Republican,House: 1997-Present,https://www.congress.gov/member/robert-aderholt/A000055,robert-aderholt
A000371,Pete,,,Aguilar,,Representative,house,California,CA,33,Democratic,House: 2015-Present,https://www.congress.gov/member/pete-aguilar/A000371,pete-aguilar
A000379,Mark,,,Alford,,Representative,house,Missouri,MO,4,Republican,House: 2023-Present,https://www.congress.gov/member/mark-alford/A000379,mark-alford
A000372,Rick,W.,,Allen,,Representative,house,Georgia,GA,12,Republican,House: 2015-Present,https://www.congress.gov/member/rick-allen/A000372,rick-allen
A000382,Angela,D.,,Alsobrooks,,Senator,senate,Maryland,MD,,Democratic,Senate: 2025-Present,https://www.congress.gov/member/angela-alsobrooks/A000382,angela-alsobrooks
A000380,Gabe,,,Amo,,Representative,house,Rhode Island,RI,1,Democratic,House: 2023-Present,https://www.congress.gov/member/gabe-amo/A000380,gabe-amo
A000369,Mark,E.,,Amodei,,Representative,house,Nevada,NV,2,Republican,House: 2011-Present,https://www.congress.gov/member/mark-amodei/A000369,mark-amodei
A000381,Yassamin,,,Ansari,,Representative,house,Arizona,AZ,3,Democratic,House: 2025-Present,https://www.congress.gov/member/yassamin-ansari/A000381,yassamin-ansari
A000375,Jodey,C.,,Arrington,,Representative,house,Texas,TX,19,Republican,House: 2017-Present,https://www.congress.gov/member/jodey-arrington/A000375,jodey-arrington
A000148,Jake,,,Auchincloss,,Representative,house,Massachusetts,MA,4,Democratic,House: 2021-Present,https://www.congress.gov/member/jake-auchincloss/A000148,jake-auchincloss
B001291,Brian,,,Babin,,Representative,house,Texas,TX,36,Republican,House: 2015-Present,https://www.congress.gov/member/brian-babin/B001291,brian-babin
B001298,Don,,,Bacon,,Representative,house,Nebraska,NE,2,Republican,House: 2017-Present,https://www.congress.gov/member/don-bacon/B001298,don-bacon
B001307,James,R.,,Baird,,Representative,house,Indiana,IN,4,Republican,House: 2019-Present,https://www.congress.gov/member/james-baird/B001307,james-baird
B001306,Troy,,,Balderson,,Representative,house,Ohio,OH,12,Republican,House: 2018-Present,https://www.congress.gov/member/troy-balderson/B001306,troy-balderson
B001230,Tammy,,,Baldwin,,Senator,senate,Wisconsin,WI,,Democratic,Senate: 2013-Present | House: 1999-2013,https://www.congress.gov/member/tammy-baldwin/B001230,tammy-baldwin
B001318,Becca,,,Balint,,Representative,house,Vermont,VT,At Large,Democratic,House: 2023-Present,https://www.congress.gov/member/becca-balint/B001318,becca-balint
B001299,Jim,,,Banks,,Senator,senate,Indiana,IN,,Republican,Senate: 2025-Present | House: 2017-2025,https://www.congress.gov/member/jim-banks/B001299,jim-banks
B001282,Andy,,,Barr,,Representative,house,Kentucky,KY,6,Republican,House: 2013-Present,https://www.congress.gov/member/andy-barr/B001282,andy-barr
B001300,Nanette,Diaz,,Barrag�n,,Representative,house,California,CA,44,Democratic,House: 2017-Present,https://www.congress.gov/member/nanette-barragan/B001300,nanette-barragan
B001261,John,,,Barrasso,,Senator,senate,Wyoming,WY,,Republican,Senate: 2007-Present,https://www.congress.gov/member/john-barrasso/B001261,john-barrasso
B001321,Tom,,,Barrett,,Representative,house,Michigan,MI,7,Republican,House: 2025-Present,https://www.congress.gov/member/tom-barrett/B001321,tom-barrett
B001322,Michael,,,Baumgartner,,Representative,house,Washington,WA,5,Republican,House: 2025-Present,https://www.congress.gov/member/michael-baumgartner/B001322,michael-baumgartner
B001314,Aaron,,,Bean,,Representative,house,Florida,FL,4,Republican,House: 2023-Present,https://www.congress.gov/member/aaron-bean/B001314,aaron-bean
B001281,Joyce,,,Beatty,,Representative,house,Ohio,OH,3,Democratic,House: 2013-Present,https://www.congress.gov/member/joyce-beatty/B001281,joyce-beatty
B001323,Nicholas,J.,,Begich,,Representative,house,Alaska,AK,At Large,Republican,House: 2025-Present,https://www.congress.gov/member/nicholas-begich/B001323,nicholas-begich
B001324,Wesley,,,Bell,,Representative,house,Missouri,MO,1,Democratic,House: 2025-Present,https://www.congress.gov/member/wesley-bell/B001324,wesley-bell
B001267,Michael,F.,,Bennet,,Senator,senate,Colorado,CO,,Democratic,Senate: 2009-Present,https://www.congress.gov/member/michael-bennet/B001267,michael-bennet
B000668,Cliff,,,Bentz,,Representative,house,Oregon,OR,2,Republican,House: 2021-Present,https://www.congress.gov/member/cliff-bentz/B000668,cliff-bentz
B001287,Ami,,,Bera,,Representative,house,California,CA,6,Democratic,House: 2013-Present,https://www.congress.gov/member/ami-bera/B001287,ami-bera
B001301,Jack,,,Bergman,,Representative,house,Michigan,MI,1,Republican,House: 2017-Present,https://www.congress.gov/member/jack-bergman/B001301,jack-bergman
B001292,Donald,S.,,Beyer,,Representative,house,Virginia,VA,8,Democratic,House: 2015-Present,https://www.congress.gov/member/donald-beyer/B001292,donald-beyer
B000740,Stephanie,I.,,Bice,,Representative,house,Oklahoma,OK,5,Republican,House: 2021-Present,https://www.congress.gov/member/stephanie-bice/B000740,stephanie-bice
B001302,Andy,,,Biggs,,Representative,house,Arizona,AZ,5,Republican,House: 2017-Present,https://www.congress.gov/member/andy-biggs/B001302,andy-biggs
B001325,Sheri,,,Biggs,,Representative,house,South Carolina,SC,3,Republican,House: 2025-Present,https://www.congress.gov/member/sheri-biggs/B001325,sheri-biggs
B001257,Gus,M.,,Bilirakis,,Representative,house,Florida,FL,12,Republican,House: 2007-Present,https://www.congress.gov/member/gus-bilirakis/B001257,gus-bilirakis
B000490,Sanford,D.,,Bishop,,Representative,house,Georgia,GA,2,Democratic,House: 1993-Present,https://www.congress.gov/member/sanford-bishop/B000490,sanford-bishop
B001243,Marsha,,,Blackburn,,Senator,senate,Tennessee,TN,,Republican,Senate: 2019-Present | House: 2003-2019,https://www.congress.gov/member/marsha-blackburn/B001243,marsha-blackburn
B001277,Richard,,,Blumenthal,,Senator,senate,Connecticut,CT,,Democratic,Senate: 2011-Present,https://www.congress.gov/member/richard-blumenthal/B001277,richard-blumenthal
B001303,Lisa,,,Blunt Rochester,,Senator,senate,Delaware,DE,,Democratic,Senate: 2025-Present | House: 2017-2025,https://www.congress.gov/member/lisa-blunt-rochester/B001303,lisa-blunt-rochester
B000825,Lauren,,,Boebert,,Representative,house,Colorado,CO,4,Republican,House: 2021-Present,https://www.congress.gov/member/lauren-boebert/B000825,lauren-boebert
B001278,Suzanne,,,Bonamici,,Representative,house,Oregon,OR,1,Democratic,House: 2012-Present,https://www.congress.gov/member/suzanne-bonamici/B001278,suzanne-bonamici
B001288,Cory,A.,,Booker,,Senator,senate,New Jersey,NJ,,Democratic,Senate: 2013-Present,https://www.congress.gov/member/cory-booker/B001288,cory-booker
B001236,John,,,Boozman,,Senator,senate,Arkansas,AR,,Republican,Senate: 2011-Present | House: 2001-2011,https://www.congress.gov/member/john-boozman/B001236,john-boozman
B001295,Mike,,,Bost,,Representative,house,Illinois,IL,12,Republican,House: 2015-Present,https://www.congress.gov/member/mike-bost/B001295,mike-bost
B001296,Brendan,F.,,Boyle,,Representative,house,Pennsylvania,PA,2,Democratic,House: 2015-Present,https://www.congress.gov/member/brendan-boyle/B001296,brendan-boyle
B001317,Josh,,,Brecheen,,Representative,house,Oklahoma,OK,2,Republican,House: 2023-Present,https://www.congress.gov/member/josh-brecheen/B001317,josh-brecheen
B001327,Robert,P.,,Bresnahan,,Representative,house,Pennsylvania,PA,8,Republican,House: 2025-Present,https://www.congress.gov/member/robert-bresnahan/B001327,robert-bresnahan
B001319,Katie,Boyd,,Britt,,Senator,senate,Alabama,AL,,Republican,Senate: 2023-Present,https://www.congress.gov/member/katie-britt/B001319,katie-britt
B001313,Shontel,M.,,Brown,,Representative,house,Ohio,OH,11,Democratic,House: 2021-Present,https://www.congress.gov/member/shontel-brown/B001313,shontel-brown
B001285,Julia,,,Brownley,,Representative,house,California,CA,26,Democratic,House: 2013-Present,https://www.congress.gov/member/julia-brownley/B001285,julia-brownley
B001260,Vern,,,Buchanan,,Representative,house,Florida,FL,16,Republican,House: 2007-Present,https://www.congress.gov/member/vern-buchanan/B001260,vern-buchanan
B001305,Ted,,,Budd,,Senator,senate,North Carolina,NC,,Republican,Senate: 2023-Present | House: 2017-2023,https://www.congress.gov/member/ted-budd/B001305,ted-budd
B001315,Nikki,,,Budzinski,,Representative,house,Illinois,IL,13,Democratic,House: 2023-Present,https://www.congress.gov/member/nikki-budzinski/B001315,nikki-budzinski
B001309,Tim,,,Burchett,,Representative,house,Tennessee,TN,2,Republican,House: 2019-Present,https://www.congress.gov/member/tim-burchett/B001309,tim-burchett
B001316,Eric,,,Burlison,,Representative,house,Missouri,MO,7,Republican,House: 2023-Present,https://www.congress.gov/member/eric-burlison/B001316,eric-burlison
B001326,Janelle,S.,,Bynum,,Representative,house,Oregon,OR,5,Democratic,House: 2025-Present,https://www.congress.gov/member/janelle-bynum/B001326,janelle-bynum
C000059,Ken,,,Calvert,,Representative,house,California,CA,41,Republican,House: 1993-Present,https://www.congress.gov/member/ken-calvert/C000059,ken-calvert
C001039,Kat,,,Cammack,,Representative,house,Florida,FL,3,Republican,House: 2021-Present,https://www.congress.gov/member/kat-cammack/C001039,kat-cammack
C000127,Maria,,,Cantwell,,Senator,senate,Washington,WA,,Democratic,Senate: 2001-Present | House: 1993-1995,https://www.congress.gov/member/maria-cantwell/C000127,maria-cantwell
C001047,Shelley,Moore,,Capito,,Senator,senate,West Virginia,WV,,Republican,Senate: 2015-Present | House: 2001-2015,https://www.congress.gov/member/shelley-capito/C001047,shelley-capito
C001112,Salud,O.,,Carbajal,,Representative,house,California,CA,24,Democratic,House: 2017-Present,https://www.congress.gov/member/salud-carbajal/C001112,salud-carbajal
C001126,Mike,,,Carey,,Representative,house,Ohio,OH,15,Republican,House: 2021-Present,https://www.congress.gov/member/mike-carey/C001126,mike-carey
C001072,Andr�,,,Carson,,Representative,house,Indiana,IN,7,Democratic,House: 2008-Present,https://www.congress.gov/member/andre-carson/C001072,andre-carson
C001103,Earl,L.,Buddy,Carter,,Representative,house,Georgia,GA,1,Republican,House: 2015-Present,https://www.congress.gov/member/earl-carter/C001103,earl-carter
C001051,John,R.,,Carter,,Representative,house,Texas,TX,31,Republican,House: 2003-Present,https://www.congress.gov/member/john-carter/C001051,john-carter
C001125,Troy,A.,,Carter,,Representative,house,Louisiana,LA,2,Democratic,House: 2021-Present,https://www.congress.gov/member/troy-carter/C001125,troy-carter
C001131,Greg,,,Casar,,Representative,house,Texas,TX,35,Democratic,House: 2023-Present,https://www.congress.gov/member/greg-casar/C001131,greg-casar
C001055,Ed,,,Case,,Representative,house,Hawaii,HI,1,Democratic,"House: 2002-2007, 2019-Present",https://www.congress.gov/member/ed-case/C001055,ed-case
C001075,Bill,,,Cassidy,,Senator,senate,Louisiana,LA,,Republican,Senate: 2015-Present | House: 2009-2015,https://www.congress.gov/member/bill-cassidy/C001075,bill-cassidy
C001117,Sean,,,Casten,,Representative,house,Illinois,IL,6,Democratic,House: 2019-Present,https://www.congress.gov/member/sean-casten/C001117,sean-casten
C001066,Kathy,,,Castor,,Representative,house,Florida,FL,14,Democratic,House: 2007-Present,https://www.congress.gov/member/kathy-castor/C001066,kathy-castor
C001091,Joaquin,,,Castro,,Representative,house,Texas,TX,20,Democratic,House: 2013-Present,https://www.congress.gov/member/joaquin-castro/C001091,joaquin-castro
C001127,Sheila,,,Cherfilus-McCormick,,Representative,house,Florida,FL,20,Democratic,House: 2022-Present,https://www.congress.gov/member/sheila-cherfilus-mccormick/C001127,sheila-cherfilus-mccormick
C001080,Judy,,,Chu,,Representative,house,California,CA,28,Democratic,House: 2009-Present,https://www.congress.gov/member/judy-chu/C001080,judy-chu
C001133,Juan,,,Ciscomani,,Representative,house,Arizona,AZ,6,Republican,House: 2023-Present,https://www.congress.gov/member/juan-ciscomani/C001133,juan-ciscomani
C001123,Gilbert,Ray,,Cisneros,,Representative,house,California,CA,31,Democratic,"House: 2019-2021, 2025-Present",https://www.congress.gov/member/gilbert-cisneros/C001123,gilbert-cisneros
C001101,Katherine,M.,,Clark,,Representative,house,Massachusetts,MA,5,Democratic,House: 2013-Present,https://www.congress.gov/member/katherine-clark/C001101,katherine-clark
C001067,Yvette,D.,,Clarke,,Representative,house,New York,NY,9,Democratic,House: 2007-Present,https://www.congress.gov/member/yvette-clarke/C001067,yvette-clarke
C001061,Emanuel,,,Cleaver,,Representative,house,Missouri,MO,5,Democratic,House: 2005-Present,https://www.congress.gov/member/emanuel-cleaver/C001061,emanuel-cleaver
C001118,Ben,,,Cline,,Representative,house,Virginia,VA,6,Republican,House: 2019-Present,https://www.congress.gov/member/ben-cline/C001118,ben-cline
C001115,Michael,,,Cloud,,Representative,house,Texas,TX,27,Republican,House: 2018-Present,https://www.congress.gov/member/michael-cloud/C001115,michael-cloud
C000537,James,E.,,Clyburn,,Representative,house,South Carolina,SC,6,Democratic,House: 1993-Present,https://www.congress.gov/member/james-clyburn/C000537,james-clyburn
C001116,Andrew,S.,,Clyde,,Representative,house,Georgia,GA,9,Republican,House: 2021-Present,https://www.congress.gov/member/andrew-clyde/C001116,andrew-clyde
C001068,Steve,,,Cohen,,Representative,house,Tennessee,TN,9,Democratic,House: 2007-Present,https://www.congress.gov/member/steve-cohen/C001068,steve-cohen
C001053,Tom,,,Cole,,Representative,house,Oklahoma,OK,4,Republican,House: 2003-Present,https://www.congress.gov/member/tom-cole/C001053,tom-cole
C001129,Mike,,,Collins,,Representative,house,Georgia,GA,10,Republican,House: 2023-Present,https://www.congress.gov/member/mike-collins/C001129,mike-collins
C001035,Susan,M.,,Collins,,Senator,senate,Maine,ME,,Republican,Senate: 1997-Present,https://www.congress.gov/member/susan-collins/C001035,susan-collins
C001108,James,,,Comer,,Representative,house,Kentucky,KY,1,Republican,House: 2016-Present,https://www.congress.gov/member/james-comer/C001108,james-comer
C001136,Herbert,C.,,Conaway,,Representative,house,New Jersey,NJ,3,Democratic,House: 2025-Present,https://www.congress.gov/member/herbert-conaway/C001136,herbert-conaway
C001078,Gerald,E.,,Connolly,,Representative,house,Virginia,VA,11,Democratic,House: 2009-2025,https://www.congress.gov/member/gerald-connolly/C001078,gerald-connolly
C001088,Christopher,A.,,Coons,,Senator,senate,Delaware,DE,,Democratic,Senate: 2010-Present,https://www.congress.gov/member/christopher-coons/C001088,christopher-coons
C001056,John,,,Cornyn,,Senator,senate,Texas,TX,,Republican,Senate: 2002-Present,https://www.congress.gov/member/john-cornyn/C001056,john-cornyn
C001110,J.,Luis,,Correa,,Representative,house,California,CA,46,Democratic,House: 2017-Present,https://www.congress.gov/member/j-correa/C001110,j-correa
C001113,Catherine,,,Cortez Masto,,Senator,senate,Nevada,NV,,Democratic,Senate: 2017-Present,https://www.congress.gov/member/catherine-cortez-masto/C001113,catherine-cortez-masto
C001059,Jim,,,Costa,,Representative,house,California,CA,21,Democratic,House: 2005-Present,https://www.congress.gov/member/jim-costa/C001059,jim-costa
C001095,Tom,,,Cotton,,Senator,senate,Arkansas,AR,,Republican,Senate: 2015-Present | House: 2013-2015,https://www.congress.gov/member/tom-cotton/C001095,tom-cotton
C001069,Joe,,,Courtney,,Representative,house,Connecticut,CT,2,Democratic,House: 2007-Present,https://www.congress.gov/member/joe-courtney/C001069,joe-courtney
C001119,Angie,,,Craig,,Representative,house,Minnesota,MN,2,Democratic,House: 2019-Present,https://www.congress.gov/member/angie-craig/C001119,angie-craig
C001096,Kevin,,,Cramer,,Senator,senate,North Dakota,ND,,Republican,Senate: 2019-Present | House: 2013-2019,https://www.congress.gov/member/kevin-cramer/C001096,kevin-cramer
C001132,Elijah,,,Crane,,Representative,house,Arizona,AZ,2,Republican,House: 2023-Present,https://www.congress.gov/member/elijah-crane/C001132,elijah-crane
C001137,Jeff,,,Crank,,Representative,house,Colorado,CO,5,Republican,House: 2025-Present,https://www.congress.gov/member/jeff-crank/C001137,jeff-crank
C000880,Mike,,,Crapo,,Senator,senate,Idaho,ID,,Republican,Senate: 1999-Present | House: 1993-1999,https://www.congress.gov/member/mike-crapo/C000880,mike-crapo
C001087,Eric,A.,Rick,Crawford,,Representative,house,Arkansas,AR,1,Republican,House: 2011-Present,https://www.congress.gov/member/eric-crawford/C001087,eric-crawford
C001120,Dan,,,Crenshaw,,Representative,house,Texas,TX,2,Republican,House: 2019-Present,https://www.congress.gov/member/dan-crenshaw/C001120,dan-crenshaw
C001130,Jasmine,,,Crockett,,Representative,house,Texas,TX,30,Democratic,House: 2023-Present,https://www.congress.gov/member/jasmine-crockett/C001130,jasmine-crockett
C001121,Jason,,,Crow,,Representative,house,Colorado,CO,6,Democratic,House: 2019-Present,https://www.congress.gov/member/jason-crow/C001121,jason-crow
C001098,Ted,,,Cruz,,Senator,senate,Texas,TX,,Republican,Senate: 2013-Present,https://www.congress.gov/member/ted-cruz/C001098,ted-cruz
C001063,Henry,,,Cuellar,,Representative,house,Texas,TX,28,Democratic,House: 2005-Present,https://www.congress.gov/member/henry-cuellar/C001063,henry-cuellar
C001114,John,R.,,Curtis,,Senator,senate,Utah,UT,,Republican,Senate: 2025-Present | House: 2017-2025,https://www.congress.gov/member/john-curtis/C001114,john-curtis
D000618,Steve,,,Daines,,Senator,senate,Montana,MT,,Republican,Senate: 2015-Present | House: 2013-2015,https://www.congress.gov/member/steve-daines/D000618,steve-daines
D000629,Sharice,,,Davids,,Representative,house,Kansas,KS,3,Democratic,House: 2019-Present,https://www.congress.gov/member/sharice-davids/D000629,sharice-davids
D000626,Warren,,,Davidson,,Representative,house,Ohio,OH,8,Republican,House: 2016-Present,https://www.congress.gov/member/warren-davidson/D000626,warren-davidson
D000096,Danny,K.,,Davis,,Representative,house,Illinois,IL,7,Democratic,House: 1997-Present,https://www.congress.gov/member/danny-davis/D000096,danny-davis
D000230,Donald,G.,,Davis,,Representative,house,North Carolina,NC,1,Democratic,House: 2023-Present,https://www.congress.gov/member/donald-davis/D000230,donald-davis
D000594,Monica,,,De La Cruz,,Representative,house,Texas,TX,15,Republican,House: 2023-Present,https://www.congress.gov/member/monica-de-la-cruz/D000594,monica-de-la-cruz
D000631,Madeleine,,,Dean,,Representative,house,Pennsylvania,PA,4,Democratic,House: 2019-Present,https://www.congress.gov/member/madeleine-dean/D000631,madeleine-dean
D000197,Diana,,,DeGette,,Representative,house,Colorado,CO,1,Democratic,House: 1997-Present,https://www.congress.gov/member/diana-degette/D000197,diana-degette
D000216,Rosa,L.,,DeLauro,,Representative,house,Connecticut,CT,3,Democratic,House: 1991-Present,https://www.congress.gov/member/rosa-delauro/D000216,rosa-delauro
D000617,Suzan,K.,,DelBene,,Representative,house,Washington,WA,1,Democratic,House: 2012-Present,https://www.congress.gov/member/suzan-delbene/D000617,suzan-delbene
D000530,Christopher,R.,,Deluzio,,Representative,house,Pennsylvania,PA,17,Democratic,House: 2023-Present,https://www.congress.gov/member/christopher-deluzio/D000530,christopher-deluzio
D000623,Mark,,,DeSaulnier,,Representative,house,California,CA,10,Democratic,House: 2015-Present,https://www.congress.gov/member/mark-desaulnier/D000623,mark-desaulnier
D000616,Scott,,,DesJarlais,,Representative,house,Tennessee,TN,4,Republican,House: 2011-Present,https://www.congress.gov/member/scott-desjarlais/D000616,scott-desjarlais
D000635,Maxine,,,Dexter,,Representative,house,Oregon,OR,3,Democratic,House: 2025-Present,https://www.congress.gov/member/maxine-dexter/D000635,maxine-dexter
D000600,Mario,,,Diaz-Balart,,Representative,house,Florida,FL,26,Republican,House: 2003-Present,https://www.congress.gov/member/mario-diaz-balart/D000600,mario-diaz-balart
D000624,Debbie,,,Dingell,,Representative,house,Michigan,MI,6,Democratic,House: 2015-Present,https://www.congress.gov/member/debbie-dingell/D000624,debbie-dingell
D000399,Lloyd,,,Doggett,,Representative,house,Texas,TX,37,Democratic,House: 1995-Present,https://www.congress.gov/member/lloyd-doggett/D000399,lloyd-doggett
D000032,Byron,,,Donalds,,Representative,house,Florida,FL,19,Republican,House: 2021-Present,https://www.congress.gov/member/byron-donalds/D000032,byron-donalds
D000634,Troy,,,Downing,,Representative,house,Montana,MT,2,Republican,House: 2025-Present,https://www.congress.gov/member/troy-downing/D000634,troy-downing
D000622,Tammy,,,Duckworth,,Senator,senate,Illinois,IL,,Democratic,Senate: 2017-Present | House: 2013-2017,https://www.congress.gov/member/tammy-duckworth/D000622,tammy-duckworth
D000628,Neal,P.,,Dunn,,Representative,house,Florida,FL,2,Republican,House: 2017-Present,https://www.congress.gov/member/neal-dunn/D000628,neal-dunn
D000563,Richard,J.,,Durbin,,Senator,senate,Illinois,IL,,Democratic,Senate: 1997-Present | House: 1983-1997,https://www.congress.gov/member/richard-durbin/D000563,richard-durbin
E000246,Chuck,,,Edwards,,Representative,house,North Carolina,NC,11,Republican,House: 2023-Present,https://www.congress.gov/member/chuck-edwards/E000246,chuck-edwards
E000301,Sarah,,,Elfreth,,Representative,house,Maryland,MD,3,Democratic,House: 2025-Present,https://www.congress.gov/member/sarah-elfreth/E000301,sarah-elfreth
E000071,Jake,,,Ellzey,,Representative,house,Texas,TX,6,Republican,House: 2021-Present,https://www.congress.gov/member/jake-ellzey/E000071,jake-ellzey
E000294,Tom,,,Emmer,,Representative,house,Minnesota,MN,6,Republican,House: 2015-Present,https://www.congress.gov/member/tom-emmer/E000294,tom-emmer
E000295,Joni,,,Ernst,,Senator,senate,Iowa,IA,,Republican,Senate: 2015-Present,https://www.congress.gov/member/joni-ernst/E000295,joni-ernst
E000299,Veronica,,,Escobar,,Representative,house,Texas,TX,16,Democratic,House: 2019-Present,https://www.congress.gov/member/veronica-escobar/E000299,veronica-escobar
E000297,Adriano,,,Espaillat,,Representative,house,New York,NY,13,Democratic,House: 2017-Present,https://www.congress.gov/member/adriano-espaillat/E000297,adriano-espaillat
E000298,Ron,,,Estes,,Representative,house,Kansas,KS,4,Republican,House: 2017-Present,https://www.congress.gov/member/ron-estes/E000298,ron-estes
E000296,Dwight,,,Evans,,Representative,house,Pennsylvania,PA,3,Democratic,House: 2016-Present,https://www.congress.gov/member/dwight-evans/E000296,dwight-evans
E000300,Gabe,,,Evans,,Representative,house,Colorado,CO,8,Republican,House: 2025-Present,https://www.congress.gov/member/gabe-evans/E000300,gabe-evans
E000235,Mike,,,Ezell,,Representative,house,Mississippi,MS,4,Republican,House: 2023-Present,https://www.congress.gov/member/mike-ezell/E000235,mike-ezell
F000246,Pat,,,Fallon,,Representative,house,Texas,TX,4,Republican,House: 2021-Present,https://www.congress.gov/member/pat-fallon/F000246,pat-fallon
F000482,Julie,,,Fedorchak,,Representative,house,North Dakota,ND,At Large,Republican,House: 2025-Present,https://www.congress.gov/member/julie-fedorchak/F000482,julie-fedorchak
F000446,Randy,,,Feenstra,,Representative,house,Iowa,IA,4,Republican,House: 2021-Present,https://www.congress.gov/member/randy-feenstra/F000446,randy-feenstra
F000479,John,,,Fetterman,,Senator,senate,Pennsylvania,PA,,Democratic,Senate: 2023-Present,https://www.congress.gov/member/john-fetterman/F000479,john-fetterman
F000110,Cleo,,,Fields,,Representative,house,Louisiana,LA,6,Democratic,"House: 1993-1997, 2025-Present",https://www.congress.gov/member/cleo-fields/F000110,cleo-fields
F000481,Shomari,,,Figures,,Representative,house,Alabama,AL,2,Democratic,House: 2025-Present,https://www.congress.gov/member/shomari-figures/F000481,shomari-figures
F000484,Randy,,,Fine,,Representative,house,Florida,FL,6,Republican,House: 2025-Present,https://www.congress.gov/member/randy-fine/F000484,randy-fine
F000475,Brad,,,Finstad,,Representative,house,Minnesota,MN,1,Republican,House: 2022-Present,https://www.congress.gov/member/brad-finstad/F000475,brad-finstad
F000470,Michelle,,,Fischbach,,Representative,house,Minnesota,MN,7,Republican,House: 2021-Present,https://www.congress.gov/member/michelle-fischbach/F000470,michelle-fischbach
F000463,Deb,,,Fischer,,Senator,senate,Nebraska,NE,,Republican,Senate: 2013-Present,https://www.congress.gov/member/deb-fischer/F000463,deb-fischer
F000471,Scott,,,Fitzgerald,,Representative,house,Wisconsin,WI,5,Republican,House: 2021-Present,https://www.congress.gov/member/scott-fitzgerald/F000471,scott-fitzgerald
F000466,Brian,K.,,Fitzpatrick,,Representative,house,Pennsylvania,PA,1,Republican,House: 2017-Present,https://www.congress.gov/member/brian-fitzpatrick/F000466,brian-fitzpatrick
F000459,Charles,J.,Chuck,Fleischmann,,Representative,house,Tennessee,TN,3,Republican,House: 2011-Present,https://www.congress.gov/member/charles-fleischmann/F000459,charles-fleischmann
F000468,Lizzie,,,Fletcher,,Representative,house,Texas,TX,7,Democratic,House: 2019-Present,https://www.congress.gov/member/lizzie-fletcher/F000468,lizzie-fletcher
F000474,Mike,,,Flood,,Representative,house,Nebraska,NE,1,Republican,House: 2022-Present,https://www.congress.gov/member/mike-flood/F000474,mike-flood
F000480,Vince,,,Fong,,Representative,house,California,CA,20,Republican,House: 2024-Present,https://www.congress.gov/member/vince-fong/F000480,vince-fong
F000454,Bill,,,Foster,,Representative,house,Illinois,IL,11,Democratic,"House: 2008-2011, 2013-Present",https://www.congress.gov/member/bill-foster/F000454,bill-foster
F000477,Valerie,P.,,Foushee,,Representative,house,North Carolina,NC,4,Democratic,House: 2023-Present,https://www.congress.gov/member/valerie-foushee/F000477,valerie-foushee
F000450,Virginia,,,Foxx,,Representative,house,North Carolina,NC,5,Republican,House: 2005-Present,https://www.congress.gov/member/virginia-foxx/F000450,virginia-foxx
F000462,Lois,,,Frankel,,Representative,house,Florida,FL,22,Democratic,House: 2013-Present,https://www.congress.gov/member/lois-frankel/F000462,lois-frankel
F000472,Scott,,,Franklin,,Representative,house,Florida,FL,18,Republican,House: 2021-Present,https://www.congress.gov/member/scott-franklin/F000472,scott-franklin
F000483,Laura,,,Friedman,,Representative,house,California,CA,30,Democratic,House: 2025-Present,https://www.congress.gov/member/laura-friedman/F000483,laura-friedman
F000476,Maxwell,,,Frost,,Representative,house,Florida,FL,10,Democratic,House: 2023-Present,https://www.congress.gov/member/maxwell-frost/F000476,maxwell-frost
F000478,Russell,,,Fry,,Representative,house,South Carolina,SC,7,Republican,House: 2023-Present,https://www.congress.gov/member/russell-fry/F000478,russell-fry
F000469,Russ,,,Fulcher,,Representative,house,Idaho,ID,1,Republican,House: 2019-Present,https://www.congress.gov/member/russ-fulcher/F000469,russ-fulcher
G000574,Ruben,,,Gallego,,Senator,senate,Arizona,AZ,,Democratic,Senate: 2025-Present | House: 2015-2025,https://www.congress.gov/member/ruben-gallego/G000574,ruben-gallego
G000559,John,,,Garamendi,,Representative,house,California,CA,8,Democratic,House: 2009-Present,https://www.congress.gov/member/john-garamendi/G000559,john-garamendi
G000597,Andrew,R.,,Garbarino,,Representative,house,New York,NY,2,Republican,House: 2021-Present,https://www.congress.gov/member/andrew-garbarino/G000597,andrew-garbarino
G000586,Jes�s,G.,Chuy,Garc�a,,Representative,house,Illinois,IL,4,Democratic,House: 2019-Present,https://www.congress.gov/member/jesus-garcia/G000586,jesus-garcia
G000598,Robert,,,Garcia,,Representative,house,California,CA,42,Democratic,House: 2023-Present,https://www.congress.gov/member/robert-garcia/G000598,robert-garcia
G000587,Sylvia,R.,,Garcia,,Representative,house,Texas,TX,29,Democratic,House: 2019-Present,https://www.congress.gov/member/sylvia-garcia/G000587,sylvia-garcia
G000603,Brandon,,,Gill,,Representative,house,Texas,TX,26,Republican,House: 2025-Present,https://www.congress.gov/member/brandon-gill/G000603,brandon-gill
G000602,Laura,,,Gillen,,Representative,house,New York,NY,4,Democratic,House: 2025-Present,https://www.congress.gov/member/laura-gillen/G000602,laura-gillen
G000555,Kirsten,E.,,Gillibrand,,Senator,senate,New York,NY,,Democratic,Senate: 2009-Present | House: 2007-2009,https://www.congress.gov/member/kirsten-gillibrand/G000555,kirsten-gillibrand
G000593,Carlos,A.,,Gimenez,,Representative,house,Florida,FL,28,Republican,House: 2021-Present,https://www.congress.gov/member/carlos-gimenez/G000593,carlos-gimenez
G000592,Jared,F.,,Golden,,Representative,house,Maine,ME,2,Democratic,House: 2019-Present,https://www.congress.gov/member/jared-golden/G000592,jared-golden
G000601,Craig,A.,,Goldman,,Representative,house,Texas,TX,12,Republican,House: 2025-Present,https://www.congress.gov/member/craig-goldman/G000601,craig-goldman
G000599,Daniel,S.,,Goldman,,Representative,house,New York,NY,10,Democratic,House: 2023-Present,https://www.congress.gov/member/daniel-goldman/G000599,daniel-goldman
G000585,Jimmy,,,Gomez,,Representative,house,California,CA,34,Democratic,House: 2017-Present,https://www.congress.gov/member/jimmy-gomez/G000585,jimmy-gomez
G000594,Tony,,,Gonzales,,Representative,house,Texas,TX,23,Republican,House: 2021-Present,https://www.congress.gov/member/tony-gonzales/G000594,tony-gonzales
G000581,Vicente,,,Gonzalez,,Representative,house,Texas,TX,34,Democratic,House: 2017-Present,https://www.congress.gov/member/vicente-gonzalez/G000581,vicente-gonzalez
G000589,Lance,,,Gooden,,Representative,house,Texas,TX,5,Republican,House: 2019-Present,https://www.congress.gov/member/lance-gooden/G000589,lance-gooden
G000604,Maggie,,,Goodlander,,Representative,house,New Hampshire,NH,2,Democratic,House: 2025-Present,https://www.congress.gov/member/maggie-goodlander/G000604,maggie-goodlander
G000565,Paul,A.,,Gosar,,Representative,house,Arizona,AZ,9,Republican,House: 2011-Present,https://www.congress.gov/member/paul-gosar/G000565,paul-gosar
G000583,Josh,,,Gottheimer,,Representative,house,New Jersey,NJ,5,Democratic,House: 2017-Present,https://www.congress.gov/member/josh-gottheimer/G000583,josh-gottheimer
G000359,Lindsey,,,Graham,,Senator,senate,South Carolina,SC,,Republican,Senate: 2003-Present | House: 1995-2003,https://www.congress.gov/member/lindsey-graham/G000359,lindsey-graham
G000386,Chuck,,,Grassley,,Senator,senate,Iowa,IA,,Republican,Senate: 1981-Present | House: 1975-1981,https://www.congress.gov/member/chuck-grassley/G000386,chuck-grassley
G000546,Sam,,,Graves,,Representative,house,Missouri,MO,6,Republican,House: 2001-Present,https://www.congress.gov/member/sam-graves/G000546,sam-graves
G000605,Adam,,,Gray,,Representative,house,California,CA,13,Democratic,House: 2025-Present,https://www.congress.gov/member/adam-gray/G000605,adam-gray
G000553,Al,,,Green,,Representative,house,Texas,TX,9,Democratic,House: 2005-Present,https://www.congress.gov/member/al-green/G000553,al-green
G000590,Mark,E.,,Green,,Representative,house,Tennessee,TN,7,Republican,House: 2019-2025,https://www.congress.gov/member/mark-green/G000590,mark-green
G000596,Marjorie,Taylor,,Greene,,Representative,house,Georgia,GA,14,Republican,House: 2021-Present,https://www.congress.gov/member/marjorie-greene/G000596,marjorie-greene
G000568,H.,Morgan,,Griffith,,Representative,house,Virginia,VA,9,Republican,House: 2011-Present,https://www.congress.gov/member/h-griffith/G000568,h-griffith
G000551,Ra�l,M.,,Grijalva,,Representative,house,Arizona,AZ,7,Democratic,House: 2003-2025,https://www.congress.gov/member/raul-grijalva/G000551,raul-grijalva
G000576,Glenn,,,Grothman,,Representative,house,Wisconsin,WI,6,Republican,House: 2015-Present,https://www.congress.gov/member/glenn-grothman/G000576,glenn-grothman
G000591,Michael,,,Guest,,Representative,house,Mississippi,MS,3,Republican,House: 2019-Present,https://www.congress.gov/member/michael-guest/G000591,michael-guest
G000558,Brett,,,Guthrie,,Representative,house,Kentucky,KY,2,Republican,House: 2009-Present,https://www.congress.gov/member/brett-guthrie/G000558,brett-guthrie
H001096,Harriet,M.,,Hageman,,Representative,house,Wyoming,WY,At Large,Republican,House: 2023-Present,https://www.congress.gov/member/harriet-hageman/H001096,harriet-hageman
H000601,Bill,,,Hagerty,,Senator,senate,Tennessee,TN,,Republican,Senate: 2021-Present,https://www.congress.gov/member/bill-hagerty/H000601,bill-hagerty
H001098,Abraham,J.,,Hamadeh,,Representative,house,Arizona,AZ,8,Republican,House: 2025-Present,https://www.congress.gov/member/abraham-hamadeh/H001098,abraham-hamadeh
H001090,Josh,,,Harder,,Representative,house,California,CA,9,Democratic,House: 2019-Present,https://www.congress.gov/member/josh-harder/H001090,josh-harder
H001099,Mike,,,Haridopolos,,Representative,house,Florida,FL,8,Republican,House: 2025-Present,https://www.congress.gov/member/mike-haridopolos/H001099,mike-haridopolos
H001101,Pat,,,Harrigan,,Representative,house,North Carolina,NC,10,Republican,House: 2025-Present,https://www.congress.gov/member/pat-harrigan/H001101,pat-harrigan
H001052,Andy,,,Harris,,Representative,house,Maryland,MD,1,Republican,House: 2011-Present,https://www.congress.gov/member/andy-harris/H001052,andy-harris
H001102,Mark,,,Harris,,Representative,house,North Carolina,NC,8,Republican,House: 2025-Present,https://www.congress.gov/member/mark-harris/H001102,mark-harris
H001086,Diana,,,Harshbarger,,Representative,house,Tennessee,TN,1,Republican,House: 2021-Present,https://www.congress.gov/member/diana-harshbarger/H001086,diana-harshbarger
H001076,Margaret,Wood,,Hassan,,Senator,senate,New Hampshire,NH,,Democratic,Senate: 2017-Present,https://www.congress.gov/member/maggie-hassan/H001076,maggie-hassan
H001089,Josh,,,Hawley,,Senator,senate,Missouri,MO,,Republican,Senate: 2019-Present,https://www.congress.gov/member/josh-hawley/H001089,josh-hawley
H001081,Jahana,,,Hayes,,Representative,house,Connecticut,CT,5,Democratic,House: 2019-Present,https://www.congress.gov/member/jahana-hayes/H001081,jahana-hayes
H001046,Martin,,,Heinrich,,Senator,senate,New Mexico,NM,,Democratic,Senate: 2013-Present | House: 2009-2013,https://www.congress.gov/member/martin-heinrich/H001046,martin-heinrich
H001082,Kevin,,,Hern,,Representative,house,Oklahoma,OK,1,Republican,House: 2018-Present,https://www.congress.gov/member/kevin-hern/H001082,kevin-hern
H001103,Pablo,Jose,,Hern�ndez,,Resident Commissioner,house,Puerto Rico,PR,At Large,Democratic,House: 2025-Present,https://www.congress.gov/member/pablo-hernandez/H001103,pablo-hernandez
H000273,John,W.,,Hickenlooper,,Senator,senate,Colorado,CO,,Democratic,Senate: 2021-Present,https://www.congress.gov/member/john-hickenlooper/H000273,john-hickenlooper
H001077,Clay,,,Higgins,,Representative,house,Louisiana,LA,3,Republican,House: 2017-Present,https://www.congress.gov/member/clay-higgins/H001077,clay-higgins
H001072,J.,French,,Hill,,Representative,house,Arkansas,AR,2,Republican,House: 2015-Present,https://www.congress.gov/member/j-hill/H001072,j-hill
H001047,James,A.,,Himes,,Representative,house,Connecticut,CT,4,Democratic,House: 2009-Present,https://www.congress.gov/member/james-himes/H001047,james-himes
H001091,Ashley,,,Hinson,,Representative,house,Iowa,IA,2,Republican,House: 2021-Present,https://www.congress.gov/member/ashley-hinson/H001091,ashley-hinson
H001042,Mazie,K.,,Hirono,,Senator,senate,Hawaii,HI,,Democratic,Senate: 2013-Present | House: 2007-2013,https://www.congress.gov/member/mazie-hirono/H001042,mazie-hirono
H001061,John,,,Hoeven,,Senator,senate,North Dakota,ND,,Republican,Senate: 2011-Present,https://www.congress.gov/member/john-hoeven/H001061,john-hoeven
H001066,Steven,,,Horsford,,Representative,house,Nevada,NV,4,Democratic,"House: 2013-2015, 2019-Present",https://www.congress.gov/member/steven-horsford/H001066,steven-horsford
H001093,Erin,,,Houchin,,Representative,house,Indiana,IN,9,Republican,House: 2023-Present,https://www.congress.gov/member/erin-houchin/H001093,erin-houchin
H001085,Chrissy,,,Houlahan,,Representative,house,Pennsylvania,PA,6,Democratic,House: 2019-Present,https://www.congress.gov/member/chrissy-houlahan/H001085,chrissy-houlahan
H000874,Steny,H.,,Hoyer,,Representative,house,Maryland,MD,5,Democratic,House: 1981-Present,https://www.congress.gov/member/steny-hoyer/H000874,steny-hoyer
H001094,Val,T.,,Hoyle,,Representative,house,Oregon,OR,4,Democratic,House: 2023-Present,https://www.congress.gov/member/val-hoyle/H001094,val-hoyle
H001067,Richard,,,Hudson,,Representative,house,North Carolina,NC,9,Republican,House: 2013-Present,https://www.congress.gov/member/richard-hudson/H001067,richard-hudson
H001068,Jared,,,Huffman,,Representative,house,California,CA,2,Democratic,House: 2013-Present,https://www.congress.gov/member/jared-huffman/H001068,jared-huffman
H001058,Bill,,,Huizenga,,Representative,house,Michigan,MI,4,Republican,House: 2011-Present,https://www.congress.gov/member/bill-huizenga/H001058,bill-huizenga
H001095,Wesley,,,Hunt,,Representative,house,Texas,TX,38,Republican,House: 2023-Present,https://www.congress.gov/member/wesley-hunt/H001095,wesley-hunt
H001100,Jeff,,,Hurd,,Representative,house,Colorado,CO,3,Republican,House: 2025-Present,https://www.congress.gov/member/jeff-hurd/H001100,jeff-hurd
H001104,Jon,,,Husted,,Senator,senate,Ohio,OH,,Republican,Senate: 2025-Present,https://www.congress.gov/member/jon-husted/H001104,jon-husted
H001079,Cindy,,,Hyde-Smith,,Senator,senate,Mississippi,MS,,Republican,Senate: 2018-Present,https://www.congress.gov/member/cindy-hyde-smith/H001079,cindy-hyde-smith
I000056,Darrell,,,Issa,,Representative,house,California,CA,48,Republican,"House: 2001-2019, 2021-Present",https://www.congress.gov/member/darrell-issa/I000056,darrell-issa
I000058,Glenn,,,Ivey,,Representative,house,Maryland,MD,4,Democratic,House: 2023-Present,https://www.congress.gov/member/glenn-ivey/I000058,glenn-ivey
J000311,Brian,,,Jack,,Representative,house,Georgia,GA,3,Republican,House: 2025-Present,https://www.congress.gov/member/brian-jack/J000311,brian-jack
J000309,Jonathan,L.,,Jackson,,Representative,house,Illinois,IL,1,Democratic,House: 2023-Present,https://www.congress.gov/member/jonathan-jackson/J000309,jonathan-jackson
J000304,Ronny,,,Jackson,,Representative,house,Texas,TX,13,Republican,House: 2021-Present,https://www.congress.gov/member/ronny-jackson/J000304,ronny-jackson
J000305,Sara,,,Jacobs,,Representative,house,California,CA,51,Democratic,House: 2021-Present,https://www.congress.gov/member/sara-jacobs/J000305,sara-jacobs
J000307,John,,,James,,Representative,house,Michigan,MI,10,Republican,House: 2023-Present,https://www.congress.gov/member/john-james/J000307,john-james
J000298,Pramila,,,Jayapal,,Representative,house,Washington,WA,7,Democratic,House: 2017-Present,https://www.congress.gov/member/pramila-jayapal/J000298,pramila-jayapal
J000294,Hakeem,S.,,Jeffries,,Representative,house,New York,NY,8,Democratic,House: 2013-Present,https://www.congress.gov/member/hakeem-jeffries/J000294,hakeem-jeffries
J000301,Dusty,,,Johnson,,Representative,house,South Dakota,SD,At Large,Republican,House: 2019-Present,https://www.congress.gov/member/dusty-johnson/J000301,dusty-johnson
J000288,Henry,C.,Hank,Johnson,,Representative,house,Georgia,GA,4,Democratic,House: 2007-Present,https://www.congress.gov/member/henry-johnson/J000288,henry-johnson
J000310,Julie,,,Johnson,,Representative,house,Texas,TX,32,Democratic,House: 2025-Present,https://www.congress.gov/member/julie-johnson/J000310,julie-johnson
J000299,Mike,,,Johnson,,Representative,house,Louisiana,LA,4,Republican,House: 2017-Present,https://www.congress.gov/member/mike-johnson/J000299,mike-johnson
J000293,Ron,,,Johnson,,Senator,senate,Wisconsin,WI,,Republican,Senate: 2011-Present,https://www.congress.gov/member/ron-johnson/J000293,ron-johnson
J000289,Jim,,,Jordan,,Representative,house,Ohio,OH,4,Republican,House: 2007-Present,https://www.congress.gov/member/jim-jordan/J000289,jim-jordan
J000295,David,P.,,Joyce,,Representative,house,Ohio,OH,14,Republican,House: 2013-Present,https://www.congress.gov/member/david-joyce/J000295,david-joyce
J000302,John,,,Joyce,,Representative,house,Pennsylvania,PA,13,Republican,House: 2019-Present,https://www.congress.gov/member/john-joyce/J000302,john-joyce
J000312,James,C.,,Justice,,Senator,senate,West Virginia,WV,,Republican,Senate: 2025-Present,https://www.congress.gov/member/james-justice/J000312,james-justice
K000384,Tim,,,Kaine,,Senator,senate,Virginia,VA,,Democratic,Senate: 2013-Present,https://www.congress.gov/member/timothy-kaine/K000384,timothy-kaine
K000400,Sydney,,,Kamlager-Dove,,Representative,house,California,CA,37,Democratic,House: 2023-Present,https://www.congress.gov/member/sydney-kamlager-dove/K000400,sydney-kamlager-dove
K000009,Marcy,,,Kaptur,,Representative,house,Ohio,OH,9,Democratic,House: 1983-Present,https://www.congress.gov/member/marcy-kaptur/K000009,marcy-kaptur
K000398,Thomas,H.,,Kean,,Representative,house,New Jersey,NJ,7,Republican,House: 2023-Present,https://www.congress.gov/member/thomas-kean/K000398,thomas-kean
K000375,William,R.,,Keating,,Representative,house,Massachusetts,MA,9,Democratic,House: 2011-Present,https://www.congress.gov/member/william-keating/K000375,william-keating
K000377,Mark,,,Kelly,,Senator,senate,Arizona,AZ,,Democratic,Senate: 2020-Present,https://www.congress.gov/member/mark-kelly/K000377,mark-kelly
K000376,Mike,,,Kelly,,Representative,house,Pennsylvania,PA,16,Republican,House: 2011-Present,https://www.congress.gov/member/mike-kelly/K000376,mike-kelly
K000385,Robin,L.,,Kelly,,Representative,house,Illinois,IL,2,Democratic,House: 2013-Present,https://www.congress.gov/member/robin-kelly/K000385,robin-kelly
K000388,Trent,,,Kelly,,Representative,house,Mississippi,MS,1,Republican,House: 2015-Present,https://www.congress.gov/member/trent-kelly/K000388,trent-kelly
K000393,John,,,Kennedy,,Senator,senate,Louisiana,LA,,Republican,Senate: 2017-Present,https://www.congress.gov/member/john-kennedy/K000393,john-kennedy
K000403,Mike,,,Kennedy,,Representative,house,Utah,UT,3,Republican,House: 2025-Present,https://www.congress.gov/member/mike-kennedy/K000403,mike-kennedy
K000402,Timothy,M.,,Kennedy,,Representative,house,New York,NY,26,Democratic,House: 2024-Present,https://www.congress.gov/member/timothy-kennedy/K000402,timothy-kennedy
K000389,Ro,,,Khanna,,Representative,house,California,CA,17,Democratic,House: 2017-Present,https://www.congress.gov/member/ro-khanna/K000389,ro-khanna
K000399,Jennifer,A.,,Kiggans,,Representative,house,Virginia,VA,2,Republican,House: 2023-Present,https://www.congress.gov/member/jennifer-kiggans/K000399,jennifer-kiggans
K000401,Kevin,,,Kiley,,Representative,house,California,CA,3,Republican,House: 2023-Present,https://www.congress.gov/member/kevin-kiley/K000401,kevin-kiley
K000394,Andy,,,Kim,,Senator,senate,New Jersey,NJ,,Democratic,Senate: 2024-Present | House: 2019-2024,https://www.congress.gov/member/andy-kim/K000394,andy-kim
K000397,Young,,,Kim,,Representative,house,California,CA,40,Republican,House: 2021-Present,https://www.congress.gov/member/young-kim/K000397,young-kim
K000383,Angus,S.,,King,Jr.,Senator,senate,Maine,ME,,Independent,Senate: 2013-Present,https://www.congress.gov/member/angus-king/K000383,angus-king
K000404,Kimberlyn,,,King-Hinds,,Delegate,house,Northern Mariana Islands,MP,At Large,Republican,House: 2025-Present,https://www.congress.gov/member/kimberlyn-king-hinds/K000404,kimberlyn-king-hinds
K000367,Amy,,,Klobuchar,,Senator,senate,Minnesota,MN,,Democratic,Senate: 2007-Present,https://www.congress.gov/member/amy-klobuchar/K000367,amy-klobuchar
K000405,Brad,,,Knott,,Representative,house,North Carolina,NC,13,Republican,House: 2025-Present,https://www.congress.gov/member/brad-knott/K000405,brad-knott
K000391,Raja,,,Krishnamoorthi,,Representative,house,Illinois,IL,8,Democratic,House: 2017-Present,https://www.congress.gov/member/raja-krishnamoorthi/K000391,raja-krishnamoorthi
K000392,David,,,Kustoff,,Representative,house,Tennessee,TN,8,Republican,House: 2017-Present,https://www.congress.gov/member/david-kustoff/K000392,david-kustoff
L000585,Darin,,,LaHood,,Representative,house,Illinois,IL,16,Republican,House: 2015-Present,https://www.congress.gov/member/darin-lahood/L000585,darin-lahood
L000598,Nick,,,LaLota,,Representative,house,New York,NY,1,Republican,House: 2023-Present,https://www.congress.gov/member/nick-lalota/L000598,nick-lalota
L000578,Doug,,,LaMalfa,,Representative,house,California,CA,1,Republican,House: 2013-Present,https://www.congress.gov/member/doug-lamalfa/L000578,doug-lamalfa
L000601,Greg,,,Landsman,,Representative,house,Ohio,OH,1,Democratic,House: 2023-Present,https://www.congress.gov/member/greg-landsman/L000601,greg-landsman
L000600,Nicholas,A.,,Langworthy,,Representative,house,New York,NY,23,Republican,House: 2023-Present,https://www.congress.gov/member/nicholas-langworthy/L000600,nicholas-langworthy
L000575,James,,,Lankford,,Senator,senate,Oklahoma,OK,,Republican,Senate: 2015-Present | House: 2011-2015,https://www.congress.gov/member/james-lankford/L000575,james-lankford
L000560,Rick,,,Larsen,,Representative,house,Washington,WA,2,Democratic,House: 2001-Present,https://www.congress.gov/member/rick-larsen/L000560,rick-larsen
L000557,John,B.,,Larson,,Representative,house,Connecticut,CT,1,Democratic,House: 1999-Present,https://www.congress.gov/member/john-larson/L000557,john-larson
L000606,George,,,Latimer,,Representative,house,New York,NY,16,Democratic,House: 2025-Present,https://www.congress.gov/member/george-latimer/L000606,george-latimer
L000566,Robert,E.,,Latta,,Representative,house,Ohio,OH,5,Republican,House: 2007-Present,https://www.congress.gov/member/robert-latta/L000566,robert-latta
L000599,Michael,,,Lawler,,Representative,house,New York,NY,17,Republican,House: 2023-Present,https://www.congress.gov/member/michael-lawler/L000599,michael-lawler
L000597,Laurel,M.,,Lee,,Representative,house,Florida,FL,15,Republican,House: 2023-Present,https://www.congress.gov/member/laurel-lee/L000597,laurel-lee
L000577,Mike,,,Lee,,Senator,senate,Utah,UT,,Republican,Senate: 2011-Present,https://www.congress.gov/member/mike-lee/L000577,mike-lee
L000602,Summer,L.,,Lee,,Representative,house,Pennsylvania,PA,12,Democratic,House: 2023-Present,https://www.congress.gov/member/summer-lee/L000602,summer-lee
L000590,Susie,,,Lee,,Representative,house,Nevada,NV,3,Democratic,House: 2019-Present,https://www.congress.gov/member/susie-lee/L000590,susie-lee
L000273,Teresa,,,Leger Fernandez,,Representative,house,New Mexico,NM,3,Democratic,House: 2021-Present,https://www.congress.gov/member/teresa-leger-fernandez/L000273,teresa-leger-fernandez
L000595,Julia,,,Letlow,,Representative,house,Louisiana,LA,5,Republican,House: 2021-Present,https://www.congress.gov/member/julia-letlow/L000595,julia-letlow
L000593,Mike,,,Levin,,Representative,house,California,CA,49,Democratic,House: 2019-Present,https://www.congress.gov/member/mike-levin/L000593,mike-levin
L000607,Sam,T.,,Liccardo,,Representative,house,California,CA,16,Democratic,House: 2025-Present,https://www.congress.gov/member/sam-liccardo/L000607,sam-liccardo
L000582,Ted,,,Lieu,,Representative,house,California,CA,36,Democratic,House: 2015-Present,https://www.congress.gov/member/ted-lieu/L000582,ted-lieu
L000397,Zoe,,,Lofgren,,Representative,house,California,CA,18,Democratic,House: 1995-Present,https://www.congress.gov/member/zoe-lofgren/L000397,zoe-lofgren
L000583,Barry,,,Loudermilk,,Representative,house,Georgia,GA,11,Republican,House: 2015-Present,https://www.congress.gov/member/barry-loudermilk/L000583,barry-loudermilk
L000491,Frank,D.,,Lucas,,Representative,house,Oklahoma,OK,3,Republican,House: 1993-Present,https://www.congress.gov/member/frank-lucas/L000491,frank-lucas
L000570,Ben,Ray,,Luj�n,,Senator,senate,New Mexico,NM,,Democratic,Senate: 2021-Present | House: 2009-2021,https://www.congress.gov/member/ben-lujan/L000570,ben-lujan
L000571,Cynthia,M.,,Lummis,,Senator,senate,Wyoming,WY,,Republican,Senate: 2021-Present | House: 2009-2017,https://www.congress.gov/member/cynthia-lummis/L000571,cynthia-lummis
L000596,Anna,Paulina,,Luna,,Representative,house,Florida,FL,13,Republican,House: 2023-Present,https://www.congress.gov/member/anna-paulina-luna/L000596,anna-paulina-luna
L000603,Morgan,,,Luttrell,,Representative,house,Texas,TX,8,Republican,House: 2023-Present,https://www.congress.gov/member/morgan-luttrell/L000603,morgan-luttrell
L000562,Stephen,F.,,Lynch,,Representative,house,Massachusetts,MA,8,Democratic,House: 2001-Present,https://www.congress.gov/member/stephen-lynch/L000562,stephen-lynch
M000194,Nancy,,,Mace,,Representative,house,South Carolina,SC,1,Republican,House: 2021-Present,https://www.congress.gov/member/nancy-mace/M000194,nancy-mace
M001230,Ryan,,,Mackenzie,,Representative,house,Pennsylvania,PA,7,Republican,House: 2025-Present,https://www.congress.gov/member/ryan-mackenzie/M001230,ryan-mackenzie
M001223,Seth,,,Magaziner,,Representative,house,Rhode Island,RI,2,Democratic,House: 2023-Present,https://www.congress.gov/member/seth-magaziner/M001223,seth-magaziner
M000317,Nicole,,,Malliotakis,,Representative,house,New York,NY,11,Republican,House: 2021-Present,https://www.congress.gov/member/nicole-malliotakis/M000317,nicole-malliotakis
M001228,Celeste,,,Maloy,,Representative,house,Utah,UT,2,Republican,House: 2023-Present,https://www.congress.gov/member/celeste-maloy/M001228,celeste-maloy
M000871,Tracey,,,Mann,,Representative,house,Kansas,KS,1,Republican,House: 2021-Present,https://www.congress.gov/member/tracey-mann/M000871,tracey-mann
M001231,John,W.,,Mannion,,Representative,house,New York,NY,22,Democratic,House: 2025-Present,https://www.congress.gov/member/john-mannion/M001231,john-mannion
M000133,Edward,J.,,Markey,,Senator,senate,Massachusetts,MA,,Democratic,Senate: 2013-Present | House: 1977-2013,https://www.congress.gov/member/edward-markey/M000133,edward-markey
M001198,Roger,,,Marshall,,Senator,senate,Kansas,KS,,Republican,Senate: 2021-Present | House: 2017-2021,https://www.congress.gov/member/roger-marshall/M001198,roger-marshall
M001184,Thomas,,,Massie,,Representative,house,Kentucky,KY,4,Republican,House: 2012-Present,https://www.congress.gov/member/thomas-massie/M001184,thomas-massie
M001199,Brian,J.,,Mast,,Representative,house,Florida,FL,21,Republican,House: 2017-Present,https://www.congress.gov/member/brian-mast/M001199,brian-mast
M001163,Doris,O.,,Matsui,,Representative,house,California,CA,7,Democratic,House: 2005-Present,https://www.congress.gov/member/doris-matsui/M001163,doris-matsui
M001208,Lucy,,,McBath,,Representative,house,Georgia,GA,6,Democratic,House: 2019-Present,https://www.congress.gov/member/lucy-mcbath/M001208,lucy-mcbath
M001238,Sarah,,,McBride,,Representative,house,Delaware,DE,At Large,Democratic,House: 2025-Present,https://www.congress.gov/member/sarah-mcbride/M001238,sarah-mcbride
M001157,Michael,T.,,McCaul,,Representative,house,Texas,TX,10,Republican,House: 2005-Present,https://www.congress.gov/member/michael-mccaul/M001157,michael-mccaul
M001232,April,,,McClain Delaney,,Representative,house,Maryland,MD,6,Democratic,House: 2025-Present,https://www.congress.gov/member/april-mcclain-delaney/M001232,april-mcclain-delaney
M001136,Lisa,C.,,McClain,,Representative,house,Michigan,MI,9,Republican,House: 2021-Present,https://www.congress.gov/member/lisa-mcclain/M001136,lisa-mcclain
M001227,Jennifer,L.,,McClellan,,Representative,house,Virginia,VA,4,Democratic,House: 2023-Present,https://www.congress.gov/member/jennifer-mcclellan/M001227,jennifer-mcclellan
M001177,Tom,,,McClintock,,Representative,house,California,CA,5,Republican,House: 2009-Present,https://www.congress.gov/member/tom-mcclintock/M001177,tom-mcclintock
M001143,Betty,,,McCollum,,Representative,house,Minnesota,MN,4,Democratic,House: 2001-Present,https://www.congress.gov/member/betty-mccollum/M001143,betty-mccollum
M000355,Mitch,,,McConnell,,Senator,senate,Kentucky,KY,,Republican,Senate: 1985-Present,https://www.congress.gov/member/mitch-mcconnell/M000355,mitch-mcconnell
M001243,David,,,McCormick,,Senator,senate,Pennsylvania,PA,,Republican,Senate: 2025-Present,https://www.congress.gov/member/david-mccormick/M001243,david-mccormick
M001218,Richard,,,McCormick,,Representative,house,Georgia,GA,7,Republican,House: 2023-Present,https://www.congress.gov/member/richard-mccormick/M001218,richard-mccormick
M001237,Kristen,,,McDonald Rivet,,Representative,house,Michigan,MI,8,Democratic,House: 2025-Present,https://www.congress.gov/member/kristen-mcdonald-rivet/M001237,kristen-mcdonald-rivet
M001240,Addison,P.,,McDowell,,Representative,house,North Carolina,NC,6,Republican,House: 2025-Present,https://www.congress.gov/member/addison-mcdowell/M001240,addison-mcdowell
M001220,Morgan,,,McGarvey,,Representative,house,Kentucky,KY,3,Democratic,House: 2023-Present,https://www.congress.gov/member/morgan-mcgarvey/M001220,morgan-mcgarvey
M000312,James,P.,,McGovern,,Representative,house,Massachusetts,MA,2,Democratic,House: 1997-Present,https://www.congress.gov/member/james-mcgovern/M000312,james-mcgovern
M001239,John,J.,,McGuire,,Representative,house,Virginia,VA,5,Republican,House: 2025-Present,https://www.congress.gov/member/john-mcguire/M001239,john-mcguire
M001229,LaMonica,,,McIver,,Representative,house,New Jersey,NJ,10,Democratic,House: 2024-Present,https://www.congress.gov/member/lamonica-mciver/M001229,lamonica-mciver
M001137,Gregory,W.,,Meeks,,Representative,house,New York,NY,5,Democratic,House: 1997-Present,https://www.congress.gov/member/gregory-meeks/M001137,gregory-meeks
M001226,Robert,,,Menendez,,Representative,house,New Jersey,NJ,8,Democratic,House: 2023-Present,https://www.congress.gov/member/robert-menendez/M001226,robert-menendez
M001188,Grace,,,Meng,,Representative,house,New York,NY,6,Democratic,House: 2013-Present,https://www.congress.gov/member/grace-meng/M001188,grace-meng
M001176,Jeff,,,Merkley,,Senator,senate,Oregon,OR,,Democratic,Senate: 2009-Present,https://www.congress.gov/member/jeff-merkley/M001176,jeff-merkley
M001233,Mark,B.,,Messmer,,Representative,house,Indiana,IN,8,Republican,House: 2025-Present,https://www.congress.gov/member/mark-messmer/M001233,mark-messmer
M001204,Daniel,,,Meuser,,Representative,house,Pennsylvania,PA,9,Republican,House: 2019-Present,https://www.congress.gov/member/daniel-meuser/M001204,daniel-meuser
M000687,Kweisi,,,Mfume,,Representative,house,Maryland,MD,7,Democratic,"House: 1987-1997, 2020-Present",https://www.congress.gov/member/kweisi-mfume/M000687,kweisi-mfume
M001205,Carol,D.,,Miller,,Representative,house,West Virginia,WV,1,Republican,House: 2019-Present,https://www.congress.gov/member/carol-miller/M001205,carol-miller
M001211,Mary,E.,,Miller,,Representative,house,Illinois,IL,15,Republican,House: 2021-Present,https://www.congress.gov/member/mary-miller/M001211,mary-miller
M001222,Max,L.,,Miller,,Representative,house,Ohio,OH,7,Republican,House: 2023-Present,https://www.congress.gov/member/max-miller/M001222,max-miller
M001215,Mariannette,,,Miller-Meeks,,Representative,house,Iowa,IA,1,Republican,House: 2021-Present,https://www.congress.gov/member/mariannette-miller-meeks/M001215,mariannette-miller-meeks
M001216,Cory,,,Mills,,Representative,house,Florida,FL,7,Republican,House: 2023-Present,https://www.congress.gov/member/cory-mills/M001216,cory-mills
M001241,Dave,,,Min,,Representative,house,California,CA,47,Democratic,House: 2025-Present,https://www.congress.gov/member/dave-min/M001241,dave-min
M001244,Ashley,,,Moody,,Senator,senate,Florida,FL,,Republican,Senate: 2025-Present,https://www.congress.gov/member/ashley-moody/M001244,ashley-moody
M001194,John,R.,,Moolenaar,,Representative,house,Michigan,MI,2,Republican,House: 2015-Present,https://www.congress.gov/member/john-moolenaar/M001194,john-moolenaar
M001212,Barry,,,Moore,,Representative,house,Alabama,AL,1,Republican,House: 2021-Present,https://www.congress.gov/member/barry-moore/M001212,barry-moore
M001213,Blake,D.,,Moore,,Representative,house,Utah,UT,1,Republican,House: 2021-Present,https://www.congress.gov/member/blake-moore/M001213,blake-moore
M001160,Gwen,,,Moore,,Representative,house,Wisconsin,WI,4,Democratic,House: 2005-Present,https://www.congress.gov/member/gwen-moore/M001160,gwen-moore
M001235,Riley,M.,,Moore,,Representative,house,West Virginia,WV,2,Republican,House: 2025-Present,https://www.congress.gov/member/riley-moore/M001235,riley-moore
M001236,Tim,,,Moore,,Representative,house,North Carolina,NC,14,Republican,House: 2025-Present,https://www.congress.gov/member/tim-moore/M001236,tim-moore
M000934,Jerry,,,Moran,,Senator,senate,Kansas,KS,,Republican,Senate: 2011-Present | House: 1997-2011,https://www.congress.gov/member/jerry-moran/M000934,jerry-moran
M001224,Nathaniel,,,Moran,,Representative,house,Texas,TX,1,Republican,House: 2023-Present,https://www.congress.gov/member/nathaniel-moran/M001224,nathaniel-moran
M001206,Joseph,D.,,Morelle,,Representative,house,New York,NY,25,Democratic,House: 2018-Present,https://www.congress.gov/member/joseph-morelle/M001206,joseph-morelle
M001242,Bernie,,,Moreno,,Senator,senate,Ohio,OH,,Republican,Senate: 2025-Present,https://www.congress.gov/member/bernie-moreno/M001242,bernie-moreno
M001234,Kelly,,,Morrison,,Representative,house,Minnesota,MN,3,Democratic,House: 2025-Present,https://www.congress.gov/member/kelly-morrison/M001234,kelly-morrison
M001217,Jared,,,Moskowitz,,Representative,house,Florida,FL,23,Democratic,House: 2023-Present,https://www.congress.gov/member/jared-moskowitz/M001217,jared-moskowitz
M001196,Seth,,,Moulton,,Representative,house,Massachusetts,MA,6,Democratic,House: 2015-Present,https://www.congress.gov/member/seth-moulton/M001196,seth-moulton
M001219,James,C.,,Moylan,,Delegate,house,Guam,GU,At Large,Republican,House: 2023-Present,https://www.congress.gov/member/james-moylan/M001219,james-moylan
M001214,Frank,J.,,Mrvan,,Representative,house,Indiana,IN,1,Democratic,House: 2021-Present,https://www.congress.gov/member/frank-mrvan/M001214,frank-mrvan
M001225,Kevin,,,Mullin,,Representative,house,California,CA,15,Democratic,House: 2023-Present,https://www.congress.gov/member/kevin-mullin/M001225,kevin-mullin
M001190,Markwayne,,,Mullin,,Senator,senate,Oklahoma,OK,,Republican,Senate: 2023-Present | House: 2013-2023,https://www.congress.gov/member/markwayne-mullin/M001190,markwayne-mullin
M001153,Lisa,,,Murkowski,,Senator,senate,Alaska,AK,,Republican,Senate: 2002-Present,https://www.congress.gov/member/lisa-murkowski/M001153,lisa-murkowski
M001169,Christopher,,,Murphy,,Senator,senate,Connecticut,CT,,Democratic,Senate: 2013-Present | House: 2007-2013,https://www.congress.gov/member/christopher-murphy/M001169,christopher-murphy
M001210,Gregory,F.,,Murphy,,Representative,house,North Carolina,NC,3,Republican,House: 2019-Present,https://www.congress.gov/member/gregory-murphy/M001210,gregory-murphy
M001111,Patty,,,Murray,,Senator,senate,Washington,WA,,Democratic,Senate: 1993-Present,https://www.congress.gov/member/patty-murray/M001111,patty-murray
N000002,Jerrold,,,Nadler,,Representative,house,New York,NY,12,Democratic,House: 1991-Present,https://www.congress.gov/member/jerrold-nadler/N000002,jerrold-nadler
N000015,Richard,E.,,Neal,,Representative,house,Massachusetts,MA,1,Democratic,House: 1989-Present,https://www.congress.gov/member/richard-neal/N000015,richard-neal
N000191,Joe,,,Neguse,,Representative,house,Colorado,CO,2,Democratic,House: 2019-Present,https://www.congress.gov/member/joe-neguse/N000191,joe-neguse
N000026,Troy,E.,,Nehls,,Representative,house,Texas,TX,22,Republican,House: 2021-Present,https://www.congress.gov/member/troy-nehls/N000026,troy-nehls
N000189,Dan,,,Newhouse,,Representative,house,Washington,WA,4,Republican,House: 2015-Present,https://www.congress.gov/member/dan-newhouse/N000189,dan-newhouse
N000188,Donald,,,Norcross,,Representative,house,New Jersey,NJ,1,Democratic,House: 2014-Present,https://www.congress.gov/member/donald-norcross/N000188,donald-norcross
N000190,Ralph,,,Norman,,Representative,house,South Carolina,SC,5,Republican,House: 2017-Present,https://www.congress.gov/member/ralph-norman/N000190,ralph-norman
N000147,Eleanor,Holmes,,Norton,,Delegate,house,District of Columbia,DC,At Large,Democratic,House: 1991-Present,https://www.congress.gov/member/eleanor-norton/N000147,eleanor-norton
N000193,Zachary,,,Nunn,,Representative,house,Iowa,IA,3,Republican,House: 2023-Present,https://www.congress.gov/member/zachary-nunn/N000193,zachary-nunn
O000019,Jay,,,Obernolte,,Representative,house,California,CA,23,Republican,House: 2021-Present,https://www.congress.gov/member/jay-obernolte/O000019,jay-obernolte
O000172,Alexandria,,,Ocasio-Cortez,,Representative,house,New York,NY,14,Democratic,House: 2019-Present,https://www.congress.gov/member/alexandria-ocasio-cortez/O000172,alexandria-ocasio-cortez
O000175,Andrew,,,Ogles,,Representative,house,Tennessee,TN,5,Republican,House: 2023-Present,https://www.congress.gov/member/andrew-ogles/O000175,andrew-ogles
O000176,Johnny,,,Olszewski,,Representative,house,Maryland,MD,2,Democratic,House: 2025-Present,https://www.congress.gov/member/johnny-olszewski/O000176,johnny-olszewski
O000173,Ilhan,,,Omar,,Representative,house,Minnesota,MN,5,Democratic,House: 2019-Present,https://www.congress.gov/member/ilhan-omar/O000173,ilhan-omar
O000177,Robert,F.,,Onder,,Representative,house,Missouri,MO,3,Republican,House: 2025-Present,https://www.congress.gov/member/robert-onder/O000177,robert-onder
O000174,Jon,,,Ossoff,,Senator,senate,Georgia,GA,,Democratic,Senate: 2021-Present,https://www.congress.gov/member/jon-ossoff/O000174,jon-ossoff
O000086,Burgess,,,Owens,,Representative,house,Utah,UT,4,Republican,House: 2021-Present,https://www.congress.gov/member/burgess-owens/O000086,burgess-owens
P000145,Alex,,,Padilla,,Senator,senate,California,CA,,Democratic,Senate: 2021-Present,https://www.congress.gov/member/alex-padilla/P000145,alex-padilla
P000034,Frank,,,Pallone,,Representative,house,New Jersey,NJ,6,Democratic,House: 1987-Present,https://www.congress.gov/member/frank-pallone/P000034,frank-pallone
P000609,Gary,J.,,Palmer,,Representative,house,Alabama,AL,6,Republican,House: 2015-Present,https://www.congress.gov/member/gary-palmer/P000609,gary-palmer
P000613,Jimmy,,,Panetta,,Representative,house,California,CA,19,Democratic,House: 2017-Present,https://www.congress.gov/member/jimmy-panetta/P000613,jimmy-panetta
P000614,Chris,,,Pappas,,Representative,house,New Hampshire,NH,1,Democratic,House: 2019-Present,https://www.congress.gov/member/chris-pappas/P000614,chris-pappas
P000622,Jimmy,,,Patronis,,Representative,house,Florida,FL,1,Republican,House: 2025-Present,https://www.congress.gov/member/jimmy-patronis/P000622,jimmy-patronis
P000603,Rand,,,Paul,,Senator,senate,Kentucky,KY,,Republican,Senate: 2011-Present,https://www.congress.gov/member/rand-paul/P000603,rand-paul
P000197,Nancy,,,Pelosi,,Representative,house,California,CA,11,Democratic,House: 1987-Present,https://www.congress.gov/member/nancy-pelosi/P000197,nancy-pelosi
G000600,Marie,Gluesenkamp,,Perez,,Representative,house,Washington,WA,3,Democratic,House: 2023-Present,https://www.congress.gov/member/marie-perez/G000600,marie-perez
P000605,Scott,,,Perry,,Representative,house,Pennsylvania,PA,10,Republican,House: 2013-Present,https://www.congress.gov/member/scott-perry/P000605,scott-perry
P000595,Gary,C.,,Peters,,Senator,senate,Michigan,MI,,Democratic,Senate: 2015-Present | House: 2009-2015,https://www.congress.gov/member/gary-peters/P000595,gary-peters
P000608,Scott,H.,,Peters,,Representative,house,California,CA,50,Democratic,House: 2013-Present,https://www.congress.gov/member/scott-peters/P000608,scott-peters
P000620,Brittany,,,Pettersen,,Representative,house,Colorado,CO,7,Democratic,House: 2023-Present,https://www.congress.gov/member/brittany-pettersen/P000620,brittany-pettersen
P000048,August,,,Pfluger,,Representative,house,Texas,TX,11,Republican,House: 2021-Present,https://www.congress.gov/member/august-pfluger/P000048,august-pfluger
P000597,Chellie,,,Pingree,,Representative,house,Maine,ME,1,Democratic,House: 2009-Present,https://www.congress.gov/member/chellie-pingree/P000597,chellie-pingree
P000610,Stacey,E.,,Plaskett,,Delegate,house,Virgin Islands,VI,At Large,Democratic,House: 2015-Present,https://www.congress.gov/member/stacey-plaskett/P000610,stacey-plaskett
P000607,Mark,,,Pocan,,Representative,house,Wisconsin,WI,2,Democratic,House: 2013-Present,https://www.congress.gov/member/mark-pocan/P000607,mark-pocan
P000621,Nellie,,,Pou,,Representative,house,New Jersey,NJ,9,Democratic,House: 2025-Present,https://www.congress.gov/member/nellie-pou/P000621,nellie-pou
P000617,Ayanna,,,Pressley,,Representative,house,Massachusetts,MA,7,Democratic,House: 2019-Present,https://www.congress.gov/member/ayanna-pressley/P000617,ayanna-pressley
Q000023,Mike,,,Quigley,,Representative,house,Illinois,IL,5,Democratic,House: 2009-Present,https://www.congress.gov/member/mike-quigley/Q000023,mike-quigley
R000600,Aumua,Amata,,Coleman Radewagen,,Delegate,house,American Samoa,AS,At Large,Republican,House: 2015-Present,https://www.congress.gov/member/aumua-amata-radewagen/R000600,aumua-amata-radewagen
R000617,Delia,C.,,Ramirez,,Representative,house,Illinois,IL,3,Democratic,House: 2023-Present,https://www.congress.gov/member/delia-ramirez/R000617,delia-ramirez
R000621,Emily,,,Randall,,Representative,house,Washington,WA,6,Democratic,House: 2025-Present,https://www.congress.gov/member/emily-randall/R000621,emily-randall
R000606,Jamie,,,Raskin,,Representative,house,Maryland,MD,8,Democratic,House: 2017-Present,https://www.congress.gov/member/jamie-raskin/R000606,jamie-raskin
R000122,Jack,,,Reed,,Senator,senate,Rhode Island,RI,,Democratic,Senate: 1997-Present | House: 1991-1997,https://www.congress.gov/member/john-reed/R000122,john-reed
R000610,Guy,,,Reschenthaler,,Representative,house,Pennsylvania,PA,14,Republican,House: 2019-Present,https://www.congress.gov/member/guy-reschenthaler/R000610,guy-reschenthaler
R000618,Pete,,,Ricketts,,Senator,senate,Nebraska,NE,,Republican,Senate: 2023-Present,https://www.congress.gov/member/pete-ricketts/R000618,pete-ricketts
R000622,Josh,,,Riley,,Representative,house,New York,NY,19,Democratic,House: 2025-Present,https://www.congress.gov/member/josh-riley/R000622,josh-riley
R000584,James,E.,,Risch,,Senator,senate,Idaho,ID,,Republican,Senate: 2009-Present,https://www.congress.gov/member/james-risch/R000584,james-risch
R000620,Luz,M.,,Rivas,,Representative,house,California,CA,29,Democratic,House: 2025-Present,https://www.congress.gov/member/luz-rivas/R000620,luz-rivas
R000395,Harold,,,Rogers,,Representative,house,Kentucky,KY,5,Republican,House: 1981-Present,https://www.congress.gov/member/harold-rogers/R000395,harold-rogers
R000575,Mike,D.,,Rogers,,Representative,house,Alabama,AL,3,Republican,House: 2003-Present,https://www.congress.gov/member/mike-rogers/R000575,mike-rogers
R000612,John,W.,,Rose,,Representative,house,Tennessee,TN,6,Republican,House: 2019-Present,https://www.congress.gov/member/john-rose/R000612,john-rose
R000608,Jacky,,,Rosen,,Senator,senate,Nevada,NV,,Democratic,Senate: 2019-Present | House: 2017-2019,https://www.congress.gov/member/jacky-rosen/R000608,jacky-rosen
R000305,Deborah,K.,,Ross,,Representative,house,North Carolina,NC,2,Democratic,House: 2021-Present,https://www.congress.gov/member/deborah-ross/R000305,deborah-ross
R000605,Mike,,,Rounds,,Senator,senate,South Dakota,SD,,Republican,Senate: 2015-Present,https://www.congress.gov/member/mike-rounds/R000605,mike-rounds
R000603,David,,,Rouzer,,Representative,house,North Carolina,NC,7,Republican,House: 2015-Present,https://www.congress.gov/member/david-rouzer/R000603,david-rouzer
R000614,Chip,,,Roy,,Representative,house,Texas,TX,21,Republican,House: 2019-Present,https://www.congress.gov/member/chip-roy/R000614,chip-roy
R000595,Marco,,,Rubio,,Senator,senate,Florida,FL,,Republican,Senate: 2011-2025,https://www.congress.gov/member/marco-rubio/R000595,marco-rubio
R000599,Raul,,,Ruiz,,Representative,house,California,CA,25,Democratic,House: 2013-Present,https://www.congress.gov/member/raul-ruiz/R000599,raul-ruiz
R000619,Michael,A.,,Rulli,,Representative,house,Ohio,OH,6,Republican,House: 2024-Present,https://www.congress.gov/member/michael-rulli/R000619,michael-rulli
R000609,John,H.,,Rutherford,,Representative,house,Florida,FL,5,Republican,House: 2017-Present,https://www.congress.gov/member/john-rutherford/R000609,john-rutherford
R000579,Patrick,,,Ryan,,Representative,house,New York,NY,18,Democratic,House: 2022-Present,https://www.congress.gov/member/patrick-ryan/R000579,patrick-ryan
S000168,Maria,Elvira,,Salazar,,Representative,house,Florida,FL,27,Republican,House: 2021-Present,https://www.congress.gov/member/maria-salazar/S000168,maria-salazar
S001226,Andrea,,,Salinas,,Representative,house,Oregon,OR,6,Democratic,House: 2023-Present,https://www.congress.gov/member/andrea-salinas/S001226,andrea-salinas
S001156,Linda,T.,,S�nchez,,Representative,house,California,CA,38,Democratic,House: 2003-Present,https://www.congress.gov/member/linda-sanchez/S001156,linda-sanchez
S000033,Bernard,,,Sanders,,Senator,senate,Vermont,VT,,Independent,Senate: 2007-Present | House: 1991-2007,https://www.congress.gov/member/bernie-sanders/S000033,bernie-sanders
S001176,Steve,,,Scalise,,Representative,house,Louisiana,LA,1,Republican,House: 2008-Present,https://www.congress.gov/member/steve-scalise/S001176,steve-scalise
S001205,Mary,Gay,,Scanlon,,Representative,house,Pennsylvania,PA,5,Democratic,House: 2018-Present,https://www.congress.gov/member/mary-gay-scanlon/S001205,mary-gay-scanlon
S001145,Janice,D.,,Schakowsky,,Representative,house,Illinois,IL,9,Democratic,House: 1999-Present,https://www.congress.gov/member/janice-schakowsky/S001145,janice-schakowsky
S001194,Brian,,,Schatz,,Senator,senate,Hawaii,HI,,Democratic,Senate: 2012-Present,https://www.congress.gov/member/brian-schatz/S001194,brian-schatz
S001150,Adam,B.,,Schiff,,Senator,senate,California,CA,,Democratic,Senate: 2024-Present | House: 2001-2024,https://www.congress.gov/member/adam-schiff/S001150,adam-schiff
S001228,Derek,,,Schmidt,,Representative,house,Kansas,KS,2,Republican,House: 2025-Present,https://www.congress.gov/member/derek-schmidt/S001228,derek-schmidt
S001227,Eric,,,Schmitt,,Senator,senate,Missouri,MO,,Republican,Senate: 2023-Present,https://www.congress.gov/member/eric-schmitt/S001227,eric-schmitt
S001190,Bradley,Scott,,Schneider,,Representative,house,Illinois,IL,10,Democratic,"House: 2013-2015, 2017-Present",https://www.congress.gov/member/bradley-schneider/S001190,bradley-schneider
S001221,Hillary,J.,,Scholten,,Representative,house,Michigan,MI,3,Democratic,House: 2023-Present,https://www.congress.gov/member/hillary-scholten/S001221,hillary-scholten
S001216,Kim,,,Schrier,,Representative,house,Washington,WA,8,Democratic,House: 2019-Present,https://www.congress.gov/member/kim-schrier/S001216,kim-schrier
S000148,Charles,E.,,Schumer,,Senator,senate,New York,NY,,Democratic,Senate: 1999-Present | House: 1981-1999,https://www.congress.gov/member/charles-schumer/S000148,charles-schumer
S001183,David,,,Schweikert,,Representative,house,Arizona,AZ,1,Republican,House: 2011-Present,https://www.congress.gov/member/david-schweikert/S001183,david-schweikert
S001189,Austin,,,Scott,,Representative,house,Georgia,GA,8,Republican,House: 2011-Present,https://www.congress.gov/member/austin-scott/S001189,austin-scott
S001157,David,,,Scott,,Representative,house,Georgia,GA,13,Democratic,House: 2003-Present,https://www.congress.gov/member/david-scott/S001157,david-scott
S001217,Rick,,,Scott,,Senator,senate,Florida,FL,,Republican,Senate: 2019-Present,https://www.congress.gov/member/rick-scott/S001217,rick-scott
S000185,Robert,C.,Bobby,Scott,,Representative,house,Virginia,VA,3,Democratic,House: 1993-Present,https://www.congress.gov/member/robert-scott/S000185,robert-scott
S001184,Tim,,,Scott,,Senator,senate,South Carolina,SC,,Republican,Senate: 2013-Present | House: 2011-2013,https://www.congress.gov/member/tim-scott/S001184,tim-scott
S001224,Keith,,,Self,,Representative,house,Texas,TX,3,Republican,House: 2023-Present,https://www.congress.gov/member/keith-self/S001224,keith-self
S000250,Pete,,,Sessions,,Representative,house,Texas,TX,17,Republican,"House: 1997-2019, 2021-Present",https://www.congress.gov/member/pete-sessions/S000250,pete-sessions
S001185,Terri,A.,,Sewell,,Representative,house,Alabama,AL,7,Democratic,House: 2011-Present,https://www.congress.gov/member/terri-sewell/S001185,terri-sewell
S001181,Jeanne,,,Shaheen,,Senator,senate,New Hampshire,NH,,Democratic,Senate: 2009-Present,https://www.congress.gov/member/jeanne-shaheen/S001181,jeanne-shaheen
S001232,Tim,,,Sheehy,,Senator,senate,Montana,MT,,Republican,Senate: 2025-Present,https://www.congress.gov/member/tim-sheehy/S001232,tim-sheehy
S000344,Brad,,,Sherman,,Representative,house,California,CA,32,Democratic,House: 1997-Present,https://www.congress.gov/member/brad-sherman/S000344,brad-sherman
S001207,Mikie,,,Sherrill,,Representative,house,New Jersey,NJ,11,Democratic,House: 2019-Present,https://www.congress.gov/member/mikie-sherrill/S001207,mikie-sherrill
S001229,Jefferson,,,Shreve,,Representative,house,Indiana,IN,6,Republican,House: 2025-Present,https://www.congress.gov/member/jefferson-shreve/S001229,jefferson-shreve
S001231,Lateefah,,,Simon,,Representative,house,California,CA,12,Democratic,House: 2025-Present,https://www.congress.gov/member/lateefah-simon/S001231,lateefah-simon
S001148,Michael,K.,,Simpson,,Representative,house,Idaho,ID,2,Republican,House: 1999-Present,https://www.congress.gov/member/michael-simpson/S001148,michael-simpson
S001208,Elissa,,,Slotkin,,Senator,senate,Michigan,MI,,Democratic,Senate: 2025-Present | House: 2019-2025,https://www.congress.gov/member/elissa-slotkin/S001208,elissa-slotkin
S000510,Adam,,,Smith,,Representative,house,Washington,WA,9,Democratic,House: 1997-Present,https://www.congress.gov/member/adam-smith/S000510,adam-smith
S001172,Adrian,,,Smith,,Representative,house,Nebraska,NE,3,Republican,House: 2007-Present,https://www.congress.gov/member/adrian-smith/S001172,adrian-smith
S000522,Christopher,H.,,Smith,,Representative,house,New Jersey,NJ,4,Republican,House: 1981-Present,https://www.congress.gov/member/christopher-smith/S000522,christopher-smith
S001195,Jason,,,Smith,,Representative,house,Missouri,MO,8,Republican,House: 2013-Present,https://www.congress.gov/member/jason-smith/S001195,jason-smith
S001203,Tina,,,Smith,,Senator,senate,Minnesota,MN,,Democratic,Senate: 2018-Present,https://www.congress.gov/member/tina-smith/S001203,tina-smith
S001199,Lloyd,,,Smucker,,Representative,house,Pennsylvania,PA,11,Republican,House: 2017-Present,https://www.congress.gov/member/lloyd-smucker/S001199,lloyd-smucker
S001225,Eric,,,Sorensen,,Representative,house,Illinois,IL,17,Democratic,House: 2023-Present,https://www.congress.gov/member/eric-sorensen/S001225,eric-sorensen
S001200,Darren,,,Soto,,Representative,house,Florida,FL,9,Democratic,House: 2017-Present,https://www.congress.gov/member/darren-soto/S001200,darren-soto
S000929,Victoria,,,Spartz,,Representative,house,Indiana,IN,5,Republican,House: 2021-Present,https://www.congress.gov/member/victoria-spartz/S000929,victoria-spartz
S001218,Melanie,A.,,Stansbury,,Representative,house,New Mexico,NM,1,Democratic,House: 2021-Present,https://www.congress.gov/member/melanie-stansbury/S001218,melanie-stansbury
S001211,Greg,,,Stanton,,Representative,house,Arizona,AZ,4,Democratic,House: 2019-Present,https://www.congress.gov/member/greg-stanton/S001211,greg-stanton
S001212,Pete,,,Stauber,,Representative,house,Minnesota,MN,8,Republican,House: 2019-Present,https://www.congress.gov/member/pete-stauber/S001212,pete-stauber
S001196,Elise,M.,,Stefanik,,Representative,house,New York,NY,21,Republican,House: 2015-Present,https://www.congress.gov/member/elise-stefanik/S001196,elise-stefanik
S001213,Bryan,,,Steil,,Representative,house,Wisconsin,WI,1,Republican,House: 2019-Present,https://www.congress.gov/member/bryan-steil/S001213,bryan-steil
S001214,W.,Gregory,,Steube,,Representative,house,Florida,FL,17,Republican,House: 2019-Present,https://www.congress.gov/member/w-steube/S001214,w-steube
S001215,Haley,M.,,Stevens,,Representative,house,Michigan,MI,11,Democratic,House: 2019-Present,https://www.congress.gov/member/haley-stevens/S001215,haley-stevens
S001159,Marilyn,,,Strickland,,Representative,house,Washington,WA,10,Democratic,House: 2021-Present,https://www.congress.gov/member/marilyn-strickland/S001159,marilyn-strickland
S001220,Dale,W.,,Strong,,Representative,house,Alabama,AL,5,Republican,House: 2023-Present,https://www.congress.gov/member/dale-strong/S001220,dale-strong
S001188,Marlin,A.,,Stutzman,,Representative,house,Indiana,IN,3,Republican,"House: 2010-2017, 2025-Present",https://www.congress.gov/member/marlin-stutzman/S001188,marlin-stutzman
S001230,Suhas,,,Subramanyam,,Representative,house,Virginia,VA,10,Democratic,House: 2025-Present,https://www.congress.gov/member/suhas-subramanyam/S001230,suhas-subramanyam
S001198,Dan,,,Sullivan,,Senator,senate,Alaska,AK,,Republican,Senate: 2015-Present,https://www.congress.gov/member/dan-sullivan/S001198,dan-sullivan
S001201,Thomas,R.,,Suozzi,,Representative,house,New York,NY,3,Democratic,House: 2017-Present,https://www.congress.gov/member/thomas-suozzi/S001201,thomas-suozzi
S001193,Eric,,,Swalwell,,Representative,house,California,CA,14,Democratic,House: 2013-Present,https://www.congress.gov/member/eric-swalwell/S001193,eric-swalwell
S001223,Emilia,Strong,,Sykes,,Representative,house,Ohio,OH,13,Democratic,House: 2023-Present,https://www.congress.gov/member/emilia-sykes/S001223,emilia-sykes
T000472,Mark,,,Takano,,Representative,house,California,CA,39,Democratic,House: 2013-Present,https://www.congress.gov/member/mark-takano/T000472,mark-takano
T000490,David,J.,,Taylor,,Representative,house,Ohio,OH,2,Republican,House: 2025-Present,https://www.congress.gov/member/david-taylor/T000490,david-taylor
T000478,Claudia,,,Tenney,,Representative,house,New York,NY,24,Republican,"House: 2017-2019, 2021-Present",https://www.congress.gov/member/claudia-tenney/T000478,claudia-tenney
T000488,Shri,,,Thanedar,,Representative,house,Michigan,MI,13,Democratic,House: 2023-Present,https://www.congress.gov/member/shri-thanedar/T000488,shri-thanedar
T000193,Bennie,G.,,Thompson,,Representative,house,Mississippi,MS,2,Democratic,House: 1993-Present,https://www.congress.gov/member/bennie-thompson/T000193,bennie-thompson
T000467,Glenn,,,Thompson,,Representative,house,Pennsylvania,PA,15,Republican,House: 2009-Present,https://www.congress.gov/member/glenn-thompson/T000467,glenn-thompson
T000460,Mike,,,Thompson,,Representative,house,California,CA,4,Democratic,House: 1999-Present,https://www.congress.gov/member/mike-thompson/T000460,mike-thompson
T000250,John,,,Thune,,Senator,senate,South Dakota,SD,,Republican,Senate: 2005-Present | House: 1997-2003,https://www.congress.gov/member/john-thune/T000250,john-thune
T000165,Thomas,P.,,Tiffany,,Representative,house,Wisconsin,WI,7,Republican,House: 2020-Present,https://www.congress.gov/member/thomas-tiffany/T000165,thomas-tiffany
T000476,Thomas,,,Tillis,,Senator,senate,North Carolina,NC,,Republican,Senate: 2015-Present,https://www.congress.gov/member/thomas-tillis/T000476,thomas-tillis
T000480,William,R.,,Timmons,,Representative,house,South Carolina,SC,4,Republican,House: 2019-Present,https://www.congress.gov/member/william-timmons/T000480,william-timmons
T000468,Dina,,,Titus,,Representative,house,Nevada,NV,1,Democratic,"House: 2009-2011, 2013-Present",https://www.congress.gov/member/dina-titus/T000468,dina-titus
T000481,Rashida,,,Tlaib,,Representative,house,Michigan,MI,12,Democratic,House: 2019-Present,https://www.congress.gov/member/rashida-tlaib/T000481,rashida-tlaib
T000487,Jill,N.,,Tokuda,,Representative,house,Hawaii,HI,2,Democratic,House: 2023-Present,https://www.congress.gov/member/jill-tokuda/T000487,jill-tokuda
T000469,Paul,,,Tonko,,Representative,house,New York,NY,20,Democratic,House: 2009-Present,https://www.congress.gov/member/paul-tonko/T000469,paul-tonko
T000474,Norma,J.,,Torres,,Representative,house,California,CA,35,Democratic,House: 2015-Present,https://www.congress.gov/member/norma-torres/T000474,norma-torres
T000486,Ritchie,,,Torres,,Representative,house,New York,NY,15,Democratic,House: 2021-Present,https://www.congress.gov/member/ritchie-torres/T000486,ritchie-torres
T000482,Lori,,,Trahan,,Representative,house,Massachusetts,MA,3,Democratic,House: 2019-Present,https://www.congress.gov/member/lori-trahan/T000482,lori-trahan
T000491,Derek,,,Tran,,Representative,house,California,CA,45,Democratic,House: 2025-Present,https://www.congress.gov/member/derek-tran/T000491,derek-tran
T000278,Tommy,,,Tuberville,,Senator,senate,Alabama,AL,,Republican,Senate: 2021-Present,https://www.congress.gov/member/tommy-tuberville/T000278,tommy-tuberville
T000463,Michael,R.,,Turner,,Representative,house,Ohio,OH,10,Republican,House: 2003-Present,https://www.congress.gov/member/michael-turner/T000463,michael-turner
T000489,Sylvester,,,Turner,,Representative,house,Texas,TX,18,Democratic,House: 2025,https://www.congress.gov/member/sylvester-turner/T000489,sylvester-turner
U000040,Lauren,,,Underwood,,Representative,house,Illinois,IL,14,Democratic,House: 2019-Present,https://www.congress.gov/member/lauren-underwood/U000040,lauren-underwood
V000129,David,G.,,Valadao,,Representative,house,California,CA,22,Republican,"House: 2013-2019, 2021-Present",https://www.congress.gov/member/david-valadao/V000129,david-valadao
V000133,Jefferson,,,Van Drew,,Representative,house,New Jersey,NJ,2,Republican,House: 2019-Present,https://www.congress.gov/member/jefferson-van-drew/V000133,jefferson-van-drew
V000134,Beth,,,Van Duyne,,Representative,house,Texas,TX,24,Republican,House: 2021-Present,https://www.congress.gov/member/beth-van-duyne/V000134,beth-van-duyne
V000128,Chris,,,Van Hollen,,Senator,senate,Maryland,MD,,Democratic,Senate: 2017-Present | House: 2003-2017,https://www.congress.gov/member/chris-van-hollen/V000128,chris-van-hollen
V000135,Derrick,,,Van Orden,,Representative,house,Wisconsin,WI,3,Republican,House: 2023-Present,https://www.congress.gov/member/derrick-van-orden/V000135,derrick-van-orden
V000137,J.D.,,,Vance,,Senator,senate,Ohio,OH,,Republican,Senate: 2023-2025,https://www.congress.gov/member/j-vance/V000137,j-vance
V000130,Juan,,,Vargas,,Representative,house,California,CA,52,Democratic,House: 2013-Present,https://www.congress.gov/member/juan-vargas/V000130,juan-vargas
V000136,Gabe,,,Vasquez,,Representative,house,New Mexico,NM,2,Democratic,House: 2023-Present,https://www.congress.gov/member/gabe-vasquez/V000136,gabe-vasquez
V000131,Marc,A.,,Veasey,,Representative,house,Texas,TX,33,Democratic,House: 2013-Present,https://www.congress.gov/member/marc-veasey/V000131,marc-veasey
V000081,Nydia,M.,,Vel�zquez,,Representative,house,New York,NY,7,Democratic,House: 1993-Present,https://www.congress.gov/member/nydia-velazquez/V000081,nydia-velazquez
V000138,Eugene,Simon,,Vindman,,Representative,house,Virginia,VA,7,Democratic,House: 2025-Present,https://www.congress.gov/member/eugene-vindman/V000138,eugene-vindman
W000812,Ann,,,Wagner,,Representative,house,Missouri,MO,2,Republican,House: 2013-Present,https://www.congress.gov/member/ann-wagner/W000812,ann-wagner
W000798,Tim,,,Walberg,,Representative,house,Michigan,MI,5,Republican,"House: 2007-2009, 2011-Present",https://www.congress.gov/member/tim-walberg/W000798,tim-walberg
W000831,James,R.,,Walkinshaw,,Representative,house,Virginia,VA,11,Democratic,House: 2025-Present,https://www.congress.gov/member/james-walkinshaw/W000831,james-walkinshaw
W000823,Michael,,,Waltz,,Representative,house,Florida,FL,6,Republican,House: 2019-2025,https://www.congress.gov/member/michael-waltz/W000823,michael-waltz
W000805,Mark,R.,,Warner,,Senator,senate,Virginia,VA,,Democratic,Senate: 2009-Present,https://www.congress.gov/member/mark-warner/W000805,mark-warner
W000790,Raphael,G.,,Warnock,,Senator,senate,Georgia,GA,,Democratic,Senate: 2021-Present,https://www.congress.gov/member/raphael-warnock/W000790,raphael-warnock
W000817,Elizabeth,,,Warren,,Senator,senate,Massachusetts,MA,,Democratic,Senate: 2013-Present,https://www.congress.gov/member/elizabeth-warren/W000817,elizabeth-warren
W000797,Debbie,,,Wasserman Schultz,,Representative,house,Florida,FL,25,Democratic,House: 2005-Present,https://www.congress.gov/member/debbie-wasserman-schultz/W000797,debbie-wasserman-schultz
W000187,Maxine,,,Waters,,Representative,house,California,CA,43,Democratic,House: 1991-Present,https://www.congress.gov/member/maxine-waters/W000187,maxine-waters
W000822,Bonnie,,,Watson Coleman,,Representative,house,New Jersey,NJ,12,Democratic,House: 2015-Present,https://www.congress.gov/member/bonnie-watson-coleman/W000822,bonnie-watson-coleman
W000814,Randy,K. Sr.,,Weber,,Representative,house,Texas,TX,14,Republican,House: 2013-Present,https://www.congress.gov/member/randy-weber/W000814,randy-weber
W000806,Daniel,,,Webster,,Representative,house,Florida,FL,11,Republican,House: 2011-Present,https://www.congress.gov/member/daniel-webster/W000806,daniel-webster
W000800,Peter,,,Welch,,Senator,senate,Vermont,VT,,Democratic,Senate: 2023-Present | House: 2007-2023,https://www.congress.gov/member/peter-welch/W000800,peter-welch
W000821,Bruce,,,Westerman,,Representative,house,Arkansas,AR,4,Republican,House: 2015-Present,https://www.congress.gov/member/bruce-westerman/W000821,bruce-westerman
W000802,Sheldon,,,Whitehouse,,Senator,senate,Rhode Island,RI,,Democratic,Senate: 2007-Present,https://www.congress.gov/member/sheldon-whitehouse/W000802,sheldon-whitehouse
W000830,George,,,Whitesides,,Representative,house,California,CA,27,Democratic,House: 2025-Present,https://www.congress.gov/member/george-whitesides/W000830,george-whitesides
W000437,Roger,F.,,Wicker,,Senator,senate,Mississippi,MS,,Republican,Senate: 2007-Present | House: 1995-2007,https://www.congress.gov/member/roger-wicker/W000437,roger-wicker
W000829,Tony,,,Wied,,Representative,house,Wisconsin,WI,8,Republican,House: 2024-Present,https://www.congress.gov/member/tony-wied/W000829,tony-wied
W000788,Nikema,,,Williams,,Representative,house,Georgia,GA,5,Democratic,House: 2021-Present,https://www.congress.gov/member/nikema-williams/W000788,nikema-williams
W000816,Roger,,,Williams,,Representative,house,Texas,TX,25,Republican,House: 2013-Present,https://www.congress.gov/member/roger-williams/W000816,roger-williams
W000808,Frederica,S.,,Wilson,,Representative,house,Florida,FL,24,Democratic,House: 2011-Present,https://www.congress.gov/member/frederica-wilson/W000808,frederica-wilson
W000795,Joe,,,Wilson,,Representative,house,South Carolina,SC,2,Republican,House: 2001-Present,https://www.congress.gov/member/joe-wilson/W000795,joe-wilson
W000804,Robert,J.,,Wittman,,Representative,house,Virginia,VA,1,Republican,House: 2007-Present,https://www.congress.gov/member/robert-wittman/W000804,robert-wittman
W000809,Steve,,,Womack,,Representative,house,Arkansas,AR,3,Republican,House: 2011-Present,https://www.congress.gov/member/steve-womack/W000809,steve-womack
W000779,Ron,,,Wyden,,Senator,senate,Oregon,OR,,Democratic,Senate: 1996-Present | House: 1981-1996,https://www.congress.gov/member/ron-wyden/W000779,ron-wyden
Y000067,Rudy,,,Yakym,,Representative,house,Indiana,IN,2,Republican,House: 2022-Present,https://www.congress.gov/member/rudy-yakym/Y000067,rudy-yakym
Y000064,Todd,,,Young,,Senator,senate,Indiana,IN,,Republican,Senate: 2017-Present | House: 2011-2017,https://www.congress.gov/member/todd-young/Y000064,todd-young
Z000018,Ryan,K.,,Zinke,,Representative,house,Montana,MT,1,Republican,"House: 2015-2017, 2023-Present",https://www.congress.gov/member/ryan-zinke/Z000018,ryan-zinke