reason,key,first,last,firstname1,lastanme1
no match,robert aderholt,Robert,Aderholt,Robert,Aderholt
no match,robert aderholt,Robert,Aderholt,Robert,Aderholt
no match,robert aderholt,Robert,Aderholt,Robert,Aderholt
no match,robert aderholt,Robert,Aderholt,Robert,Aderholt
no match,robert aderholt,Robert,Aderholt,Robert,Aderholt
no match,rick allen,Rick,Allen,Rick,Allen
no match,rick allen,Rick,Allen,Rick,Allen
no match,rick allen,Rick,Allen,Rick,Allen
no match,rick allen,Rick,Allen,Rick,Allen
no match,rick allen,Rick,Allen,Rick,Allen
no match,angela alsobrooks,Angela,Alsobrooks,Angela,Alsobrooks
no match,angela alsobrooks,Angela,Alsobrooks,Angela,Alsobrooks
no match,angela alsobrooks,Angela,Alsobrooks,Angela,Alsobrooks
no match,angela alsobrooks,Angela,Alsobrooks,Angela,Alsobrooks
no match,angela alsobrooks,Angela,Alsobrooks,Angela,Alsobrooks
no match,gabe amo,Gabe,Amo,Gabe,Amo
no match,gabe amo,Gabe,Amo,Gabe,Amo
no match,gabe amo,Gabe,Amo,Gabe,Amo
no match,gabe amo,Gabe,Amo,Gabe,Amo
no match,gabe amo,Gabe,Amo,Gabe,Amo
no match,yassamin ansari,Yassamin,Ansari,Yassamin,Ansari
no match,yassamin ansari,Yassamin,Ansari,Yassamin,Ansari
no match,yassamin ansari,Yassamin,Ansari,Yassamin,Ansari
no match,yassamin ansari,Yassamin,Ansari,Yassamin,Ansari
no match,yassamin ansari,Yassamin,Ansari,Yassamin,Ansari
no match,don bacon,Don,Bacon,Donald,Bacon
no match,don bacon,Don,Bacon,Donald,Bacon
no match,don bacon,Don,Bacon,Donald,Bacon
no match,don bacon,Don,Bacon,Donald,Bacon
no match,don bacon,Don,Bacon,Donald,Bacon
no match,james baird,James,Baird,James,Baird
no match,james baird,James,Baird,James,Baird
no match,james baird,James,Baird,James,Baird
no match,james baird,James,Baird,James,Baird
no match,james baird,James,Baird,James,Baird
no match,tammy baldwin,Tammy,Baldwin,Tammy,Baldwin
no match,tammy baldwin,Tammy,Baldwin,Tammy,Baldwin
no match,tammy baldwin,Tammy,Baldwin,Tammy,Baldwin
no match,tammy baldwin,Tammy,Baldwin,Tammy,Baldwin
no match,tammy baldwin,Tammy,Baldwin,Tammy,Baldwin
no match,nanette diaz barragan,Nanette Diaz,Barragán,Nanette,Barragan
no match,nanette diaz barragan,Nanette Diaz,Barragán,Nanette,Barragan
no match,nanette diaz barragan,Nanette Diaz,Barragán,Nanette,Barragan
no match,nanette diaz barragan,Nanette Diaz,Barragán,Nanette,Barragan
no match,nanette diaz barragan,Nanette Diaz,Barragán,Nanette,Barragan
no match,john barrasso,John,Barrasso,John,Barrasso
no match,john barrasso,John,Barrasso,John,Barrasso
no match,john barrasso,John,Barrasso,John,Barrasso
no match,john barrasso,John,Barrasso,John,Barrasso
no match,john barrasso,John,Barrasso,John,Barrasso
no match,michael baumgartner,Michael,Baumgartner,Michael,Baumgartner
no match,michael baumgartner,Michael,Baumgartner,Michael,Baumgartner
no match,michael baumgartner,Michael,Baumgartner,Michael,Baumgartner
no match,michael baumgartner,Michael,Baumgartner,Michael,Baumgartner
no match,michael baumgartner,Michael,Baumgartner,Michael,Baumgartner
no match,nicholas begich,Nicholas,Begich,Nicholas,Begich
no match,nicholas begich,Nicholas,Begich,Nicholas,Begich
no match,nicholas begich,Nicholas,Begich,Nicholas,Begich
no match,nicholas begich,Nicholas,Begich,Nicholas,Begich
no match,nicholas begich,Nicholas,Begich,Nicholas,Begich
no match,wesley bell,Wesley,Bell,Wesley,Bell
no match,wesley bell,Wesley,Bell,Wesley,Bell
no match,wesley bell,Wesley,Bell,Wesley,Bell
no match,wesley bell,Wesley,Bell,Wesley,Bell
no match,wesley bell,Wesley,Bell,Wesley,Bell
no match,jack bergman,Jack,Bergman,John,Bergman
no match,jack bergman,Jack,Bergman,John,Bergman
no match,jack bergman,Jack,Bergman,John,Bergman
no match,jack bergman,Jack,Bergman,John,Bergman
no match,jack bergman,Jack,Bergman,John,Bergman
no match,donald beyer,Donald,Beyer,Donald,Beyer
no match,donald beyer,Donald,Beyer,Donald,Beyer
no match,donald beyer,Donald,Beyer,Donald,Beyer
no match,donald beyer,Donald,Beyer,Donald,Beyer
no match,donald beyer,Donald,Beyer,Donald,Beyer
no match,sheri biggs,Sheri,Biggs,Sheri,Biggs
no match,sheri biggs,Sheri,Biggs,Sheri,Biggs
no match,sheri biggs,Sheri,Biggs,Sheri,Biggs
no match,sheri biggs,Sheri,Biggs,Sheri,Biggs
no match,sheri biggs,Sheri,Biggs,Sheri,Biggs
no match,marsha blackburn,Marsha,Blackburn,Marsha,Blackburn
no match,marsha blackburn,Marsha,Blackburn,Marsha,Blackburn
no match,marsha blackburn,Marsha,Blackburn,Marsha,Blackburn
no match,marsha blackburn,Marsha,Blackburn,Marsha,Blackburn
no match,marsha blackburn,Marsha,Blackburn,Marsha,Blackburn
no match,cory booker,Cory,Booker,Cory,Booker
no match,cory booker,Cory,Booker,Cory,Booker
no match,cory booker,Cory,Booker,Cory,Booker
no match,cory booker,Cory,Booker,Cory,Booker
no match,cory booker,Cory,Booker,Cory,Booker
no match,robert bresnahan,Robert,Bresnahan,Robert,Bresnahan
no match,robert bresnahan,Robert,Bresnahan,Robert,Bresnahan
no match,robert bresnahan,Robert,Bresnahan,Robert,Bresnahan
no match,robert bresnahan,Robert,Bresnahan,Robert,Bresnahan
no match,robert bresnahan,Robert,Bresnahan,Robert,Bresnahan
no match,vern buchanan,Vern,Buchanan,Vernon,Buchanan
no match,vern buchanan,Vern,Buchanan,Vernon,Buchanan
no match,vern buchanan,Vern,Buchanan,Vernon,Buchanan
no match,vern buchanan,Vern,Buchanan,Vernon,Buchanan
no match,vern buchanan,Vern,Buchanan,Vernon,Buchanan
no match,janelle bynum,Janelle,Bynum,Janelle,Bynum
no match,janelle bynum,Janelle,Bynum,Janelle,Bynum
no match,janelle bynum,Janelle,Bynum,Janelle,Bynum
no match,janelle bynum,Janelle,Bynum,Janelle,Bynum
no match,janelle bynum,Janelle,Bynum,Janelle,Bynum
no match,maria cantwell,Maria,Cantwell,Maria,Cantwell
no match,maria cantwell,Maria,Cantwell,Maria,Cantwell
no match,maria cantwell,Maria,Cantwell,Maria,Cantwell
no match,maria cantwell,Maria,Cantwell,Maria,Cantwell
no match,maria cantwell,Maria,Cantwell,Maria,Cantwell
no match,shelley moore capito,Shelley Moore,Capito,Shelley,Capito
no match,shelley moore capito,Shelley Moore,Capito,Shelley,Capito
no match,shelley moore capito,Shelley Moore,Capito,Shelley,Capito
no match,shelley moore capito,Shelley Moore,Capito,Shelley,Capito
no match,shelley moore capito,Shelley Moore,Capito,Shelley,Capito
no match,earl carter,Earl,Carter,Buddy,Carter
no match,earl carter,Earl,Carter,Buddy,Carter
no match,earl carter,Earl,Carter,Buddy,Carter
no match,earl carter,Earl,Carter,Buddy,Carter
no match,earl carter,Earl,Carter,Buddy,Carter
no match,bill cassidy,Bill,Cassidy,Bill,Cassidy
no match,bill cassidy,Bill,Cassidy,Bill,Cassidy
no match,bill cassidy,Bill,Cassidy,Bill,Cassidy
no match,bill cassidy,Bill,Cassidy,Bill,Cassidy
no match,bill cassidy,Bill,Cassidy,Bill,Cassidy
no match,gilbert cisneros,Gilbert,Cisneros,Gil,Cisneros
no match,gilbert cisneros,Gilbert,Cisneros,Gil,Cisneros
no match,gilbert cisneros,Gilbert,Cisneros,Gil,Cisneros
no match,gilbert cisneros,Gilbert,Cisneros,Gil,Cisneros
no match,gilbert cisneros,Gilbert,Cisneros,Gil,Cisneros
no match,james clyburn,James,Clyburn,James,Clyburn
no match,james clyburn,James,Clyburn,James,Clyburn
no match,james clyburn,James,Clyburn,James,Clyburn
no match,james clyburn,James,Clyburn,James,Clyburn
no match,james clyburn,James,Clyburn,James,Clyburn
no match,susan collins,Susan,Collins,Susan,Collins
no match,susan collins,Susan,Collins,Susan,Collins
no match,susan collins,Susan,Collins,Susan,Collins
no match,susan collins,Susan,Collins,Susan,Collins
no match,susan collins,Susan,Collins,Susan,Collins
no match,herbert conaway,Herbert,Conaway,Herbert,Conaway
no match,herbert conaway,Herbert,Conaway,Herbert,Conaway
no match,herbert conaway,Herbert,Conaway,Herbert,Conaway
no match,herbert conaway,Herbert,Conaway,Herbert,Conaway
no match,herbert conaway,Herbert,Conaway,Herbert,Conaway
no match,gerald connolly,Gerald,Connolly,Gerald,Connolly
no match,gerald connolly,Gerald,Connolly,Gerald,Connolly
no match,gerald connolly,Gerald,Connolly,Gerald,Connolly
no match,gerald connolly,Gerald,Connolly,Gerald,Connolly
no match,gerald connolly,Gerald,Connolly,Gerald,Connolly
no match,christopher coons,Christopher,Coons,Christopher,Coons
no match,christopher coons,Christopher,Coons,Christopher,Coons
no match,christopher coons,Christopher,Coons,Christopher,Coons
no match,christopher coons,Christopher,Coons,Christopher,Coons
no match,christopher coons,Christopher,Coons,Christopher,Coons
no match,john cornyn,John,Cornyn,John,Cornyn
no match,john cornyn,John,Cornyn,John,Cornyn
no match,john cornyn,John,Cornyn,John,Cornyn
no match,john cornyn,John,Cornyn,John,Cornyn
no match,john cornyn,John,Cornyn,John,Cornyn
no match,j luis correa,J. Luis,Correa,Jose,Correa
no match,j luis correa,J. Luis,Correa,Jose,Correa
no match,j luis correa,J. Luis,Correa,Jose,Correa
no match,j luis correa,J. Luis,Correa,Jose,Correa
no match,j luis correa,J. Luis,Correa,Jose,Correa
no match,tom cotton,Tom,Cotton,Tom,Cotton
no match,tom cotton,Tom,Cotton,Tom,Cotton
no match,tom cotton,Tom,Cotton,Tom,Cotton
no match,tom cotton,Tom,Cotton,Tom,Cotton
no match,tom cotton,Tom,Cotton,Tom,Cotton
no match,kevin cramer,Kevin,Cramer,Kevin,Cramer
no match,kevin cramer,Kevin,Cramer,Kevin,Cramer
no match,kevin cramer,Kevin,Cramer,Kevin,Cramer
no match,kevin cramer,Kevin,Cramer,Kevin,Cramer
no match,kevin cramer,Kevin,Cramer,Kevin,Cramer
no match,elijah crane,Elijah,Crane,Eli,Crane
no match,elijah crane,Elijah,Crane,Eli,Crane
no match,elijah crane,Elijah,Crane,Eli,Crane
no match,elijah crane,Elijah,Crane,Eli,Crane
no match,elijah crane,Elijah,Crane,Eli,Crane
no match,jeff crank,Jeff,Crank,Jeff,Crank
no match,jeff crank,Jeff,Crank,Jeff,Crank
no match,jeff crank,Jeff,Crank,Jeff,Crank
no match,jeff crank,Jeff,Crank,Jeff,Crank
no match,jeff crank,Jeff,Crank,Jeff,Crank
no match,eric crawford,Eric,Crawford,Rick,Crawford
no match,eric crawford,Eric,Crawford,Rick,Crawford
no match,eric crawford,Eric,Crawford,Rick,Crawford
no match,eric crawford,Eric,Crawford,Rick,Crawford
no match,eric crawford,Eric,Crawford,Rick,Crawford
no match,ted cruz,Ted,Cruz,Rafael,Cruz
no match,ted cruz,Ted,Cruz,Rafael,Cruz
no match,ted cruz,Ted,Cruz,Rafael,Cruz
no match,ted cruz,Ted,Cruz,Rafael,Cruz
no match,ted cruz,Ted,Cruz,Rafael,Cruz
no match,steve daines,Steve,Daines,Steve,Daines
no match,steve daines,Steve,Daines,Steve,Daines
no match,steve daines,Steve,Daines,Steve,Daines
no match,steve daines,Steve,Daines,Steve,Daines
no match,steve daines,Steve,Daines,Steve,Daines
no match,danny davis,Danny,Davis,Danny,Davis
no match,donald davis,Donald,Davis,Don,Davis
no match,danny davis,Danny,Davis,Danny,Davis
no match,donald davis,Donald,Davis,Don,Davis
no match,danny davis,Danny,Davis,Danny,Davis
no match,donald davis,Donald,Davis,Don,Davis
no match,danny davis,Danny,Davis,Danny,Davis
no match,donald davis,Donald,Davis,Don,Davis
no match,danny davis,Danny,Davis,Danny,Davis
no match,donald davis,Donald,Davis,Don,Davis
no match,maxine dexter,Maxine,Dexter,Maxine,Dexter
no match,maxine dexter,Maxine,Dexter,Maxine,Dexter
no match,maxine dexter,Maxine,Dexter,Maxine,Dexter
no match,maxine dexter,Maxine,Dexter,Maxine,Dexter
no match,maxine dexter,Maxine,Dexter,Maxine,Dexter
no match,troy downing,Troy,Downing,Troy,Downing
no match,troy downing,Troy,Downing,Troy,Downing
no match,troy downing,Troy,Downing,Troy,Downing
no match,troy downing,Troy,Downing,Troy,Downing
no match,troy downing,Troy,Downing,Troy,Downing
no match,richard durbin,Richard,Durbin,Richard,Durbin
no match,richard durbin,Richard,Durbin,Richard,Durbin
no match,richard durbin,Richard,Durbin,Richard,Durbin
no match,richard durbin,Richard,Durbin,Richard,Durbin
no match,richard durbin,Richard,Durbin,Richard,Durbin
no match,sarah elfreth,Sarah,Elfreth,Sarah,Elfreth
no match,sarah elfreth,Sarah,Elfreth,Sarah,Elfreth
no match,sarah elfreth,Sarah,Elfreth,Sarah,Elfreth
no match,sarah elfreth,Sarah,Elfreth,Sarah,Elfreth
no match,sarah elfreth,Sarah,Elfreth,Sarah,Elfreth
no match,joni ernst,Joni,Ernst,Joni,Ernst
no match,joni ernst,Joni,Ernst,Joni,Ernst
no match,joni ernst,Joni,Ernst,Joni,Ernst
no match,joni ernst,Joni,Ernst,Joni,Ernst
no match,joni ernst,Joni,Ernst,Joni,Ernst
no match,gabe evans,Gabe,Evans,Gabe,Evans
no match,gabe evans,Gabe,Evans,Gabe,Evans
no match,gabe evans,Gabe,Evans,Gabe,Evans
no match,gabe evans,Gabe,Evans,Gabe,Evans
no match,gabe evans,Gabe,Evans,Gabe,Evans
no match,pat fallon,Pat,Fallon,Pat,Fallon
no match,pat fallon,Pat,Fallon,Pat,Fallon
no match,pat fallon,Pat,Fallon,Pat,Fallon
no match,pat fallon,Pat,Fallon,Pat,Fallon
no match,pat fallon,Pat,Fallon,Pat,Fallon
no match,julie fedorchak,Julie,Fedorchak,Julie,Fedorchak
no match,julie fedorchak,Julie,Fedorchak,Julie,Fedorchak
no match,julie fedorchak,Julie,Fedorchak,Julie,Fedorchak
no match,julie fedorchak,Julie,Fedorchak,Julie,Fedorchak
no match,julie fedorchak,Julie,Fedorchak,Julie,Fedorchak
no match,cleo fields,Cleo,Fields,Cleo,Fields
no match,cleo fields,Cleo,Fields,Cleo,Fields
no match,cleo fields,Cleo,Fields,Cleo,Fields
no match,cleo fields,Cleo,Fields,Cleo,Fields
no match,cleo fields,Cleo,Fields,Cleo,Fields
no match,shomari figures,Shomari,Figures,Shomari,Figures
no match,shomari figures,Shomari,Figures,Shomari,Figures
no match,shomari figures,Shomari,Figures,Shomari,Figures
no match,shomari figures,Shomari,Figures,Shomari,Figures
no match,shomari figures,Shomari,Figures,Shomari,Figures
no match,randy fine,Randy,Fine,Randy,Fine
no match,randy fine,Randy,Fine,Randy,Fine
no match,randy fine,Randy,Fine,Randy,Fine
no match,randy fine,Randy,Fine,Randy,Fine
no match,randy fine,Randy,Fine,Randy,Fine
no match,deb fischer,Deb,Fischer,Debra,Fischer
no match,deb fischer,Deb,Fischer,Debra,Fischer
no match,deb fischer,Deb,Fischer,Debra,Fischer
no match,deb fischer,Deb,Fischer,Debra,Fischer
no match,deb fischer,Deb,Fischer,Debra,Fischer
no match,charles fleischmann,Charles,Fleischmann,Chuck,Fleischmann
no match,charles fleischmann,Charles,Fleischmann,Chuck,Fleischmann
no match,charles fleischmann,Charles,Fleischmann,Chuck,Fleischmann
no match,charles fleischmann,Charles,Fleischmann,Chuck,Fleischmann
no match,charles fleischmann,Charles,Fleischmann,Chuck,Fleischmann
no match,vince fong,Vince,Fong,Vince,Fong
no match,vince fong,Vince,Fong,Vince,Fong
no match,vince fong,Vince,Fong,Vince,Fong
no match,vince fong,Vince,Fong,Vince,Fong
no match,vince fong,Vince,Fong,Vince,Fong
no match,laura friedman,Laura,Friedman,Laura,Friedman
no match,laura friedman,Laura,Friedman,Laura,Friedman
no match,laura friedman,Laura,Friedman,Laura,Friedman
no match,laura friedman,Laura,Friedman,Laura,Friedman
no match,laura friedman,Laura,Friedman,Laura,Friedman
no match,brandon gill,Brandon,Gill,Brandon,Gill
no match,brandon gill,Brandon,Gill,Brandon,Gill
no match,brandon gill,Brandon,Gill,Brandon,Gill
no match,brandon gill,Brandon,Gill,Brandon,Gill
no match,brandon gill,Brandon,Gill,Brandon,Gill
no match,kirsten gillibrand,Kirsten,Gillibrand,Kirsten,Gillibrand
no match,kirsten gillibrand,Kirsten,Gillibrand,Kirsten,Gillibrand
no match,kirsten gillibrand,Kirsten,Gillibrand,Kirsten,Gillibrand
no match,kirsten gillibrand,Kirsten,Gillibrand,Kirsten,Gillibrand
no match,kirsten gillibrand,Kirsten,Gillibrand,Kirsten,Gillibrand
no match,craig goldman,Craig,Goldman,Craig,Goldman
no match,daniel goldman,Daniel,Goldman,Daniel,Goldman
no match,craig goldman,Craig,Goldman,Craig,Goldman
no match,daniel goldman,Daniel,Goldman,Daniel,Goldman
no match,craig goldman,Craig,Goldman,Craig,Goldman
no match,daniel goldman,Daniel,Goldman,Daniel,Goldman
no match,craig goldman,Craig,Goldman,Craig,Goldman
no match,daniel goldman,Daniel,Goldman,Daniel,Goldman
no match,craig goldman,Craig,Goldman,Craig,Goldman
no match,daniel goldman,Daniel,Goldman,Daniel,Goldman
no match,maggie goodlander,Maggie,Goodlander,Maggie,Goodlander
no match,maggie goodlander,Maggie,Goodlander,Maggie,Goodlander
no match,maggie goodlander,Maggie,Goodlander,Maggie,Goodlander
no match,maggie goodlander,Maggie,Goodlander,Maggie,Goodlander
no match,maggie goodlander,Maggie,Goodlander,Maggie,Goodlander
no match,lindsey graham,Lindsey,Graham,Lindsey,Graham
no match,lindsey graham,Lindsey,Graham,Lindsey,Graham
no match,lindsey graham,Lindsey,Graham,Lindsey,Graham
no match,lindsey graham,Lindsey,Graham,Lindsey,Graham
no match,lindsey graham,Lindsey,Graham,Lindsey,Graham
no match,h morgan griffith,H. Morgan,Griffith,H.,Griffith
no match,h morgan griffith,H. Morgan,Griffith,H.,Griffith
no match,h morgan griffith,H. Morgan,Griffith,H.,Griffith
no match,h morgan griffith,H. Morgan,Griffith,H.,Griffith
no match,h morgan griffith,H. Morgan,Griffith,Morgan,Griffith
no match,raul grijalva,Raul,Grijalva,Raul,Grijalva
no match,raul grijalva,Raul,Grijalva,Raul,Grijalva
no match,raul grijalva,Raul,Grijalva,Raul,Grijalva
no match,raul grijalva,Raul,Grijalva,Raul,Grijalva
no match,raul grijalva,Raul,Grijalva,Raul,Grijalva
no match,bill hagerty,Bill,Hagerty,William,Hagerty
no match,bill hagerty,Bill,Hagerty,William,Hagerty
no match,bill hagerty,Bill,Hagerty,William,Hagerty
no match,bill hagerty,Bill,Hagerty,William,Hagerty
no match,bill hagerty,Bill,Hagerty,William,Hagerty
no match,abraham hamadeh,Abraham,Hamadeh,Abraham,Hamadeh
no match,abraham hamadeh,Abraham,Hamadeh,Abraham,Hamadeh
no match,abraham hamadeh,Abraham,Hamadeh,Abraham,Hamadeh
no match,abraham hamadeh,Abraham,Hamadeh,Abraham,Hamadeh
no match,abraham hamadeh,Abraham,Hamadeh,Abraham,Hamadeh
no match,mike haridopolos,Mike,Haridopolos,Mike,Haridopolos
no match,mike haridopolos,Mike,Haridopolos,Mike,Haridopolos
no match,mike haridopolos,Mike,Haridopolos,Mike,Haridopolos
no match,mike haridopolos,Mike,Haridopolos,Mike,Haridopolos
no match,mike haridopolos,Mike,Haridopolos,Mike,Haridopolos
no match,mark harris,Mark,Harris,Mark,Harris
no match,mark harris,Mark,Harris,Mark,Harris
no match,mark harris,Mark,Harris,Mark,Harris
no match,mark harris,Mark,Harris,Mark,Harris
no match,mark harris,Mark,Harris,Mark,Harris
no match,margaret wood hassan,Margaret Wood,Hassan,Margaret,Hassan
no match,margaret wood hassan,Margaret Wood,Hassan,Margaret,Hassan
no match,margaret wood hassan,Margaret Wood,Hassan,Margaret,Hassan
no match,margaret wood hassan,Margaret Wood,Hassan,Margaret,Hassan
no match,margaret wood hassan,Margaret Wood,Hassan,Margaret,Hassan
no match,josh hawley,Josh,Hawley,Joshua,Hawley
no match,josh hawley,Josh,Hawley,Joshua,Hawley
no match,josh hawley,Josh,Hawley,Joshua,Hawley
no match,josh hawley,Josh,Hawley,Joshua,Hawley
no match,josh hawley,Josh,Hawley,Joshua,Hawley
no match,martin heinrich,Martin,Heinrich,Martin,Heinrich
no match,martin heinrich,Martin,Heinrich,Martin,Heinrich
no match,martin heinrich,Martin,Heinrich,Martin,Heinrich
no match,martin heinrich,Martin,Heinrich,Martin,Heinrich
no match,martin heinrich,Martin,Heinrich,Martin,Heinrich
no match,pablo hernandez,Pablo,Hernández,Pablo,Hernandez
no match,pablo hernandez,Pablo,Hernández,Pablo,Hernandez
no match,pablo hernandez,Pablo,Hernández,Pablo,Hernandez
no match,pablo hernandez,Pablo,Hernández,Pablo,Hernandez
no match,pablo hernandez,Pablo,Hernández,Pablo,Hernandez
no match,john hickenlooper,John,Hickenlooper,John,Hickenlooper
no match,john hickenlooper,John,Hickenlooper,John,Hickenlooper
no match,john hickenlooper,John,Hickenlooper,John,Hickenlooper
no match,john hickenlooper,John,Hickenlooper,John,Hickenlooper
no match,john hickenlooper,John,Hickenlooper,John,Hickenlooper
no match,j french hill,J. French,Hill,French,Hill
no match,j french hill,J. French,Hill,French,Hill
no match,j french hill,J. French,Hill,French,Hill
no match,j french hill,J. French,Hill,French,Hill
no match,j french hill,J. French,Hill,French,Hill
no match,james himes,James,Himes,James,Himes
no match,james himes,James,Himes,James,Himes
no match,james himes,James,Himes,James,Himes
no match,james himes,James,Himes,James,Himes
no match,james himes,James,Himes,James,Himes
no match,mazie hirono,Mazie,Hirono,Mazie,Hirono
no match,mazie hirono,Mazie,Hirono,Mazie,Hirono
no match,mazie hirono,Mazie,Hirono,Mazie,Hirono
no match,mazie hirono,Mazie,Hirono,Mazie,Hirono
no match,mazie hirono,Mazie,Hirono,Mazie,Hirono
no match,steny hoyer,Steny,Hoyer,Steny,Hoyer
no match,steny hoyer,Steny,Hoyer,Steny,Hoyer
no match,steny hoyer,Steny,Hoyer,Steny,Hoyer
no match,steny hoyer,Steny,Hoyer,Steny,Hoyer
no match,steny hoyer,Steny,Hoyer,Steny,Hoyer
no match,jeff hurd,Jeff,Hurd,Jeff,Hurd
no match,jeff hurd,Jeff,Hurd,Jeff,Hurd
no match,jeff hurd,Jeff,Hurd,Jeff,Hurd
no match,jeff hurd,Jeff,Hurd,Jeff,Hurd
no match,jeff hurd,Jeff,Hurd,Jeff,Hurd
no match,jon husted,Jon,Husted,Jon,Husted
no match,jon husted,Jon,Husted,Jon,Husted
no match,jon husted,Jon,Husted,Jon,Husted
no match,jon husted,Jon,Husted,Jon,Husted
no match,jon husted,Jon,Husted,Jon,Husted
no match,cindy hyde-smith,Cindy,Hyde-Smith,Cindy,Hyde-Smith
no match,cindy hyde-smith,Cindy,Hyde-Smith,Cindy,Hyde-Smith
no match,cindy hyde-smith,Cindy,Hyde-Smith,Cindy,Hyde-Smith
no match,cindy hyde-smith,Cindy,Hyde-Smith,Cindy,Hyde-Smith
no match,cindy hyde-smith,Cindy,Hyde-Smith,Cindy,Hyde-Smith
no match,brian jack,Brian,Jack,Brian,Jack
no match,brian jack,Brian,Jack,Brian,Jack
no match,brian jack,Brian,Jack,Brian,Jack
no match,brian jack,Brian,Jack,Brian,Jack
no match,brian jack,Brian,Jack,Brian,Jack
no match,henry johnson,Henry,Johnson,Henry,Johnson
no match,julie johnson,Julie,Johnson,Julie,Johnson
duplicate candidates: 2,ron johnson,Ron,Johnson,Ron,Johnson
no match,henry johnson,Henry,Johnson,Henry,Johnson
no match,julie johnson,Julie,Johnson,Julie,Johnson
duplicate candidates: 2,ron johnson,Ron,Johnson,Ron,Johnson
no match,henry johnson,Henry,Johnson,Henry,Johnson
no match,julie johnson,Julie,Johnson,Julie,Johnson
duplicate candidates: 2,ron johnson,Ron,Johnson,Ron,Johnson
no match,henry johnson,Henry,Johnson,Henry,Johnson
no match,julie johnson,Julie,Johnson,Julie,Johnson
duplicate candidates: 2,ron johnson,Ron,Johnson,Ron,Johnson
no match,henry johnson,Henry,Johnson,Henry,Johnson
no match,julie johnson,Julie,Johnson,Julie,Johnson
duplicate candidates: 2,ron johnson,Ron,Johnson,Ron,Johnson
no match,david joyce,David,Joyce,David,Joyce
no match,david joyce,David,Joyce,David,Joyce
no match,david joyce,David,Joyce,David,Joyce
no match,david joyce,David,Joyce,David,Joyce
no match,david joyce,David,Joyce,David,Joyce
no match,james justice,James,Justice,James,Justice
no match,james justice,James,Justice,James,Justice
no match,james justice,James,Justice,James,Justice
no match,james justice,James,Justice,James,Justice
no match,james justice,James,Justice,James,Justice
no match,tim kaine,Tim,Kaine,Timothy,Kaine
no match,tim kaine,Tim,Kaine,Timothy,Kaine
no match,tim kaine,Tim,Kaine,Timothy,Kaine
no match,tim kaine,Tim,Kaine,Timothy,Kaine
no match,tim kaine,Tim,Kaine,Timothy,Kaine
no match,sydney kamlager-dove,Sydney,Kamlager-Dove,Sydney,Kamlager-Dove
no match,sydney kamlager-dove,Sydney,Kamlager-Dove,Sydney,Kamlager-Dove
no match,sydney kamlager-dove,Sydney,Kamlager-Dove,Sydney,Kamlager-Dove
no match,sydney kamlager-dove,Sydney,Kamlager-Dove,Sydney,Kamlager-Dove
no match,sydney kamlager-dove,Sydney,Kamlager-Dove,Sydney,Kamlager-Dove
no match,thomas kean,Thomas,Kean,Thomas,Kean
no match,thomas kean,Thomas,Kean,Thomas,Kean
no match,thomas kean,Thomas,Kean,Thomas,Kean
no match,thomas kean,Thomas,Kean,Thomas,Kean
no match,thomas kean,Thomas,Kean,Thomas,Kean
no match,william keating,William,Keating,William,Keating
no match,william keating,William,Keating,William,Keating
no match,william keating,William,Keating,William,Keating
no match,william keating,William,Keating,William,Keating
no match,william keating,William,Keating,William,Keating
no match,mike kennedy,Mike,Kennedy,Mike,Kennedy
no match,timothy kennedy,Timothy,Kennedy,Timothy,Kennedy
no match,mike kennedy,Mike,Kennedy,Mike,Kennedy
no match,timothy kennedy,Timothy,Kennedy,Timothy,Kennedy
no match,mike kennedy,Mike,Kennedy,Mike,Kennedy
no match,timothy kennedy,Timothy,Kennedy,Timothy,Kennedy
no match,mike kennedy,Mike,Kennedy,Mike,Kennedy
no match,timothy kennedy,Timothy,Kennedy,Timothy,Kennedy
no match,mike kennedy,Mike,Kennedy,Mike,Kennedy
no match,timothy kennedy,Timothy,Kennedy,Timothy,Kennedy
no match,jennifer kiggans,Jennifer,Kiggans,Jennifer,Kiggans
no match,jennifer kiggans,Jennifer,Kiggans,Jennifer,Kiggans
no match,jennifer kiggans,Jennifer,Kiggans,Jennifer,Kiggans
no match,jennifer kiggans,Jennifer,Kiggans,Jennifer,Kiggans
no match,jennifer kiggans,Jennifer,Kiggans,Jennifer,Kiggans
no match,angus king,Angus,King,Angus,King
no match,angus king,Angus,King,Angus,King
no match,angus king,Angus,King,Angus,King
no match,angus king,Angus,King,Angus,King
no match,angus king,Angus,King,Angus,King
no match,kimberlyn king-hinds,Kimberlyn,King-Hinds,Kimberlyn,King-Hinds
no match,kimberlyn king-hinds,Kimberlyn,King-Hinds,Kimberlyn,King-Hinds
no match,kimberlyn king-hinds,Kimberlyn,King-Hinds,Kimberlyn,King-Hinds
no match,kimberlyn king-hinds,Kimberlyn,King-Hinds,Kimberlyn,King-Hinds
no match,kimberlyn king-hinds,Kimberlyn,King-Hinds,Kimberlyn,King-Hinds
no match,amy klobuchar,Amy,Klobuchar,Amy,Klobuchar
no match,amy klobuchar,Amy,Klobuchar,Amy,Klobuchar
no match,amy klobuchar,Amy,Klobuchar,Amy,Klobuchar
no match,amy klobuchar,Amy,Klobuchar,Amy,Klobuchar
no match,amy klobuchar,Amy,Klobuchar,Amy,Klobuchar
no match,brad knott,Brad,Knott,Brad,Knott
no match,brad knott,Brad,Knott,Brad,Knott
no match,brad knott,Brad,Knott,Brad,Knott
no match,brad knott,Brad,Knott,Brad,Knott
no match,brad knott,Brad,Knott,Brad,Knott
no match,nicholas langworthy,Nicholas,Langworthy,Nicholas,Langworthy
no match,nicholas langworthy,Nicholas,Langworthy,Nicholas,Langworthy
no match,nicholas langworthy,Nicholas,Langworthy,Nicholas,Langworthy
no match,nicholas langworthy,Nicholas,Langworthy,Nicholas,Langworthy
no match,nicholas langworthy,Nicholas,Langworthy,Nicholas,Langworthy
no match,george latimer,George,Latimer,George,Latimer
no match,george latimer,George,Latimer,George,Latimer
no match,george latimer,George,Latimer,George,Latimer
no match,george latimer,George,Latimer,George,Latimer
no match,george latimer,George,Latimer,George,Latimer
no match,robert latta,Robert,Latta,Robert,Latta
no match,robert latta,Robert,Latta,Robert,Latta
no match,robert latta,Robert,Latta,Robert,Latta
no match,robert latta,Robert,Latta,Robert,Latta
no match,robert latta,Robert,Latta,Robert,Latta
no match,michael lawler,Michael,Lawler,Michael,Lawler
no match,michael lawler,Michael,Lawler,Michael,Lawler
no match,michael lawler,Michael,Lawler,Michael,Lawler
no match,michael lawler,Michael,Lawler,Michael,Lawler
no match,michael lawler,Michael,Lawler,Michael,Lawler
no match,sam liccardo,Sam,Liccardo,Sam,Liccardo
no match,sam liccardo,Sam,Liccardo,Sam,Liccardo
no match,sam liccardo,Sam,Liccardo,Sam,Liccardo
no match,sam liccardo,Sam,Liccardo,Sam,Liccardo
no match,sam liccardo,Sam,Liccardo,Sam,Liccardo
no match,frank lucas,Frank,Lucas,Frank,Lucas
no match,frank lucas,Frank,Lucas,Frank,Lucas
no match,frank lucas,Frank,Lucas,Frank,Lucas
no match,frank lucas,Frank,Lucas,Frank,Lucas
no match,frank lucas,Frank,Lucas,Frank,Lucas
no match,ben ray lujan,Ben Ray,Luján,Ben,Lujan
no match,ben ray lujan,Ben Ray,Luján,Ben,Lujan
no match,ben ray lujan,Ben Ray,Luján,Ben,Lujan
no match,ben ray lujan,Ben Ray,Luján,Ben,Lujan
no match,ben ray lujan,Ben Ray,Luján,Ben,Lujan
no match,cynthia lummis,Cynthia,Lummis,Cynthia,Lummis
no match,cynthia lummis,Cynthia,Lummis,Cynthia,Lummis
no match,cynthia lummis,Cynthia,Lummis,Cynthia,Lummis
no match,cynthia lummis,Cynthia,Lummis,Cynthia,Lummis
no match,cynthia lummis,Cynthia,Lummis,Cynthia,Lummis
no match,ryan mackenzie,Ryan,Mackenzie,Ryan,Mackenzie
no match,ryan mackenzie,Ryan,Mackenzie,Ryan,Mackenzie
no match,ryan mackenzie,Ryan,Mackenzie,Ryan,Mackenzie
no match,ryan mackenzie,Ryan,Mackenzie,Ryan,Mackenzie
no match,ryan mackenzie,Ryan,Mackenzie,Ryan,Mackenzie
no match,celeste maloy,Celeste,Maloy,Celeste,Maloy
no match,celeste maloy,Celeste,Maloy,Celeste,Maloy
no match,celeste maloy,Celeste,Maloy,Celeste,Maloy
no match,celeste maloy,Celeste,Maloy,Celeste,Maloy
no match,celeste maloy,Celeste,Maloy,Celeste,Maloy
no match,john mannion,John,Mannion,John,Mannion
no match,john mannion,John,Mannion,John,Mannion
no match,john mannion,John,Mannion,John,Mannion
no match,john mannion,John,Mannion,John,Mannion
no match,john mannion,John,Mannion,John,Mannion
no match,edward markey,Edward,Markey,Edward,Markey
no match,edward markey,Edward,Markey,Edward,Markey
no match,edward markey,Edward,Markey,Edward,Markey
no match,edward markey,Edward,Markey,Edward,Markey
no match,edward markey,Edward,Markey,Edward,Markey
no match,roger marshall,Roger,Marshall,Roger,Marshall
no match,roger marshall,Roger,Marshall,Roger,Marshall
no match,roger marshall,Roger,Marshall,Roger,Marshall
no match,roger marshall,Roger,Marshall,Roger,Marshall
no match,roger marshall,Roger,Marshall,Roger,Marshall
no match,sarah mcbride,Sarah,McBride,Sarah,McBride
no match,sarah mcbride,Sarah,McBride,Sarah,McBride
no match,sarah mcbride,Sarah,McBride,Sarah,McBride
no match,sarah mcbride,Sarah,McBride,Sarah,McBride
no match,sarah mcbride,Sarah,McBride,Sarah,McBride
no match,april mcclain delaney,April,McClain Delaney,April,McClain Delaney
no match,april mcclain delaney,April,McClain Delaney,April,McClain Delaney
no match,april mcclain delaney,April,McClain Delaney,April,McClain Delaney
no match,april mcclain delaney,April,McClain Delaney,April,McClain Delaney
no match,april mcclain delaney,April,McClain Delaney,April,McClain Delaney
no match,jennifer mcclellan,Jennifer,McClellan,Jennifer,McClellan
no match,jennifer mcclellan,Jennifer,McClellan,Jennifer,McClellan
no match,jennifer mcclellan,Jennifer,McClellan,Jennifer,McClellan
no match,jennifer mcclellan,Jennifer,McClellan,Jennifer,McClellan
no match,jennifer mcclellan,Jennifer,McClellan,Jennifer,McClellan
no match,mitch mcconnell,Mitch,McConnell,Addison,McConnell
no match,mitch mcconnell,Mitch,McConnell,Addison,McConnell
no match,mitch mcconnell,Mitch,McConnell,Addison,McConnell
no match,mitch mcconnell,Mitch,McConnell,Addison,McConnell
no match,mitch mcconnell,Mitch,McConnell,Addison,McConnell
no match,david mccormick,David,McCormick,David,McCormick
no match,david mccormick,David,McCormick,David,McCormick
no match,david mccormick,David,McCormick,David,McCormick
no match,david mccormick,David,McCormick,David,McCormick
no match,david mccormick,David,McCormick,David,McCormick
no match,kristen mcdonald rivet,Kristen,McDonald Rivet,Kristen,McDonald Rivet
no match,kristen mcdonald rivet,Kristen,McDonald Rivet,Kristen,McDonald Rivet
no match,kristen mcdonald rivet,Kristen,McDonald Rivet,Kristen,McDonald Rivet
no match,kristen mcdonald rivet,Kristen,McDonald Rivet,Kristen,McDonald Rivet
no match,kristen mcdonald rivet,Kristen,McDonald Rivet,Kristen,McDonald Rivet
no match,addison mcdowell,Addison,McDowell,Addison,McDowell
no match,addison mcdowell,Addison,McDowell,Addison,McDowell
no match,addison mcdowell,Addison,McDowell,Addison,McDowell
no match,addison mcdowell,Addison,McDowell,Addison,McDowell
no match,addison mcdowell,Addison,McDowell,Addison,McDowell
no match,james mcgovern,James,McGovern,James,McGovern
no match,james mcgovern,James,McGovern,James,McGovern
no match,james mcgovern,James,McGovern,James,McGovern
no match,james mcgovern,James,McGovern,James,McGovern
no match,james mcgovern,James,McGovern,James,McGovern
no match,lamonica mciver,LaMonica,McIver,LaMonica,McIver
no match,lamonica mciver,LaMonica,McIver,LaMonica,McIver
no match,lamonica mciver,LaMonica,McIver,LaMonica,McIver
no match,lamonica mciver,LaMonica,McIver,LaMonica,McIver
no match,lamonica mciver,LaMonica,McIver,LaMonica,McIver
no match,robert menendez,Robert,Menendez,Robert,Menendez
no match,robert menendez,Robert,Menendez,Robert,Menendez
no match,robert menendez,Robert,Menendez,Robert,Menendez
no match,robert menendez,Robert,Menendez,Robert,Menendez
no match,robert menendez,Robert,Menendez,Robert,Menendez
no match,jeff merkley,Jeff,Merkley,Jeff,Merkley
no match,jeff merkley,Jeff,Merkley,Jeff,Merkley
no match,jeff merkley,Jeff,Merkley,Jeff,Merkley
no match,jeff merkley,Jeff,Merkley,Jeff,Merkley
no match,jeff merkley,Jeff,Merkley,Jeff,Merkley
no match,mark messmer,Mark,Messmer,Mark,Messmer
no match,mark messmer,Mark,Messmer,Mark,Messmer
no match,mark messmer,Mark,Messmer,Mark,Messmer
no match,mark messmer,Mark,Messmer,Mark,Messmer
no match,mark messmer,Mark,Messmer,Mark,Messmer
no match,daniel meuser,Daniel,Meuser,Dan,Meuser
no match,daniel meuser,Daniel,Meuser,Dan,Meuser
no match,daniel meuser,Daniel,Meuser,Dan,Meuser
no match,daniel meuser,Daniel,Meuser,Dan,Meuser
no match,daniel meuser,Daniel,Meuser,Dan,Meuser
no match,dave min,Dave,Min,Dave,Min
no match,dave min,Dave,Min,Dave,Min
no match,dave min,Dave,Min,Dave,Min
no match,dave min,Dave,Min,Dave,Min
no match,dave min,Dave,Min,Dave,Min
no match,ashley moody,Ashley,Moody,Ashley,Moody
no match,ashley moody,Ashley,Moody,Ashley,Moody
no match,ashley moody,Ashley,Moody,Ashley,Moody
no match,ashley moody,Ashley,Moody,Ashley,Moody
no match,ashley moody,Ashley,Moody,Ashley,Moody
no match,riley moore,Riley,Moore,Riley,Moore
no match,tim moore,Tim,Moore,Tim,Moore
no match,riley moore,Riley,Moore,Riley,Moore
no match,tim moore,Tim,Moore,Tim,Moore
no match,riley moore,Riley,Moore,Riley,Moore
no match,tim moore,Tim,Moore,Tim,Moore
no match,riley moore,Riley,Moore,Riley,Moore
no match,tim moore,Tim,Moore,Tim,Moore
no match,riley moore,Riley,Moore,Riley,Moore
no match,tim moore,Tim,Moore,Tim,Moore
no match,joseph morelle,Joseph,Morelle,Joseph,Morelle
no match,joseph morelle,Joseph,Morelle,Joseph,Morelle
no match,joseph morelle,Joseph,Morelle,Joseph,Morelle
no match,joseph morelle,Joseph,Morelle,Joseph,Morelle
no match,joseph morelle,Joseph,Morelle,Joseph,Morelle
no match,kelly morrison,Kelly,Morrison,Kelly,Morrison
no match,kelly morrison,Kelly,Morrison,Kelly,Morrison
no match,kelly morrison,Kelly,Morrison,Kelly,Morrison
no match,kelly morrison,Kelly,Morrison,Kelly,Morrison
no match,kelly morrison,Kelly,Morrison,Kelly,Morrison
no match,james moylan,James,Moylan,James,Moylan
no match,james moylan,James,Moylan,James,Moylan
no match,james moylan,James,Moylan,James,Moylan
no match,james moylan,James,Moylan,James,Moylan
no match,james moylan,James,Moylan,James,Moylan
no match,frank mrvan,Frank,Mrvan,Frank,Mrvan
no match,frank mrvan,Frank,Mrvan,Frank,Mrvan
no match,frank mrvan,Frank,Mrvan,Frank,Mrvan
no match,frank mrvan,Frank,Mrvan,Frank,Mrvan
no match,frank mrvan,Frank,Mrvan,Frank,Mrvan
no match,christopher murphy,Christopher,Murphy,Christopher,Murphy
no match,gregory murphy,Gregory,Murphy,Gregory,Murphy
no match,christopher murphy,Christopher,Murphy,Christopher,Murphy
no match,gregory murphy,Gregory,Murphy,Gregory,Murphy
no match,christopher murphy,Christopher,Murphy,Christopher,Murphy
no match,gregory murphy,Gregory,Murphy,Gregory,Murphy
no match,christopher murphy,Christopher,Murphy,Christopher,Murphy
no match,gregory murphy,Gregory,Murphy,Gregory,Murphy
no match,christopher murphy,Christopher,Murphy,Christopher,Murphy
no match,gregory murphy,Gregory,Murphy,Gregory,Murphy
no match,richard neal,Richard,Neal,Richard,Neal
no match,richard neal,Richard,Neal,Richard,Neal
no match,richard neal,Richard,Neal,Richard,Neal
no match,richard neal,Richard,Neal,Richard,Neal
no match,richard neal,Richard,Neal,Richard,Neal
no match,joe neguse,Joe,Neguse,Joseph,Neguse
no match,joe neguse,Joe,Neguse,Joseph,Neguse
no match,joe neguse,Joe,Neguse,Joseph,Neguse
no match,joe neguse,Joe,Neguse,Joseph,Neguse
no match,joe neguse,Joe,Neguse,Joseph,Neguse
no match,donald norcross,Donald,Norcross,Donald,Norcross
no match,donald norcross,Donald,Norcross,Donald,Norcross
no match,donald norcross,Donald,Norcross,Donald,Norcross
no match,donald norcross,Donald,Norcross,Donald,Norcross
no match,donald norcross,Donald,Norcross,Donald,Norcross
no match,zachary nunn,Zachary,Nunn,Zach,Nunn
no match,zachary nunn,Zachary,Nunn,Zach,Nunn
no match,zachary nunn,Zachary,Nunn,Zach,Nunn
no match,zachary nunn,Zachary,Nunn,Zach,Nunn
no match,zachary nunn,Zachary,Nunn,Zach,Nunn
no match,andrew ogles,Andrew,Ogles,Andy,Ogles
no match,andrew ogles,Andrew,Ogles,Andy,Ogles
no match,andrew ogles,Andrew,Ogles,Andy,Ogles
no match,andrew ogles,Andrew,Ogles,Andy,Ogles
no match,andrew ogles,Andrew,Ogles,Andy,Ogles
no match,johnny olszewski,Johnny,Olszewski,Johnny,Olszewski
no match,johnny olszewski,Johnny,Olszewski,Johnny,Olszewski
no match,johnny olszewski,Johnny,Olszewski,Johnny,Olszewski
no match,johnny olszewski,Johnny,Olszewski,Johnny,Olszewski
no match,johnny olszewski,Johnny,Olszewski,Johnny,Olszewski
no match,robert onder,Robert,Onder,Robert,Onder
no match,robert onder,Robert,Onder,Robert,Onder
no match,robert onder,Robert,Onder,Robert,Onder
no match,robert onder,Robert,Onder,Robert,Onder
no match,robert onder,Robert,Onder,Robert,Onder
no match,jon ossoff,Jon,Ossoff,Thomas,Ossoff
no match,jon ossoff,Jon,Ossoff,Thomas,Ossoff
no match,jon ossoff,Jon,Ossoff,Thomas,Ossoff
no match,jon ossoff,Jon,Ossoff,Thomas,Ossoff
no match,jon ossoff,Jon,Ossoff,Thomas,Ossoff
no match,frank pallone,Frank,Pallone,Frank,Pallone
no match,frank pallone,Frank,Pallone,Frank,Pallone
no match,frank pallone,Frank,Pallone,Frank,Pallone
no match,frank pallone,Frank,Pallone,Frank,Pallone
no match,frank pallone,Frank,Pallone,Frank,Pallone
no match,jimmy patronis,Jimmy,Patronis,Jimmy,Patronis
no match,jimmy patronis,Jimmy,Patronis,Jimmy,Patronis
no match,jimmy patronis,Jimmy,Patronis,Jimmy,Patronis
no match,jimmy patronis,Jimmy,Patronis,Jimmy,Patronis
no match,jimmy patronis,Jimmy,Patronis,Jimmy,Patronis
no match,gary peters,Gary,Peters,Gary,Peters
no match,gary peters,Gary,Peters,Gary,Peters
no match,gary peters,Gary,Peters,Gary,Peters
no match,gary peters,Gary,Peters,Gary,Peters
no match,gary peters,Gary,Peters,Gary,Peters
no match,nellie pou,Nellie,Pou,Nellie,Pou
no match,nellie pou,Nellie,Pou,Nellie,Pou
no match,nellie pou,Nellie,Pou,Nellie,Pou
no match,nellie pou,Nellie,Pou,Nellie,Pou
no match,nellie pou,Nellie,Pou,Nellie,Pou
no match,aumua amata coleman radewagen,Aumua Amata Coleman,Radewagen,Aumua,Radewagen
no match,aumua amata coleman radewagen,Aumua Amata Coleman,Radewagen,Aumua,Radewagen
no match,aumua amata coleman radewagen,Aumua Amata Coleman,Radewagen,Aumua,Radewagen
no match,aumua amata coleman radewagen,Aumua Amata Coleman,Radewagen,Aumua,Radewagen
no match,aumua amata coleman radewagen,Aumua Amata Coleman,Radewagen,Aumua,Radewagen
no match,emily randall,Emily,Randall,Emily,Randall
no match,emily randall,Emily,Randall,Emily,Randall
no match,emily randall,Emily,Randall,Emily,Randall
no match,emily randall,Emily,Randall,Emily,Randall
no match,emily randall,Emily,Randall,Emily,Randall
no match,jack reed,Jack,Reed,John,Reed
no match,jack reed,Jack,Reed,John,Reed
no match,jack reed,Jack,Reed,John,Reed
no match,jack reed,Jack,Reed,John,Reed
no match,jack reed,Jack,Reed,John,Reed
no match,pete ricketts,Pete,Ricketts,John,Ricketts
no match,pete ricketts,Pete,Ricketts,John,Ricketts
no match,pete ricketts,Pete,Ricketts,John,Ricketts
no match,pete ricketts,Pete,Ricketts,John,Ricketts
no match,pete ricketts,Pete,Ricketts,John,Ricketts
no match,james risch,James,Risch,James,Risch
no match,james risch,James,Risch,James,Risch
no match,james risch,James,Risch,James,Risch
no match,james risch,James,Risch,James,Risch
no match,james risch,James,Risch,James,Risch
no match,luz rivas,Luz,Rivas,Luz,Rivas
no match,luz rivas,Luz,Rivas,Luz,Rivas
no match,luz rivas,Luz,Rivas,Luz,Rivas
no match,luz rivas,Luz,Rivas,Luz,Rivas
no match,luz rivas,Luz,Rivas,Luz,Rivas
no match,harold rogers,Harold,Rogers,Harold,Rogers
no match,mike rogers,Mike,Rogers,Michael,Rogers
no match,harold rogers,Harold,Rogers,Harold,Rogers
no match,mike rogers,Mike,Rogers,Michael,Rogers
no match,harold rogers,Harold,Rogers,Harold,Rogers
no match,mike rogers,Mike,Rogers,Michael,Rogers
no match,harold rogers,Harold,Rogers,Harold,Rogers
no match,mike rogers,Mike,Rogers,Michael,Rogers
no match,harold rogers,Harold,Rogers,Harold,Rogers
no match,mike rogers,Mike,Rogers,Michael,Rogers
no match,jacky rosen,Jacky,Rosen,Jacklyn,Rosen
no match,jacky rosen,Jacky,Rosen,Jacklyn,Rosen
no match,jacky rosen,Jacky,Rosen,Jacklyn,Rosen
no match,jacky rosen,Jacky,Rosen,Jacklyn,Rosen
no match,jacky rosen,Jacky,Rosen,Jacklyn,Rosen
no match,mike rounds,Mike,Rounds,Marion,Rounds
no match,mike rounds,Mike,Rounds,Marion,Rounds
no match,mike rounds,Mike,Rounds,Marion,Rounds
no match,mike rounds,Mike,Rounds,Marion,Rounds
no match,mike rounds,Mike,Rounds,Marion,Rounds
no match,michael rulli,Michael,Rulli,Michael,Rulli
no match,michael rulli,Michael,Rulli,Michael,Rulli
no match,michael rulli,Michael,Rulli,Michael,Rulli
no match,michael rulli,Michael,Rulli,Michael,Rulli
no match,michael rulli,Michael,Rulli,Michael,Rulli
no match,patrick ryan,Patrick,Ryan,Patrick,Ryan
no match,patrick ryan,Patrick,Ryan,Patrick,Ryan
no match,patrick ryan,Patrick,Ryan,Patrick,Ryan
no match,patrick ryan,Patrick,Ryan,Patrick,Ryan
no match,patrick ryan,Patrick,Ryan,Patrick,Ryan
no match,maria elvira salazar,Maria Elvira,Salazar,Maria,Salazar
no match,maria elvira salazar,Maria Elvira,Salazar,Maria,Salazar
no match,maria elvira salazar,Maria Elvira,Salazar,Maria,Salazar
no match,maria elvira salazar,Maria Elvira,Salazar,Maria,Salazar
no match,maria elvira salazar,Maria Elvira,Salazar,Maria,Salazar
no match,bernard sanders,Bernard,Sanders,Bernard,Sanders
no match,bernard sanders,Bernard,Sanders,Bernard,Sanders
no match,bernard sanders,Bernard,Sanders,Bernard,Sanders
no match,bernard sanders,Bernard,Sanders,Bernard,Sanders
no match,bernard sanders,Bernard,Sanders,Bernard,Sanders
no match,janice schakowsky,Janice,Schakowsky,Janice,Schakowsky
no match,janice schakowsky,Janice,Schakowsky,Janice,Schakowsky
no match,janice schakowsky,Janice,Schakowsky,Janice,Schakowsky
no match,janice schakowsky,Janice,Schakowsky,Janice,Schakowsky
no match,janice schakowsky,Janice,Schakowsky,Janice,Schakowsky
no match,derek schmidt,Derek,Schmidt,Derek,Schmidt
no match,derek schmidt,Derek,Schmidt,Derek,Schmidt
no match,derek schmidt,Derek,Schmidt,Derek,Schmidt
no match,derek schmidt,Derek,Schmidt,Derek,Schmidt
no match,derek schmidt,Derek,Schmidt,Derek,Schmidt
no match,bradley scott schneider,Bradley Scott,Schneider,Brad,Schneider
no match,bradley scott schneider,Bradley Scott,Schneider,Brad,Schneider
no match,bradley scott schneider,Bradley Scott,Schneider,Brad,Schneider
no match,bradley scott schneider,Bradley Scott,Schneider,Brad,Schneider
no match,bradley scott schneider,Bradley Scott,Schneider,Brad,Schneider
no match,charles schumer,Charles,Schumer,Charles,Schumer
no match,charles schumer,Charles,Schumer,Charles,Schumer
no match,charles schumer,Charles,Schumer,Charles,Schumer
no match,charles schumer,Charles,Schumer,Charles,Schumer
no match,charles schumer,Charles,Schumer,Charles,Schumer
no match,rick scott,Rick,Scott,Richard,Scott
no match,robert scott,Robert,Scott,Robert,Scott
no match,rick scott,Rick,Scott,Richard,Scott
no match,robert scott,Robert,Scott,Robert,Scott
no match,rick scott,Rick,Scott,Richard,Scott
no match,robert scott,Robert,Scott,Robert,Scott
no match,rick scott,Rick,Scott,Richard,Scott
no match,robert scott,Robert,Scott,Robert,Scott
no match,rick scott,Rick,Scott,Richard,Scott
no match,robert scott,Robert,Scott,Robert,Scott
no match,jeanne shaheen,Jeanne,Shaheen,Jeanne,Shaheen
no match,jeanne shaheen,Jeanne,Shaheen,Jeanne,Shaheen
no match,jeanne shaheen,Jeanne,Shaheen,Jeanne,Shaheen
no match,jeanne shaheen,Jeanne,Shaheen,Jeanne,Shaheen
no match,jeanne shaheen,Jeanne,Shaheen,Jeanne,Shaheen
no match,tim sheehy,Tim,Sheehy,Timothy,Sheehy
no match,tim sheehy,Tim,Sheehy,Timothy,Sheehy
no match,tim sheehy,Tim,Sheehy,Timothy,Sheehy
no match,tim sheehy,Tim,Sheehy,Timothy,Sheehy
no match,tim sheehy,Tim,Sheehy,Timothy,Sheehy
no match,jefferson shreve,Jefferson,Shreve,Jefferson,Shreve
no match,jefferson shreve,Jefferson,Shreve,Jefferson,Shreve
no match,jefferson shreve,Jefferson,Shreve,Jefferson,Shreve
no match,jefferson shreve,Jefferson,Shreve,Jefferson,Shreve
no match,jefferson shreve,Jefferson,Shreve,Jefferson,Shreve
no match,lateefah simon,Lateefah,Simon,Lateefah,Simon
no match,lateefah simon,Lateefah,Simon,Lateefah,Simon
no match,lateefah simon,Lateefah,Simon,Lateefah,Simon
no match,lateefah simon,Lateefah,Simon,Lateefah,Simon
no match,lateefah simon,Lateefah,Simon,Lateefah,Simon
no match,michael simpson,Michael,Simpson,Michael,Simpson
no match,michael simpson,Michael,Simpson,Michael,Simpson
no match,michael simpson,Michael,Simpson,Michael,Simpson
no match,michael simpson,Michael,Simpson,Michael,Simpson
no match,michael simpson,Michael,Simpson,Michael,Simpson
no match,christopher smith,Christopher,Smith,Christopher,Smith
no match,tina smith,Tina,Smith,Tina,Smith
no match,christopher smith,Christopher,Smith,Christopher,Smith
no match,tina smith,Tina,Smith,Tina,Smith
no match,christopher smith,Christopher,Smith,Christopher,Smith
no match,tina smith,Tina,Smith,Tina,Smith
no match,christopher smith,Christopher,Smith,Christopher,Smith
no match,tina smith,Tina,Smith,Tina,Smith
no match,christopher smith,Christopher,Smith,Christopher,Smith
no match,tina smith,Tina,Smith,Tina,Smith
no match,w gregory steube,W. Gregory,Steube,W.,Steube
no match,w gregory steube,W. Gregory,Steube,W.,Steube
no match,w gregory steube,W. Gregory,Steube,W.,Steube
no match,w gregory steube,W. Gregory,Steube,W.,Steube
no match,w gregory steube,W. Gregory,Steube,W.,Steube
no match,marlin stutzman,Marlin,Stutzman,Marlin,Stutzman
no match,marlin stutzman,Marlin,Stutzman,Marlin,Stutzman
no match,marlin stutzman,Marlin,Stutzman,Marlin,Stutzman
no match,marlin stutzman,Marlin,Stutzman,Marlin,Stutzman
no match,marlin stutzman,Marlin,Stutzman,Marlin,Stutzman
no match,suhas subramanyam,Suhas,Subramanyam,Suhas,Subramanyam
no match,suhas subramanyam,Suhas,Subramanyam,Suhas,Subramanyam
no match,suhas subramanyam,Suhas,Subramanyam,Suhas,Subramanyam
no match,suhas subramanyam,Suhas,Subramanyam,Suhas,Subramanyam
no match,suhas subramanyam,Suhas,Subramanyam,Suhas,Subramanyam
no match,thomas suozzi,Thomas,Suozzi,Thomas,Suozzi
no match,thomas suozzi,Thomas,Suozzi,Thomas,Suozzi
no match,thomas suozzi,Thomas,Suozzi,Thomas,Suozzi
no match,thomas suozzi,Thomas,Suozzi,Thomas,Suozzi
no match,thomas suozzi,Thomas,Suozzi,Thomas,Suozzi
no match,emilia strong sykes,Emilia Strong,Sykes,Emilia,Sykes
no match,emilia strong sykes,Emilia Strong,Sykes,Emilia,Sykes
no match,emilia strong sykes,Emilia Strong,Sykes,Emilia,Sykes
no match,emilia strong sykes,Emilia Strong,Sykes,Emilia,Sykes
no match,emilia strong sykes,Emilia Strong,Sykes,Emilia,Sykes
no match,david taylor,David,Taylor,David,Taylor
no match,david taylor,David,Taylor,David,Taylor
no match,david taylor,David,Taylor,David,Taylor
no match,david taylor,David,Taylor,David,Taylor
no match,david taylor,David,Taylor,David,Taylor
no match,bennie thompson,Bennie,Thompson,Bennie,Thompson
no match,bennie thompson,Bennie,Thompson,Bennie,Thompson
no match,bennie thompson,Bennie,Thompson,Bennie,Thompson
no match,bennie thompson,Bennie,Thompson,Bennie,Thompson
no match,bennie thompson,Bennie,Thompson,Bennie,Thompson
no match,thomas tiffany,Thomas,Tiffany,Thomas,TIFFANY
no match,thomas tiffany,Thomas,Tiffany,Thomas,TIFFANY
no match,thomas tiffany,Thomas,Tiffany,Thomas,TIFFANY
no match,thomas tiffany,Thomas,Tiffany,Thomas,TIFFANY
no match,thomas tiffany,Thomas,Tiffany,Thomas,TIFFANY
no match,thomas tillis,Thomas,Tillis,Thomas,Tillis
no match,thomas tillis,Thomas,Tillis,Thomas,Tillis
no match,thomas tillis,Thomas,Tillis,Thomas,Tillis
no match,thomas tillis,Thomas,Tillis,Thomas,Tillis
no match,thomas tillis,Thomas,Tillis,Thomas,Tillis
no match,derek tran,Derek,Tran,Derek,Tran
no match,derek tran,Derek,Tran,Derek,Tran
no match,derek tran,Derek,Tran,Derek,Tran
no match,derek tran,Derek,Tran,Derek,Tran
no match,derek tran,Derek,Tran,Derek,Tran
no match,tommy tuberville,Tommy,Tuberville,Thomas,Tuberville
no match,tommy tuberville,Tommy,Tuberville,Thomas,Tuberville
no match,tommy tuberville,Tommy,Tuberville,Thomas,Tuberville
no match,tommy tuberville,Tommy,Tuberville,Thomas,Tuberville
no match,tommy tuberville,Tommy,Tuberville,Thomas,Tuberville
no match,michael turner,Michael,Turner,Michael,Turner
no match,sylvester turner,Sylvester,Turner,Sylvester,Turner
no match,michael turner,Michael,Turner,Michael,Turner
no match,sylvester turner,Sylvester,Turner,Sylvester,Turner
no match,michael turner,Michael,Turner,Michael,Turner
no match,sylvester turner,Sylvester,Turner,Sylvester,Turner
no match,michael turner,Michael,Turner,Michael,Turner
no match,sylvester turner,Sylvester,Turner,Sylvester,Turner
no match,michael turner,Michael,Turner,Michael,Turner
no match,sylvester turner,Sylvester,Turner,Sylvester,Turner
no match,lauren underwood,Lauren,Underwood,Lauren,Underwood
no match,lauren underwood,Lauren,Underwood,Lauren,Underwood
no match,lauren underwood,Lauren,Underwood,Lauren,Underwood
no match,lauren underwood,Lauren,Underwood,Lauren,Underwood
no match,lauren underwood,Lauren,Underwood,Lauren,Underwood
no match,jefferson van drew,Jefferson,Van Drew,Jefferson,Van Drew
no match,jefferson van drew,Jefferson,Van Drew,Jefferson,Van Drew
no match,jefferson van drew,Jefferson,Van Drew,Jefferson,Van Drew
no match,jefferson van drew,Jefferson,Van Drew,Jefferson,Van Drew
no match,jefferson van drew,Jefferson,Van Drew,Jefferson,Van Drew
no match,j  vance,J.,Vance,James,Vance
no match,j  vance,J.,Vance,James,Vance
no match,j  vance,J.,Vance,James,Vance
no match,j  vance,J.,Vance,James,Vance
no match,j  vance,J.,Vance,James,Vance
no match,eugene simon vindman,Eugene Simon,Vindman,Eugene,Vindman
no match,eugene simon vindman,Eugene Simon,Vindman,Eugene,Vindman
no match,eugene simon vindman,Eugene Simon,Vindman,Eugene,Vindman
no match,eugene simon vindman,Eugene Simon,Vindman,Eugene,Vindman
no match,eugene simon vindman,Eugene Simon,Vindman,Eugene,Vindman
no match,mark warner,Mark,Warner,Mark,Warner
no match,mark warner,Mark,Warner,Mark,Warner
no match,mark warner,Mark,Warner,Mark,Warner
no match,mark warner,Mark,Warner,Mark,Warner
no match,mark warner,Mark,Warner,Mark,Warner
no match,elizabeth warren,Elizabeth,Warren,Elizabeth,Warren
no match,elizabeth warren,Elizabeth,Warren,Elizabeth,Warren
no match,elizabeth warren,Elizabeth,Warren,Elizabeth,Warren
no match,elizabeth warren,Elizabeth,Warren,Elizabeth,Warren
no match,elizabeth warren,Elizabeth,Warren,Elizabeth,Warren
no match,randy k sr  weber,Randy K. Sr.,Weber,Randy,Weber
no match,randy k sr  weber,Randy K. Sr.,Weber,Randy,Weber
no match,randy k sr  weber,Randy K. Sr.,Weber,Randy,Weber
no match,randy k sr  weber,Randy K. Sr.,Weber,Randy,Weber
no match,randy k sr  weber,Randy K. Sr.,Weber,Randy,Weber
no match,sheldon whitehouse,Sheldon,Whitehouse,Sheldon,Whitehouse
no match,sheldon whitehouse,Sheldon,Whitehouse,Sheldon,Whitehouse
no match,sheldon whitehouse,Sheldon,Whitehouse,Sheldon,Whitehouse
no match,sheldon whitehouse,Sheldon,Whitehouse,Sheldon,Whitehouse
no match,sheldon whitehouse,Sheldon,Whitehouse,Sheldon,Whitehouse
no match,george whitesides,George,Whitesides,George,Whitesides
no match,george whitesides,George,Whitesides,George,Whitesides
no match,george whitesides,George,Whitesides,George,Whitesides
no match,george whitesides,George,Whitesides,George,Whitesides
no match,george whitesides,George,Whitesides,George,Whitesides
no match,roger wicker,Roger,Wicker,Roger,Wicker
no match,roger wicker,Roger,Wicker,Roger,Wicker
no match,roger wicker,Roger,Wicker,Roger,Wicker
no match,roger wicker,Roger,Wicker,Roger,Wicker
no match,roger wicker,Roger,Wicker,Roger,Wicker
no match,tony wied,Tony,Wied,Tony,Wied
no match,tony wied,Tony,Wied,Tony,Wied
no match,tony wied,Tony,Wied,Tony,Wied
no match,tony wied,Tony,Wied,Tony,Wied
no match,tony wied,Tony,Wied,Tony,Wied
no match,nikema williams,Nikema,Williams,Nikema,Williams
no match,nikema williams,Nikema,Williams,Nikema,Williams
no match,nikema williams,Nikema,Williams,Nikema,Williams
no match,nikema williams,Nikema,Williams,Nikema,Williams
no match,nikema williams,Nikema,Williams,Nikema,Williams
no match,robert wittman,Robert,Wittman,Robert,Wittman
no match,robert wittman,Robert,Wittman,Robert,Wittman
no match,robert wittman,Robert,Wittman,Robert,Wittman
no match,robert wittman,Robert,Wittman,Robert,Wittman
no match,robert wittman,Robert,Wittman,Robert,Wittman
no match,joe biden,Joe,Biden,Joseph,Biden
no match,joe biden,Joe,Biden,Joseph,Biden
no match,joe biden,Joe,Biden,Joseph,Biden
no match,joe biden,Joe,Biden,Joseph,Biden
no match,joe biden,Joe,Biden,Joseph,Biden
no match,robert kennedy,Robert,Kennedy,Robert,Kennedy
no match,robert kennedy,Robert,Kennedy,Robert,Kennedy
no match,robert kennedy,Robert,Kennedy,Robert,Kennedy
no match,robert kennedy,Robert,Kennedy,Robert,Kennedy
no match,robert kennedy,Robert,Kennedy,Robert,Kennedy
no match,donald trump,Donald,Trump,Donald,Trump
no match,donald trump,Donald,Trump,Donald,Trump
no match,donald trump,Donald,Trump,Donald,Trump
no match,donald trump,Donald,Trump,Donald,Trump
no match,donald trump,Donald,Trump,Donald,Trump
no match,jd vance,JD,Vance,JD,Vance
no match,jd vance,JD,Vance,JD,Vance
no match,jd vance,JD,Vance,JD,Vance
no match,jd vance,JD,Vance,JD,Vance
no match,jd vance,JD,Vance,JD,Vance
no match,kamala harris,Kamala,Harris,Kamala,Harris
no match,kamala harris,Kamala,Harris,Kamala,Harris
no match,kamala harris,Kamala,Harris,Kamala,Harris
no match,kamala harris,Kamala,Harris,Kamala,Harris
no match,kamala harris,Kamala,Harris,Kamala,Harris
