senator_id,committee_code,subcommittee,subcommittee_role
AlsobrooksMD,SSBK,Subcommittee on Financial Institutions and Consumer Protection,
AlsobrooksMD,SSBK,"Subcommittee on Housing, Transportation, and Community Development",
AlsobrooksMD,SSBK,"Subcommittee on Securities, Insurance, and Investment",
AlsobrooksMD,SSEV,"Subcommittee on Fisheries, Wildlife, and Water",
AlsobrooksMD,SSEV,Subcommittee on Transportation and Infrastructure,Ranking
AlsobrooksMD,SSHR,Subcommittee on Education and the American Family,
AlsobrooksMD,SSHR,Subcommittee on Employment and Workplace Safety,
BaldwinWI,SSAP,"Subcommittee on Agriculture, Rural Development, Food and Drug Administration, and Related Agencies",
BaldwinWI,SSAP,Subcommittee on Department of Defense,
BaldwinWI,SSAP,"Subcommittee on Department of Interior, Environment, and Related Agencies",
BaldwinWI,SSAP,"Subcommittee on Departments of Labor, Health and Human Services, and Education, and Related Agencies",Ranking
BaldwinWI,SSAP,Subcommittee on Energy and Water Development,
BaldwinWI,SSAP,"Subcommittee on Military Construction, Veterans Affairs, and Related Agencies",
BaldwinWI,SSCM,"Subcommittee on Coast Guard, Maritime, and Fisheries",
BaldwinWI,SSCM,"Subcommittee on Consumer Protection, Technology, and Data Privacy",
BaldwinWI,SSCM,"Subcommittee on Science, Manufacturing, and Competitiveness",Ranking
BaldwinWI,SSCM,Subcommittee on Telecommunications and Media,
BaldwinWI,SSHR,Subcommittee on Employment and Workplace Safety,
BaldwinWI,SSHR,Subcommittee on Primary Health and Retirement Security,
BanksIN,SSAS,Subcommittee on Personnel,
BanksIN,SSAS,Subcommittee on Seapower,
BanksIN,SSAS,Subcommittee on Strategic Forces,
BanksIN,SSBK,Subcommittee on Economic Policy,
BanksIN,SSBK,Subcommittee on National Security and International Trade and Finance,
BanksIN,SSBK,"Subcommittee on Securities, Insurance, and Investment",
BanksIN,SSHR,Subcommittee on Education and the American Family,
BanksIN,SSHR,Subcommittee on Employment and Workplace Safety,
BanksIN,SSHR,Subcommittee on Primary Health and Retirement Security,
BarrassoWY,SSEG,Subcommittee on Energy,
BarrassoWY,SSEG,Subcommittee on National Parks,
BarrassoWY,SSEG,"Subcommittee on Public Lands, Forests, and Mining",Chairman
BarrassoWY,SSFI,"Subcommittee on Energy, Natural Resources, and Infrastructure",
BarrassoWY,SSFI,Subcommittee on Health Care,
BarrassoWY,SSFI,Subcommittee on Taxation and IRS Oversight,Chairman
BarrassoWY,SSFR,Subcommittee on Africa and Global Health Policy,
BarrassoWY,SSFR,Subcommittee on Europe and Regional Security Cooperation,
BarrassoWY,SSFR,"Subcommittee on Multilateral International Development, Multilateral Institutions, and International Economic, Energy, and Environmental Policy",
BarrassoWY,SSFR,"Subcommittee on State Department and USAID Management, International Operations, and Bilateral International Development",
BennetCO,SSAF,"Subcommittee on Conservation, Forestry, Natural Resources, and Biotechnology",Ranking
BennetCO,SSAF,"Subcommittee on Rural Development, Energy, and Credit",
BennetCO,SSFI,"Subcommittee on Energy, Natural Resources, and Infrastructure",
BennetCO,SSFI,"Subcommittee on International Trade, Customs, and Global Competitiveness",
BennetCO,SSFI,Subcommittee on Taxation and IRS Oversight,Ranking
BlackburnTN,SSCM,"Subcommittee on Consumer Protection, Technology, and Data Privacy",Chairman
BlackburnTN,SSCM,"Subcommittee on Science, Manufacturing, and Competitiveness",
BlackburnTN,SSCM,Subcommittee on Telecommunications and Media,
BlackburnTN,SSFI,Subcommittee on Health Care,
BlackburnTN,SSFI,"Subcommittee on Social Security, Pensions, and Family Policy",
BlackburnTN,SSFI,Subcommittee on Taxation and IRS Oversight,
BlackburnTN,SSJU,Subcommittee on Crime and Counterterrorism,
BlackburnTN,SSJU,Subcommittee on Intellectual Property,
BlackburnTN,SSJU,"Subcommittee on Privacy, Technology, and the Law",Chairman
BlackburnTN,SSJU,Subcommittee on the Constitution,
BlumenthalCT,SSAS,Subcommittee on Airland,
BlumenthalCT,SSAS,Subcommittee on Personnel,
BlumenthalCT,SSAS,Subcommittee on Seapower,
BlumenthalCT,SSGA,Permanent Subcommittee on Investigations,Ranking
BlumenthalCT,SSGA,"Subcommittee on Disaster Management, District of Columbia, and Census",
BlumenthalCT,SSJU,"Subcommittee on Antitrust, Competition Policy, and Consumer Rights",
BlumenthalCT,SSJU,Subcommittee on Crime and Counterterrorism,
BlumenthalCT,SSJU,"Subcommittee on Federal Courts, Oversight, Agency Action, and Federal Rights",
BlumenthalCT,SSJU,"Subcommittee on Privacy, Technology, and the Law",
Blunt RochesterDE,SSBK,Subcommittee on Economic Policy,
Blunt RochesterDE,SSBK,"Subcommittee on Housing, Transportation, and Community Development",
Blunt RochesterDE,SSBK,"Subcommittee on Securities, Insurance, and Investment",
Blunt RochesterDE,SSCM,"Subcommittee on Coast Guard, Maritime, and Fisheries",Ranking
Blunt RochesterDE,SSCM,"Subcommittee on Consumer Protection, Technology, and Data Privacy",
Blunt RochesterDE,SSCM,"Subcommittee on Science, Manufacturing, and Competitiveness",
Blunt RochesterDE,SSCM,Subcommittee on Telecommunications and Media,
Blunt RochesterDE,SSEV,"Subcommittee on Chemical Safety, Waste Management, Environmental Justice, and Regulatory Oversight",
Blunt RochesterDE,SSEV,"Subcommittee on Clean Air, Climate, and Nuclear Innovation and Safety",
Blunt RochesterDE,SSEV,Subcommittee on Transportation and Infrastructure,
Blunt RochesterDE,SSHR,Subcommittee on Education and the American Family,Ranking
Blunt RochesterDE,SSHR,Subcommittee on Primary Health and Retirement Security,
BookerNJ,SSAF,"Subcommittee on Commodities, Derivatives, Risk Management, and Trade",Ranking
BookerNJ,SSAF,"Subcommittee on Food and Nutrition, Specialty Crops, Organics, and Research",
BookerNJ,SSAF,"Subcommittee on Livestock, Dairy, Poultry, and Food Safety",
BookerNJ,SSFR,Subcommittee on Africa and Global Health Policy,Ranking
BookerNJ,SSFR,Subcommittee on Europe and Regional Security Cooperation,
BookerNJ,SSFR,"Subcommittee on Near East, South Asia, Central Asia, and Counterterrorism",
BookerNJ,SSJU,"Subcommittee on Antitrust, Competition Policy, and Consumer Rights",Ranking
BookerNJ,SSJU,Subcommittee on Border Security and Immigration,
BookerNJ,SSJU,Subcommittee on Crime and Counterterrorism,
BookerNJ,SSJU,Subcommittee on the Constitution,
BoozmanAR,SSAF,"Subcommittee on Commodities, Derivatives, Risk Management, and Trade",
BoozmanAR,SSAF,"Subcommittee on Conservation, Forestry, Natural Resources, and Biotechnology",
BoozmanAR,SSAF,"Subcommittee on Food and Nutrition, Specialty Crops, Organics, and Research",
BoozmanAR,SSAF,"Subcommittee on Livestock, Dairy, Poultry, and Food Safety",
BoozmanAR,SSAF,"Subcommittee on Rural Development, Energy, and Credit",
BoozmanAR,SSAP,Subcommittee on Department of Defense,
BoozmanAR,SSAP,"Subcommittee on Departments of Labor, Health and Human Services, and Education, and Related Agencies",
BoozmanAR,SSAP,Subcommittee on Financial Services and General Government,
BoozmanAR,SSAP,"Subcommittee on Military Construction, Veterans Affairs, and Related Agencies",Chairman
BoozmanAR,SSAP,"Subcommittee on State, Foreign Operations, and Related Programs",
BoozmanAR,SSAP,"Subcommittee on Transportation, Housing and Urban Development, and Related Agencies",
BoozmanAR,SSEV,"Subcommittee on Clean Air, Climate, and Nuclear Innovation and Safety",
BoozmanAR,SSEV,"Subcommittee on Fisheries, Wildlife, and Water",
BoozmanAR,SSEV,Subcommittee on Transportation and Infrastructure,
BrittAL,SSAP,"Subcommittee on Commerce, Justice, Science, and Related Agencies",
BrittAL,SSAP,Subcommittee on Department of Homeland Security,Chairman
BrittAL,SSAP,"Subcommittee on Departments of Labor, Health and Human Services, and Education, and Related Agencies",
BrittAL,SSAP,Subcommittee on Energy and Water Development,
BrittAL,SSAP,"Subcommittee on State, Foreign Operations, and Related Programs",
BrittAL,SSAP,"Subcommittee on Transportation, Housing and Urban Development, and Related Agencies",
BrittAL,SSBK,Subcommittee on Financial Institutions and Consumer Protection,
BrittAL,SSBK,"Subcommittee on Housing, Transportation, and Community Development",Chairman
BrittAL,SSBK,"Subcommittee on Securities, Insurance, and Investment",
BrittAL,SSJU,"Subcommittee on Antitrust, Competition Policy, and Consumer Rights",
BrittAL,SSJU,Subcommittee on Border Security and Immigration,
BrittAL,SSJU,Subcommittee on Crime and Counterterrorism,
BrittAL,SSJU,Subcommittee on Intellectual Property,
BuddNC,SSAS,Subcommittee on Airland,
BuddNC,SSAS,Subcommittee on Cybersecurity,
BuddNC,SSAS,Subcommittee on Emerging Threats and Capabilities,
BuddNC,SSAS,Subcommittee on Personnel,
BuddNC,SSCM,"Subcommittee on Aviation, Space, and Innovation",
BuddNC,SSCM,"Subcommittee on Science, Manufacturing, and Competitiveness",Chairman
BuddNC,SSCM,Subcommittee on Telecommunications and Media,
CantwellWA,SSCM,"Subcommittee on Aviation, Space, and Innovation",
CantwellWA,SSCM,"Subcommittee on Coast Guard, Maritime, and Fisheries",
CantwellWA,SSCM,"Subcommittee on Consumer Protection, Technology, and Data Privacy",
CantwellWA,SSCM,"Subcommittee on Science, Manufacturing, and Competitiveness",
CantwellWA,SSCM,"Subcommittee on Surface Transportation, Freight, Pipelines, and Safety",
CantwellWA,SSCM,Subcommittee on Telecommunications and Media,
CantwellWA,SSFI,"Subcommittee on Energy, Natural Resources, and Infrastructure",Ranking
CapitoWV,SSAP,"Subcommittee on Commerce, Justice, Science, and Related Agencies",
CapitoWV,SSAP,Subcommittee on Department of Defense,
CapitoWV,SSAP,Subcommittee on Department of Homeland Security,
CapitoWV,SSAP,"Subcommittee on Department of Interior, Environment, and Related Agencies",
CapitoWV,SSAP,"Subcommittee on Departments of Labor, Health and Human Services, and Education, and Related Agencies",Chairman
CapitoWV,SSAP,"Subcommittee on Transportation, Housing and Urban Development, and Related Agencies",
CapitoWV,SSCM,"Subcommittee on Aviation, Space, and Innovation",
CapitoWV,SSCM,"Subcommittee on Consumer Protection, Technology, and Data Privacy",
CapitoWV,SSCM,"Subcommittee on Surface Transportation, Freight, Pipelines, and Safety",
CapitoWV,SSCM,Subcommittee on Telecommunications and Media,
CapitoWV,SSEV,"Subcommittee on Chemical Safety, Waste Management, Environmental Justice, and Regulatory Oversight",
CapitoWV,SSEV,"Subcommittee on Clean Air, Climate, and Nuclear Innovation and Safety",
CapitoWV,SSEV,"Subcommittee on Fisheries, Wildlife, and Water",
CapitoWV,SSEV,Subcommittee on Transportation and Infrastructure,
CassidyLA,SSEG,Subcommittee on Energy,
CassidyLA,SSEG,Subcommittee on National Parks,
CassidyLA,SSEG,Subcommittee on Water and Power,
CassidyLA,SSFI,Subcommittee on Fiscal Responsibility and Economic Growth,
CassidyLA,SSFI,Subcommittee on Health Care,
CassidyLA,SSFI,Subcommittee on Taxation and IRS Oversight,
CassidyLA,SSHR,Subcommittee on Education and the American Family,
CassidyLA,SSHR,Subcommittee on Employment and Workplace Safety,
CassidyLA,SSHR,Subcommittee on Primary Health and Retirement Security,
CollinsME,SSAP,"Subcommittee on Agriculture, Rural Development, Food and Drug Administration, and Related Agencies",
CollinsME,SSAP,"Subcommittee on Commerce, Justice, Science, and Related Agencies",
CollinsME,SSAP,Subcommittee on Department of Defense,
CollinsME,SSAP,Subcommittee on Department of Homeland Security,
CollinsME,SSAP,"Subcommittee on Department of Interior, Environment, and Related Agencies",
CollinsME,SSAP,"Subcommittee on Departments of Labor, Health and Human Services, and Education, and Related Agencies",
CollinsME,SSAP,Subcommittee on Energy and Water Development,
CollinsME,SSAP,Subcommittee on Financial Services and General Government,
CollinsME,SSAP,Subcommittee on Legislative Branch,
CollinsME,SSAP,"Subcommittee on Military Construction, Veterans Affairs, and Related Agencies",
CollinsME,SSAP,"Subcommittee on State, Foreign Operations, and Related Programs",
CollinsME,SSAP,"Subcommittee on Transportation, Housing and Urban Development, and Related Agencies",
CollinsME,SSHR,Subcommittee on Primary Health and Retirement Security,
CoonsDE,SSAP,"Subcommittee on Commerce, Justice, Science, and Related Agencies",
CoonsDE,SSAP,Subcommittee on Department of Defense,Ranking
CoonsDE,SSAP,Subcommittee on Energy and Water Development,
CoonsDE,SSAP,Subcommittee on Financial Services and General Government,
CoonsDE,SSAP,"Subcommittee on State, Foreign Operations, and Related Programs",
CoonsDE,SSAP,"Subcommittee on Transportation, Housing and Urban Development, and Related Agencies",
CoonsDE,SSFR,Subcommittee on Africa and Global Health Policy,
CoonsDE,SSFR,"Subcommittee on East Asia, the Pacific, and International Cybersecurity Policy",Ranking
CoonsDE,SSFR,"Subcommittee on Multilateral International Development, Multilateral Institutions, and International Economic, Energy, and Environmental Policy",
CoonsDE,SSFR,"Subcommittee on State Department and USAID Management, International Operations, and Bilateral International Development",
CoonsDE,SSJU,Subcommittee on Border Security and Immigration,
CoonsDE,SSJU,Subcommittee on Crime and Counterterrorism,
CoonsDE,SSJU,Subcommittee on Intellectual Property,
CoonsDE,SSJU,"Subcommittee on Privacy, Technology, and the Law",
CornynTX,SSFI,"Subcommittee on Energy, Natural Resources, and Infrastructure",
CornynTX,SSFI,"Subcommittee on International Trade, Customs, and Global Competitiveness",Chairman
CornynTX,SSFI,Subcommittee on Taxation and IRS Oversight,
CornynTX,SSFR,Subcommittee on Africa and Global Health Policy,
CornynTX,SSFR,"Subcommittee on East Asia, the Pacific, and International Cybersecurity Policy",
CornynTX,SSFR,"Subcommittee on Western Hemisphere, Transnational Crime, Civilian Security, Democracy, Human Rights, and Global Women's Issues",
CornynTX,SSJU,Subcommittee on Border Security and Immigration,Chairman
CornynTX,SSJU,Subcommittee on Crime and Counterterrorism,
CornynTX,SSJU,"Subcommittee on Privacy, Technology, and the Law",
CornynTX,SSJU,Subcommittee on the Constitution,
Cortez MastoNV,SSBK,Subcommittee on Financial Institutions and Consumer Protection,Ranking
Cortez MastoNV,SSBK,Subcommittee on National Security and International Trade and Finance,
Cortez MastoNV,SSBK,"Subcommittee on Securities, Insurance, and Investment",
Cortez MastoNV,SSEG,Subcommittee on Energy,
Cortez MastoNV,SSEG,"Subcommittee on Public Lands, Forests, and Mining",Ranking
Cortez MastoNV,SSEG,Subcommittee on Water and Power,
Cortez MastoNV,SSFI,Subcommittee on Health Care,
Cortez MastoNV,SSFI,"Subcommittee on International Trade, Customs, and Global Competitiveness",
Cortez MastoNV,SSFI,"Subcommittee on Social Security, Pensions, and Family Policy",
CottonAR,SSAS,Subcommittee on Airland,
CottonAR,SSAS,Subcommittee on Cybersecurity,
CottonAR,SSAS,Subcommittee on Emerging Threats and Capabilities,
CottonAR,SSAS,Subcommittee on Strategic Forces,
CottonAR,SSEG,Subcommittee on Energy,
CottonAR,SSEG,"Subcommittee on Public Lands, Forests, and Mining",
CramerND,SSAS,Subcommittee on Airland,Chairman
CramerND,SSAS,Subcommittee on Emerging Threats and Capabilities,
CramerND,SSAS,Subcommittee on Readiness and Management Support,
CramerND,SSAS,Subcommittee on Strategic Forces,
CramerND,SSBK,Subcommittee on Financial Institutions and Consumer Protection,
CramerND,SSBK,"Subcommittee on Housing, Transportation, and Community Development",
CramerND,SSBK,"Subcommittee on Securities, Insurance, and Investment",
CramerND,SSEV,"Subcommittee on Clean Air, Climate, and Nuclear Innovation and Safety",
CramerND,SSEV,"Subcommittee on Fisheries, Wildlife, and Water",
CramerND,SSEV,Subcommittee on Transportation and Infrastructure,Chairman
CrapoID,SSBK,Subcommittee on Financial Institutions and Consumer Protection,
CrapoID,SSBK,"Subcommittee on Housing, Transportation, and Community Development",
CrapoID,SSBK,"Subcommittee on Securities, Insurance, and Investment",
CrapoID,SSFI,"Subcommittee on Energy, Natural Resources, and Infrastructure",
CrapoID,SSFI,Subcommittee on Fiscal Responsibility and Economic Growth,
CrapoID,SSFI,Subcommittee on Health Care,
CrapoID,SSFI,"Subcommittee on International Trade, Customs, and Global Competitiveness",
CrapoID,SSFI,"Subcommittee on Social Security, Pensions, and Family Policy",
CrapoID,SSFI,Subcommittee on Taxation and IRS Oversight,
CruzTX,SSCM,"Subcommittee on Aviation, Space, and Innovation",
CruzTX,SSCM,"Subcommittee on Coast Guard, Maritime, and Fisheries",
CruzTX,SSCM,"Subcommittee on Consumer Protection, Technology, and Data Privacy",
CruzTX,SSCM,"Subcommittee on Science, Manufacturing, and Competitiveness",
CruzTX,SSCM,"Subcommittee on Surface Transportation, Freight, Pipelines, and Safety",
CruzTX,SSCM,Subcommittee on Telecommunications and Media,
CruzTX,SSFR,Subcommittee on Africa and Global Health Policy,Chairman
CruzTX,SSFR,"Subcommittee on Near East, South Asia, Central Asia, and Counterterrorism",
CruzTX,SSFR,"Subcommittee on Western Hemisphere, Transnational Crime, Civilian Security, Democracy, Human Rights, and Global Women's Issues",
CruzTX,SSJU,Subcommittee on Border Security and Immigration,
CruzTX,SSJU,Subcommittee on Crime and Counterterrorism,
CruzTX,SSJU,"Subcommittee on Federal Courts, Oversight, Agency Action, and Federal Rights",Chairman
CruzTX,SSJU,Subcommittee on the Constitution,
CurtisUT,SSCM,"Subcommittee on Coast Guard, Maritime, and Fisheries",
CurtisUT,SSCM,"Subcommittee on Consumer Protection, Technology, and Data Privacy",
CurtisUT,SSCM,Subcommittee on Telecommunications and Media,
CurtisUT,SSEV,"Subcommittee on Chemical Safety, Waste Management, Environmental Justice, and Regulatory Oversight",Chairman
CurtisUT,SSEV,"Subcommittee on Clean Air, Climate, and Nuclear Innovation and Safety",
CurtisUT,SSEV,Subcommittee on Transportation and Infrastructure,
CurtisUT,SSFR,"Subcommittee on East Asia, the Pacific, and International Cybersecurity Policy",
CurtisUT,SSFR,Subcommittee on Europe and Regional Security Cooperation,
CurtisUT,SSFR,"Subcommittee on Western Hemisphere, Transnational Crime, Civilian Security, Democracy, Human Rights, and Global Women's Issues",Chairman
DainesMT,SSEG,Subcommittee on National Parks,Chairman
DainesMT,SSEG,"Subcommittee on Public Lands, Forests, and Mining",
DainesMT,SSEG,Subcommittee on Water and Power,
DainesMT,SSFI,"Subcommittee on Energy, Natural Resources, and Infrastructure",
DainesMT,SSFI,Subcommittee on Health Care,
DainesMT,SSFI,"Subcommittee on International Trade, Customs, and Global Competitiveness",
DainesMT,SSFR,Subcommittee on Africa and Global Health Policy,
DainesMT,SSFR,Subcommittee on Europe and Regional Security Cooperation,Chairman
DainesMT,SSFR,"Subcommittee on Near East, South Asia, Central Asia, and Counterterrorism",
DuckworthIL,SSAS,Subcommittee on Airland,
DuckworthIL,SSAS,Subcommittee on Personnel,
DuckworthIL,SSAS,Subcommittee on Readiness and Management Support,
DuckworthIL,SSCM,"Subcommittee on Aviation, Space, and Innovation",Ranking
DuckworthIL,SSCM,"Subcommittee on Surface Transportation, Freight, Pipelines, and Safety",
DuckworthIL,SSCM,Subcommittee on Telecommunications and Media,
DuckworthIL,SSFR,Subcommittee on Europe and Regional Security Cooperation,
DuckworthIL,SSFR,"Subcommittee on Multilateral International Development, Multilateral Institutions, and International Economic, Energy, and Environmental Policy",Ranking
DuckworthIL,SSFR,"Subcommittee on State Department and USAID Management, International Operations, and Bilateral International Development",
DurbinIL,SSAF,"Subcommittee on Commodities, Derivatives, Risk Management, and Trade",
DurbinIL,SSAF,"Subcommittee on Livestock, Dairy, Poultry, and Food Safety",
DurbinIL,SSAP,Subcommittee on Department of Defense,
DurbinIL,SSAP,"Subcommittee on Departments of Labor, Health and Human Services, and Education, and Related Agencies",
DurbinIL,SSAP,Subcommittee on Energy and Water Development,
DurbinIL,SSAP,Subcommittee on Financial Services and General Government,
DurbinIL,SSAP,"Subcommittee on State, Foreign Operations, and Related Programs",
DurbinIL,SSAP,"Subcommittee on Transportation, Housing and Urban Development, and Related Agencies",
DurbinIL,SSJU,Subcommittee on Crime and Counterterrorism,Ranking
ErnstIA,SSAF,"Subcommittee on Conservation, Forestry, Natural Resources, and Biotechnology",
ErnstIA,SSAF,"Subcommittee on Livestock, Dairy, Poultry, and Food Safety",
ErnstIA,SSAF,"Subcommittee on Rural Development, Energy, and Credit",Chairman
ErnstIA,SSAS,Subcommittee on Cybersecurity,
ErnstIA,SSAS,Subcommittee on Emerging Threats and Capabilities,Chairman
ErnstIA,SSAS,Subcommittee on Personnel,
ErnstIA,SSGA,"Subcommittee on Border Management, Federal Workforce, and Regulatory Affairs",
ErnstIA,SSGA,"Subcommittee on Disaster Management, District of Columbia, and Census",
FettermanPA,SSAF,"Subcommittee on Commodities, Derivatives, Risk Management, and Trade",
FettermanPA,SSAF,"Subcommittee on Food and Nutrition, Specialty Crops, Organics, and Research",
FettermanPA,SSCM,"Subcommittee on Aviation, Space, and Innovation",
FettermanPA,SSCM,Subcommittee on Telecommunications and Media,
FettermanPA,SSGA,Permanent Subcommittee on Investigations,
FettermanPA,SSGA,"Subcommittee on Border Management, Federal Workforce, and Regulatory Affairs",Ranking
FischerNE,SSAF,"Subcommittee on Livestock, Dairy, Poultry, and Food Safety",
FischerNE,SSAF,"Subcommittee on Rural Development, Energy, and Credit",
FischerNE,SSAP,"Subcommittee on Agriculture, Rural Development, Food and Drug Administration, and Related Agencies",
FischerNE,SSAP,"Subcommittee on Commerce, Justice, Science, and Related Agencies",
FischerNE,SSAP,"Subcommittee on Department of Interior, Environment, and Related Agencies",
FischerNE,SSAP,Subcommittee on Financial Services and General Government,
FischerNE,SSAP,Subcommittee on Legislative Branch,
FischerNE,SSAP,"Subcommittee on Military Construction, Veterans Affairs, and Related Agencies",
FischerNE,SSAS,Subcommittee on Airland,
FischerNE,SSAS,Subcommittee on Readiness and Management Support,
FischerNE,SSAS,Subcommittee on Strategic Forces,Chairman
FischerNE,SSCM,"Subcommittee on Consumer Protection, Technology, and Data Privacy",
FischerNE,SSCM,"Subcommittee on Surface Transportation, Freight, Pipelines, and Safety",
FischerNE,SSCM,Subcommittee on Telecommunications and Media,Chairman
GallegoAZ,SSBK,Subcommittee on Digital Assets,Ranking
GallegoAZ,SSBK,Subcommittee on Financial Institutions and Consumer Protection,
GallegoAZ,SSBK,"Subcommittee on Housing, Transportation, and Community Development",
GallegoAZ,SSEG,Subcommittee on Energy,Ranking
GallegoAZ,SSEG,Subcommittee on National Parks,
GallegoAZ,SSEG,Subcommittee on Water and Power,
GallegoAZ,SSGA,"Subcommittee on Border Management, Federal Workforce, and Regulatory Affairs",
GillibrandNY,SSAP,"Subcommittee on Agriculture, Rural Development, Food and Drug Administration, and Related Agencies",
GillibrandNY,SSAP,"Subcommittee on Commerce, Justice, Science, and Related Agencies",
GillibrandNY,SSAP,"Subcommittee on Department of Interior, Environment, and Related Agencies",
GillibrandNY,SSAP,"Subcommittee on Military Construction, Veterans Affairs, and Related Agencies",
GillibrandNY,SSAP,"Subcommittee on Transportation, Housing and Urban Development, and Related Agencies",Ranking
GillibrandNY,SSAS,Subcommittee on Cybersecurity,
GillibrandNY,SSAS,Subcommittee on Emerging Threats and Capabilities,
GillibrandNY,SSAS,Subcommittee on Strategic Forces,
GrahamSC,SSAP,"Subcommittee on Commerce, Justice, Science, and Related Agencies",
GrahamSC,SSAP,Subcommittee on Department of Defense,
GrahamSC,SSAP,"Subcommittee on Departments of Labor, Health and Human Services, and Education, and Related Agencies",
GrahamSC,SSAP,Subcommittee on Energy and Water Development,
GrahamSC,SSAP,"Subcommittee on State, Foreign Operations, and Related Programs",Chairman
GrahamSC,SSAP,"Subcommittee on Transportation, Housing and Urban Development, and Related Agencies",
GrahamSC,SSEV,"Subcommittee on Chemical Safety, Waste Management, Environmental Justice, and Regulatory Oversight",
GrahamSC,SSEV,"Subcommittee on Clean Air, Climate, and Nuclear Innovation and Safety",
GrahamSC,SSEV,Subcommittee on Transportation and Infrastructure,
GrahamSC,SSJU,Subcommittee on Border Security and Immigration,
GrahamSC,SSJU,Subcommittee on Crime and Counterterrorism,
GrahamSC,SSJU,"Subcommittee on Federal Courts, Oversight, Agency Action, and Federal Rights",
GrahamSC,SSJU,"Subcommittee on Privacy, Technology, and the Law",
GrassleyIA,SSAF,"Subcommittee on Commodities, Derivatives, Risk Management, and Trade",
GrassleyIA,SSAF,"Subcommittee on Food and Nutrition, Specialty Crops, Organics, and Research",
GrassleyIA,SSAF,"Subcommittee on Rural Development, Energy, and Credit",
GrassleyIA,SSFI,"Subcommittee on International Trade, Customs, and Global Competitiveness",
GrassleyIA,SSFI,"Subcommittee on Social Security, Pensions, and Family Policy",Chairman
GrassleyIA,SSFI,Subcommittee on Taxation and IRS Oversight,
HagertyTN,SSAP,"Subcommittee on Commerce, Justice, Science, and Related Agencies",
HagertyTN,SSAP,Subcommittee on Department of Homeland Security,
HagertyTN,SSAP,Subcommittee on Energy and Water Development,
HagertyTN,SSAP,Subcommittee on Financial Services and General Government,Chairman
HagertyTN,SSAP,"Subcommittee on Military Construction, Veterans Affairs, and Related Agencies",
HagertyTN,SSAP,"Subcommittee on State, Foreign Operations, and Related Programs",
HagertyTN,SSBK,Subcommittee on Digital Assets,
HagertyTN,SSBK,Subcommittee on Financial Institutions and Consumer Protection,
HagertyTN,SSBK,Subcommittee on National Security and International Trade and Finance,Chairman
HagertyTN,SSFR,"Subcommittee on Multilateral International Development, Multilateral Institutions, and International Economic, Energy, and Environmental Policy",
HagertyTN,SSFR,"Subcommittee on State Department and USAID Management, International Operations, and Bilateral International Development",Chairman
HagertyTN,SSFR,"Subcommittee on Western Hemisphere, Transnational Crime, Civilian Security, Democracy, Human Rights, and Global Women's Issues",
HassanNH,SSFI,"Subcommittee on Energy, Natural Resources, and Infrastructure",
HassanNH,SSFI,Subcommittee on Health Care,Ranking
HassanNH,SSFI,Subcommittee on Taxation and IRS Oversight,
HassanNH,SSHR,Subcommittee on Employment and Workplace Safety,
HassanNH,SSHR,Subcommittee on Primary Health and Retirement Security,
HassanNH,SSGA,Permanent Subcommittee on Investigations,
HassanNH,SSGA,"Subcommittee on Border Management, Federal Workforce, and Regulatory Affairs",
HawleyMO,SSHR,Subcommittee on Employment and Workplace Safety,
HawleyMO,SSHR,Subcommittee on Primary Health and Retirement Security,
HawleyMO,SSGA,Permanent Subcommittee on Investigations,
HawleyMO,SSGA,"Subcommittee on Disaster Management, District of Columbia, and Census",Chairman
HawleyMO,SSJU,"Subcommittee on Antitrust, Competition Policy, and Consumer Rights",
HawleyMO,SSJU,Subcommittee on Crime and Counterterrorism,Chairman
HawleyMO,SSJU,"Subcommittee on Privacy, Technology, and the Law",
HawleyMO,SSJU,Subcommittee on the Constitution,
HeinrichNM,SSAP,"Subcommittee on Agriculture, Rural Development, Food and Drug Administration, and Related Agencies",
HeinrichNM,SSAP,"Subcommittee on Department of Interior, Environment, and Related Agencies",
HeinrichNM,SSAP,Subcommittee on Energy and Water Development,
HeinrichNM,SSAP,Subcommittee on Legislative Branch,Ranking
HeinrichNM,SSAP,"Subcommittee on Military Construction, Veterans Affairs, and Related Agencies",
HeinrichNM,SSEG,Subcommittee on Energy,
HeinrichNM,SSEG,Subcommittee on National Parks,
HeinrichNM,SSEG,"Subcommittee on Public Lands, Forests, and Mining",
HeinrichNM,SSEG,Subcommittee on Water and Power,
HickenlooperCO,SSCM,"Subcommittee on Aviation, Space, and Innovation",
HickenlooperCO,SSCM,"Subcommittee on Consumer Protection, Technology, and Data Privacy",Ranking
HickenlooperCO,SSCM,"Subcommittee on Science, Manufacturing, and Competitiveness",
HickenlooperCO,SSCM,Subcommittee on Telecommunications and Media,
HickenlooperCO,SSEG,Subcommittee on Energy,
HickenlooperCO,SSEG,"Subcommittee on Public Lands, Forests, and Mining",
HickenlooperCO,SSEG,Subcommittee on Water and Power,
HickenlooperCO,SSHR,Subcommittee on Employment and Workplace Safety,Ranking
HickenlooperCO,SSHR,Subcommittee on Primary Health and Retirement Security,
HironoHI,SSAS,Subcommittee on Personnel,
HironoHI,SSAS,Subcommittee on Readiness and Management Support,Ranking
HironoHI,SSAS,Subcommittee on Seapower,
HironoHI,SSEG,Subcommittee on Energy,
HironoHI,SSEG,Subcommittee on National Parks,
HironoHI,SSEG,"Subcommittee on Public Lands, Forests, and Mining",
HironoHI,SSJU,Subcommittee on Border Security and Immigration,
HironoHI,SSJU,"Subcommittee on Federal Courts, Oversight, Agency Action, and Federal Rights",
HironoHI,SSJU,Subcommittee on Intellectual Property,
HironoHI,SSJU,Subcommittee on the Constitution,
HoevenND,SSAF,"Subcommittee on Conservation, Forestry, Natural Resources, and Biotechnology",
HoevenND,SSAF,"Subcommittee on Food and Nutrition, Specialty Crops, Organics, and Research",
HoevenND,SSAF,"Subcommittee on Livestock, Dairy, Poultry, and Food Safety",Chairman
HoevenND,SSAP,"Subcommittee on Agriculture, Rural Development, Food and Drug Administration, and Related Agencies",Chairman
HoevenND,SSAP,Subcommittee on Department of Defense,
HoevenND,SSAP,"Subcommittee on Department of Interior, Environment, and Related Agencies",
HoevenND,SSAP,Subcommittee on Energy and Water Development,
HoevenND,SSAP,"Subcommittee on Military Construction, Veterans Affairs, and Related Agencies",
HoevenND,SSAP,"Subcommittee on Transportation, Housing and Urban Development, and Related Agencies",
HoevenND,SSEG,Subcommittee on Energy,
HoevenND,SSEG,Subcommittee on Water and Power,Chairman
HustedOH,SSEV,"Subcommittee on Chemical Safety, Waste Management, Environmental Justice, and Regulatory Oversight",
HustedOH,SSEV,"Subcommittee on Clean Air, Climate, and Nuclear Innovation and Safety",
HustedOH,SSEV,"Subcommittee on Fisheries, Wildlife, and Water",
HustedOH,SSHR,Subcommittee on Education and the American Family,
HustedOH,SSHR,Subcommittee on Employment and Workplace Safety,
HustedOH,SSHR,Subcommittee on Primary Health and Retirement Security,
Hyde-SmithMS,SSAF,"Subcommittee on Commodities, Derivatives, Risk Management, and Trade",Chairman
Hyde-SmithMS,SSAF,"Subcommittee on Conservation, Forestry, Natural Resources, and Biotechnology",
Hyde-SmithMS,SSAF,"Subcommittee on Livestock, Dairy, Poultry, and Food Safety",
Hyde-SmithMS,SSAP,"Subcommittee on Agriculture, Rural Development, Food and Drug Administration, and Related Agencies",
Hyde-SmithMS,SSAP,Subcommittee on Department of Homeland Security,
Hyde-SmithMS,SSAP,"Subcommittee on Departments of Labor, Health and Human Services, and Education, and Related Agencies",
Hyde-SmithMS,SSAP,Subcommittee on Energy and Water Development,
Hyde-SmithMS,SSAP,"Subcommittee on Military Construction, Veterans Affairs, and Related Agencies",
Hyde-SmithMS,SSAP,"Subcommittee on Transportation, Housing and Urban Development, and Related Agencies",Chairman
Hyde-SmithMS,SSEG,Subcommittee on Energy,
Hyde-SmithMS,SSEG,"Subcommittee on Public Lands, Forests, and Mining",
JohnsonWI,SSFI,Subcommittee on Fiscal Responsibility and Economic Growth,Chairman
JohnsonWI,SSFI,Subcommittee on Health Care,
JohnsonWI,SSFI,Subcommittee on Taxation and IRS Oversight,
JohnsonWI,SSGA,Permanent Subcommittee on Investigations,Chairman
JohnsonWI,SSGA,"Subcommittee on Border Management, Federal Workforce, and Regulatory Affairs",
JusticeWV,SSAF,"Subcommittee on Conservation, Forestry, Natural Resources, and Biotechnology",
JusticeWV,SSAF,"Subcommittee on Food and Nutrition, Specialty Crops, Organics, and Research",
JusticeWV,SSAF,"Subcommittee on Livestock, Dairy, Poultry, and Food Safety",
JusticeWV,SSEG,Subcommittee on Energy,
JusticeWV,SSEG,"Subcommittee on Public Lands, Forests, and Mining",
JusticeWV,SSEG,Subcommittee on Water and Power,
KaineVA,SSAS,Subcommittee on Emerging Threats and Capabilities,
KaineVA,SSAS,Subcommittee on Readiness and Management Support,
KaineVA,SSAS,Subcommittee on Seapower,Ranking
KaineVA,SSFR,"Subcommittee on Near East, South Asia, Central Asia, and Counterterrorism",
KaineVA,SSFR,"Subcommittee on State Department and USAID Management, International Operations, and Bilateral International Development",
KaineVA,SSFR,"Subcommittee on Western Hemisphere, Transnational Crime, Civilian Security, Democracy, Human Rights, and Global Women's Issues",Ranking
KaineVA,SSHR,Subcommittee on Education and the American Family,
KaineVA,SSHR,Subcommittee on Employment and Workplace Safety,
KellyAZ,SSAS,Subcommittee on Airland,Ranking
KellyAZ,SSAS,Subcommittee on Emerging Threats and Capabilities,
KellyAZ,SSAS,Subcommittee on Strategic Forces,
KellyAZ,SSEV,"Subcommittee on Clean Air, Climate, and Nuclear Innovation and Safety",Ranking
KellyAZ,SSEV,"Subcommittee on Fisheries, Wildlife, and Water",
KellyAZ,SSEV,Subcommittee on Transportation and Infrastructure,
KennedyLA,SSAP,"Subcommittee on Commerce, Justice, Science, and Related Agencies",
KennedyLA,SSAP,Subcommittee on Department of Defense,
KennedyLA,SSAP,Subcommittee on Department of Homeland Security,
KennedyLA,SSAP,"Subcommittee on Departments of Labor, Health and Human Services, and Education, and Related Agencies",
KennedyLA,SSAP,Subcommittee on Energy and Water Development,Chairman
KennedyLA,SSAP,"Subcommittee on Transportation, Housing and Urban Development, and Related Agencies",
KennedyLA,SSBK,Subcommittee on Economic Policy,Chairman
KennedyLA,SSBK,Subcommittee on Financial Institutions and Consumer Protection,
KennedyLA,SSBK,"Subcommittee on Securities, Insurance, and Investment",
KennedyLA,SSJU,Subcommittee on Border Security and Immigration,
KennedyLA,SSJU,"Subcommittee on Federal Courts, Oversight, Agency Action, and Federal Rights",
KennedyLA,SSJU,"Subcommittee on Privacy, Technology, and the Law",
KennedyLA,SSJU,Subcommittee on the Constitution,
KimNJ,SSBK,Subcommittee on Financial Institutions and Consumer Protection,
KimNJ,SSBK,Subcommittee on National Security and International Trade and Finance,Ranking
KimNJ,SSBK,"Subcommittee on Securities, Insurance, and Investment",
KimNJ,SSCM,"Subcommittee on Aviation, Space, and Innovation",
KimNJ,SSCM,"Subcommittee on Surface Transportation, Freight, Pipelines, and Safety",
KimNJ,SSCM,Subcommittee on Telecommunications and Media,
KimNJ,SSHR,Subcommittee on Education and the American Family,
KimNJ,SSHR,Subcommittee on Primary Health and Retirement Security,
KimNJ,SSGA,Permanent Subcommittee on Investigations,
KimNJ,SSGA,"Subcommittee on Disaster Management, District of Columbia, and Census",Ranking
KingME,SSAS,Subcommittee on Airland,
KingME,SSAS,Subcommittee on Seapower,
KingME,SSAS,Subcommittee on Strategic Forces,Ranking
KingME,SSEG,Subcommittee on Energy,
KingME,SSEG,Subcommittee on National Parks,Ranking
KingME,SSEG,"Subcommittee on Public Lands, Forests, and Mining",
KlobucharMN,SSAF,"Subcommittee on Commodities, Derivatives, Risk Management, and Trade",
KlobucharMN,SSAF,"Subcommittee on Conservation, Forestry, Natural Resources, and Biotechnology",
KlobucharMN,SSAF,"Subcommittee on Food and Nutrition, Specialty Crops, Organics, and Research",
KlobucharMN,SSAF,"Subcommittee on Livestock, Dairy, Poultry, and Food Safety",
KlobucharMN,SSAF,"Subcommittee on Rural Development, Energy, and Credit",
KlobucharMN,SSCM,"Subcommittee on Consumer Protection, Technology, and Data Privacy",
KlobucharMN,SSCM,"Subcommittee on Surface Transportation, Freight, Pipelines, and Safety",
KlobucharMN,SSCM,Subcommittee on Telecommunications and Media,
KlobucharMN,SSJU,"Subcommittee on Antitrust, Competition Policy, and Consumer Rights",
KlobucharMN,SSJU,Subcommittee on Border Security and Immigration,
KlobucharMN,SSJU,Subcommittee on Crime and Counterterrorism,
KlobucharMN,SSJU,"Subcommittee on Privacy, Technology, and the Law",Ranking
LankfordOK,SSFI,"Subcommittee on Energy, Natural Resources, and Infrastructure",Chairman
LankfordOK,SSFI,Subcommittee on Health Care,
LankfordOK,SSFI,Subcommittee on Taxation and IRS Oversight,
LankfordOK,SSGA,Permanent Subcommittee on Investigations,
LankfordOK,SSGA,"Subcommittee on Border Management, Federal Workforce, and Regulatory Affairs",Chairman
LeeUT,SSEG,Subcommittee on Energy,
LeeUT,SSEG,Subcommittee on National Parks,
LeeUT,SSEG,"Subcommittee on Public Lands, Forests, and Mining",
LeeUT,SSEG,Subcommittee on Water and Power,
LeeUT,SSFR,"Subcommittee on East Asia, the Pacific, and International Cybersecurity Policy",
LeeUT,SSFR,"Subcommittee on Multilateral International Development, Multilateral Institutions, and International Economic, Energy, and Environmental Policy",Chairman
LeeUT,SSFR,"Subcommittee on Near East, South Asia, Central Asia, and Counterterrorism",
LeeUT,SSJU,"Subcommittee on Antitrust, Competition Policy, and Consumer Rights",Chairman
LeeUT,SSJU,"Subcommittee on Federal Courts, Oversight, Agency Action, and Federal Rights",
LeeUT,SSJU,Subcommittee on Intellectual Property,
LeeUT,SSJU,Subcommittee on the Constitution,
Luj%C3%A1nNM,SSAF,"Subcommittee on Conservation, Forestry, Natural Resources, and Biotechnology",
Luj%C3%A1nNM,SSAF,"Subcommittee on Food and Nutrition, Specialty Crops, Organics, and Research",Ranking
Luj%C3%A1nNM,SSAF,"Subcommittee on Rural Development, Energy, and Credit",
Luj%C3%A1nNM,SSCM,"Subcommittee on Consumer Protection, Technology, and Data Privacy",
Luj%C3%A1nNM,SSCM,"Subcommittee on Surface Transportation, Freight, Pipelines, and Safety",
Luj%C3%A1nNM,SSCM,Subcommittee on Telecommunications and Media,Ranking
Luj%C3%A1nNM,SSFI,"Subcommittee on Energy, Natural Resources, and Infrastructure",
Luj%C3%A1nNM,SSFI,Subcommittee on Health Care,
Luj%C3%A1nNM,SSFI,Subcommittee on Taxation and IRS Oversight,
LummisWY,SSBK,Subcommittee on Digital Assets,Chairman
LummisWY,SSBK,Subcommittee on Financial Institutions and Consumer Protection,
LummisWY,SSBK,"Subcommittee on Securities, Insurance, and Investment",
LummisWY,SSCM,"Subcommittee on Consumer Protection, Technology, and Data Privacy",
LummisWY,SSCM,"Subcommittee on Science, Manufacturing, and Competitiveness",
LummisWY,SSCM,Subcommittee on Telecommunications and Media,
LummisWY,SSEV,"Subcommittee on Clean Air, Climate, and Nuclear Innovation and Safety",Chairman
LummisWY,SSEV,"Subcommittee on Fisheries, Wildlife, and Water",
LummisWY,SSEV,Subcommittee on Transportation and Infrastructure,
MarkeyMA,SSCM,"Subcommittee on Consumer Protection, Technology, and Data Privacy",
MarkeyMA,SSCM,"Subcommittee on Surface Transportation, Freight, Pipelines, and Safety",
MarkeyMA,SSCM,Subcommittee on Telecommunications and Media,
MarkeyMA,SSEV,"Subcommittee on Chemical Safety, Waste Management, Environmental Justice, and Regulatory Oversight",
MarkeyMA,SSEV,"Subcommittee on Clean Air, Climate, and Nuclear Innovation and Safety",
MarkeyMA,SSEV,Subcommittee on Transportation and Infrastructure,
MarkeyMA,SSHR,Subcommittee on Education and the American Family,
MarkeyMA,SSHR,Subcommittee on Primary Health and Retirement Security,Ranking
MarshallKS,SSAF,"Subcommittee on Conservation, Forestry, Natural Resources, and Biotechnology",Chairman
MarshallKS,SSAF,"Subcommittee on Food and Nutrition, Specialty Crops, Organics, and Research",
MarshallKS,SSFI,"Subcommittee on Energy, Natural Resources, and Infrastructure",
MarshallKS,SSFI,Subcommittee on Health Care,
MarshallKS,SSFI,"Subcommittee on International Trade, Customs, and Global Competitiveness",
MarshallKS,SSHR,Subcommittee on Employment and Workplace Safety,
MarshallKS,SSHR,Subcommittee on Primary Health and Retirement Security,Chairman
McConnellKY,SSAF,"Subcommittee on Commodities, Derivatives, Risk Management, and Trade",
McConnellKY,SSAF,"Subcommittee on Food and Nutrition, Specialty Crops, Organics, and Research",Chairman
McConnellKY,SSAF,"Subcommittee on Rural Development, Energy, and Credit",
McConnellKY,SSAP,"Subcommittee on Agriculture, Rural Development, Food and Drug Administration, and Related Agencies",
McConnellKY,SSAP,Subcommittee on Department of Defense,Chairman
McConnellKY,SSAP,"Subcommittee on Department of Interior, Environment, and Related Agencies",
McConnellKY,SSAP,Subcommittee on Energy and Water Development,
McConnellKY,SSAP,"Subcommittee on Military Construction, Veterans Affairs, and Related Agencies",
McConnellKY,SSAP,"Subcommittee on State, Foreign Operations, and Related Programs",
McCormickPA,SSBK,Subcommittee on Digital Assets,
McCormickPA,SSBK,"Subcommittee on Housing, Transportation, and Community Development",
McCormickPA,SSBK,Subcommittee on National Security and International Trade and Finance,
McCormickPA,SSEG,Subcommittee on Energy,Chairman
McCormickPA,SSEG,Subcommittee on Water and Power,
McCormickPA,SSFR,"Subcommittee on East Asia, the Pacific, and International Cybersecurity Policy",
McCormickPA,SSFR,"Subcommittee on Multilateral International Development, Multilateral Institutions, and International Economic, Energy, and Environmental Policy",
McCormickPA,SSFR,"Subcommittee on Near East, South Asia, Central Asia, and Counterterrorism",Chairman
MerkleyOR,SSAP,"Subcommittee on Agriculture, Rural Development, Food and Drug Administration, and Related Agencies",
MerkleyOR,SSAP,"Subcommittee on Commerce, Justice, Science, and Related Agencies",
MerkleyOR,SSAP,"Subcommittee on Department of Interior, Environment, and Related Agencies",Ranking
MerkleyOR,SSAP,"Subcommittee on Departments of Labor, Health and Human Services, and Education, and Related Agencies",
MerkleyOR,SSAP,Subcommittee on Energy and Water Development,
MerkleyOR,SSAP,"Subcommittee on State, Foreign Operations, and Related Programs",
MerkleyOR,SSEV,"Subcommittee on Chemical Safety, Waste Management, Environmental Justice, and Regulatory Oversight",Ranking
MerkleyOR,SSEV,"Subcommittee on Clean Air, Climate, and Nuclear Innovation and Safety",
MerkleyOR,SSEV,Subcommittee on Transportation and Infrastructure,
MerkleyOR,SSFR,Subcommittee on Africa and Global Health Policy,
MerkleyOR,SSFR,"Subcommittee on East Asia, the Pacific, and International Cybersecurity Policy",
MerkleyOR,SSFR,"Subcommittee on Western Hemisphere, Transnational Crime, Civilian Security, Democracy, Human Rights, and Global Women's Issues",
MoodyFL,SSHR,Subcommittee on Education and the American Family,
MoodyFL,SSHR,Subcommittee on Primary Health and Retirement Security,
MoodyFL,SSGA,"Subcommittee on Border Management, Federal Workforce, and Regulatory Affairs",
MoodyFL,SSGA,"Subcommittee on Disaster Management, District of Columbia, and Census",
MoodyFL,SSJU,"Subcommittee on Antitrust, Competition Policy, and Consumer Rights",
MoodyFL,SSJU,Subcommittee on Border Security and Immigration,
MoodyFL,SSJU,Subcommittee on Intellectual Property,
MoodyFL,SSJU,"Subcommittee on Privacy, Technology, and the Law",
MoranKS,SSAF,"Subcommittee on Commodities, Derivatives, Risk Management, and Trade",
MoranKS,SSAF,"Subcommittee on Rural Development, Energy, and Credit",
MoranKS,SSAP,"Subcommittee on Agriculture, Rural Development, Food and Drug Administration, and Related Agencies",
MoranKS,SSAP,"Subcommittee on Commerce, Justice, Science, and Related Agencies",Chairman
MoranKS,SSAP,Subcommittee on Department of Defense,
MoranKS,SSAP,"Subcommittee on Departments of Labor, Health and Human Services, and Education, and Related Agencies",
MoranKS,SSAP,"Subcommittee on State, Foreign Operations, and Related Programs",
MoranKS,SSAP,"Subcommittee on Transportation, Housing and Urban Development, and Related Agencies",
MoranKS,SSCM,"Subcommittee on Aviation, Space, and Innovation",Chairman
MoranKS,SSCM,"Subcommittee on Consumer Protection, Technology, and Data Privacy",
MoranKS,SSCM,Subcommittee on Telecommunications and Media,
MorenoOH,SSBK,Subcommittee on Digital Assets,
MorenoOH,SSBK,"Subcommittee on Housing, Transportation, and Community Development",
MorenoOH,SSBK,"Subcommittee on Securities, Insurance, and Investment",
MorenoOH,SSCM,"Subcommittee on Coast Guard, Maritime, and Fisheries",
MorenoOH,SSCM,"Subcommittee on Science, Manufacturing, and Competitiveness",
MorenoOH,SSCM,"Subcommittee on Surface Transportation, Freight, Pipelines, and Safety",
MorenoOH,SSCM,Subcommittee on Telecommunications and Media,
MorenoOH,SSGA,Permanent Subcommittee on Investigations,
MorenoOH,SSGA,"Subcommittee on Border Management, Federal Workforce, and Regulatory Affairs",
MullinOK,SSAP,"Subcommittee on Agriculture, Rural Development, Food and Drug Administration, and Related Agencies",
MullinOK,SSAP,"Subcommittee on Department of Interior, Environment, and Related Agencies",
MullinOK,SSAP,"Subcommittee on Departments of Labor, Health and Human Services, and Education, and Related Agencies",
MullinOK,SSAP,Subcommittee on Financial Services and General Government,
MullinOK,SSAP,Subcommittee on Legislative Branch,Chairman
MullinOK,SSAP,"Subcommittee on State, Foreign Operations, and Related Programs",
MullinOK,SSAS,Subcommittee on Airland,
MullinOK,SSAS,Subcommittee on Emerging Threats and Capabilities,
MullinOK,SSAS,Subcommittee on Seapower,
MullinOK,SSHR,Subcommittee on Employment and Workplace Safety,Chairman
MullinOK,SSHR,Subcommittee on Primary Health and Retirement Security,
MurkowskiAK,SSAP,"Subcommittee on Commerce, Justice, Science, and Related Agencies",
MurkowskiAK,SSAP,Subcommittee on Department of Defense,
MurkowskiAK,SSAP,Subcommittee on Department of Homeland Security,
MurkowskiAK,SSAP,"Subcommittee on Department of Interior, Environment, and Related Agencies",Chairman
MurkowskiAK,SSAP,Subcommittee on Energy and Water Development,
MurkowskiAK,SSAP,"Subcommittee on Military Construction, Veterans Affairs, and Related Agencies",
MurkowskiAK,SSEG,Subcommittee on National Parks,
MurkowskiAK,SSEG,"Subcommittee on Public Lands, Forests, and Mining",
MurkowskiAK,SSHR,Subcommittee on Education and the American Family,
MurkowskiAK,SSHR,Subcommittee on Primary Health and Retirement Security,
MurphyCT,SSAP,Subcommittee on Department of Defense,
MurphyCT,SSAP,Subcommittee on Department of Homeland Security,Ranking
MurphyCT,SSAP,"Subcommittee on Departments of Labor, Health and Human Services, and Education, and Related Agencies",
MurphyCT,SSAP,"Subcommittee on State, Foreign Operations, and Related Programs",
MurphyCT,SSAP,"Subcommittee on Transportation, Housing and Urban Development, and Related Agencies",
MurphyCT,SSFR,Subcommittee on Europe and Regional Security Cooperation,Ranking
MurphyCT,SSFR,"Subcommittee on Near East, South Asia, Central Asia, and Counterterrorism",
MurphyCT,SSFR,"Subcommittee on Western Hemisphere, Transnational Crime, Civilian Security, Democracy, Human Rights, and Global Women's Issues",
MurphyCT,SSHR,Subcommittee on Employment and Workplace Safety,
MurphyCT,SSHR,Subcommittee on Primary Health and Retirement Security,
MurrayWA,SSAP,"Subcommittee on Agriculture, Rural Development, Food and Drug Administration, and Related Agencies",
MurrayWA,SSAP,"Subcommittee on Commerce, Justice, Science, and Related Agencies",
MurrayWA,SSAP,Subcommittee on Department of Defense,
MurrayWA,SSAP,Subcommittee on Department of Homeland Security,
MurrayWA,SSAP,"Subcommittee on Department of Interior, Environment, and Related Agencies",
MurrayWA,SSAP,"Subcommittee on Departments of Labor, Health and Human Services, and Education, and Related Agencies",
MurrayWA,SSAP,Subcommittee on Energy and Water Development,Ranking
MurrayWA,SSAP,Subcommittee on Financial Services and General Government,
MurrayWA,SSAP,Subcommittee on Legislative Branch,
MurrayWA,SSAP,"Subcommittee on Military Construction, Veterans Affairs, and Related Agencies",
MurrayWA,SSAP,"Subcommittee on State, Foreign Operations, and Related Programs",
MurrayWA,SSAP,"Subcommittee on Transportation, Housing and Urban Development, and Related Agencies",
MurrayWA,SSHR,Subcommittee on Education and the American Family,
MurrayWA,SSHR,Subcommittee on Primary Health and Retirement Security,
OssoffGA,SSAP,"Subcommittee on Agriculture, Rural Development, Food and Drug Administration, and Related Agencies",
OssoffGA,SSAP,"Subcommittee on Department of Interior, Environment, and Related Agencies",
OssoffGA,SSAP,Subcommittee on Energy and Water Development,
OssoffGA,SSAP,Subcommittee on Legislative Branch,
OssoffGA,SSAP,"Subcommittee on Military Construction, Veterans Affairs, and Related Agencies",Ranking
PadillaCA,SSEG,Subcommittee on Energy,
PadillaCA,SSEG,"Subcommittee on Public Lands, Forests, and Mining",
PadillaCA,SSEG,Subcommittee on Water and Power,
PadillaCA,SSEV,"Subcommittee on Clean Air, Climate, and Nuclear Innovation and Safety",
PadillaCA,SSEV,"Subcommittee on Fisheries, Wildlife, and Water",
PadillaCA,SSEV,Subcommittee on Transportation and Infrastructure,
PadillaCA,SSJU,Subcommittee on Border Security and Immigration,Ranking
PadillaCA,SSJU,"Subcommittee on Federal Courts, Oversight, Agency Action, and Federal Rights",
PadillaCA,SSJU,"Subcommittee on Privacy, Technology, and the Law",
PadillaCA,SSJU,Subcommittee on the Constitution,
PaulKY,SSFR,Subcommittee on Africa and Global Health Policy,
PaulKY,SSFR,Subcommittee on Europe and Regional Security Cooperation,
PaulKY,SSFR,"Subcommittee on Multilateral International Development, Multilateral Institutions, and International Economic, Energy, and Environmental Policy",
PaulKY,SSFR,"Subcommittee on State Department and USAID Management, International Operations, and Bilateral International Development",
PaulKY,SSHR,Subcommittee on Education and the American Family,
PaulKY,SSHR,Subcommittee on Primary Health and Retirement Security,
PaulKY,SSGA,Permanent Subcommittee on Investigations,
PaulKY,SSGA,"Subcommittee on Border Management, Federal Workforce, and Regulatory Affairs",
PaulKY,SSGA,"Subcommittee on Disaster Management, District of Columbia, and Census",
PetersMI,SSAP,"Subcommittee on Agriculture, Rural Development, Food and Drug Administration, and Related Agencies",
PetersMI,SSAP,"Subcommittee on Commerce, Justice, Science, and Related Agencies",
PetersMI,SSAP,Subcommittee on Department of Homeland Security,
PetersMI,SSAP,Subcommittee on Energy and Water Development,
PetersMI,SSAP,"Subcommittee on Military Construction, Veterans Affairs, and Related Agencies",
PetersMI,SSAS,Subcommittee on Airland,
PetersMI,SSAS,Subcommittee on Cybersecurity,
PetersMI,SSAS,Subcommittee on Emerging Threats and Capabilities,
PetersMI,SSCM,"Subcommittee on Coast Guard, Maritime, and Fisheries",
PetersMI,SSCM,"Subcommittee on Science, Manufacturing, and Competitiveness",
PetersMI,SSCM,"Subcommittee on Surface Transportation, Freight, Pipelines, and Safety",Ranking
PetersMI,SSCM,Subcommittee on Telecommunications and Media,
PetersMI,SSGA,Permanent Subcommittee on Investigations,
PetersMI,SSGA,"Subcommittee on Border Management, Federal Workforce, and Regulatory Affairs",
PetersMI,SSGA,"Subcommittee on Disaster Management, District of Columbia, and Census",
ReedRI,SSAP,"Subcommittee on Commerce, Justice, Science, and Related Agencies",
ReedRI,SSAP,Subcommittee on Department of Defense,
ReedRI,SSAP,"Subcommittee on Departments of Labor, Health and Human Services, and Education, and Related Agencies",
ReedRI,SSAP,Subcommittee on Financial Services and General Government,Ranking
ReedRI,SSAP,"Subcommittee on Military Construction, Veterans Affairs, and Related Agencies",
ReedRI,SSAP,"Subcommittee on Transportation, Housing and Urban Development, and Related Agencies",
ReedRI,SSAS,Subcommittee on Airland,
ReedRI,SSAS,Subcommittee on Cybersecurity,
ReedRI,SSAS,Subcommittee on Emerging Threats and Capabilities,
ReedRI,SSAS,Subcommittee on Personnel,
ReedRI,SSAS,Subcommittee on Readiness and Management Support,
ReedRI,SSAS,Subcommittee on Seapower,
ReedRI,SSAS,Subcommittee on Strategic Forces,
ReedRI,SSBK,Subcommittee on Economic Policy,
ReedRI,SSBK,Subcommittee on Financial Institutions and Consumer Protection,
ReedRI,SSBK,"Subcommittee on Securities, Insurance, and Investment",
RickettsNE,SSBK,Subcommittee on Economic Policy,
RickettsNE,SSBK,Subcommittee on Financial Institutions and Consumer Protection,
RickettsNE,SSBK,Subcommittee on National Security and International Trade and Finance,
RickettsNE,SSEV,"Subcommittee on Clean Air, Climate, and Nuclear Innovation and Safety",
RickettsNE,SSEV,"Subcommittee on Fisheries, Wildlife, and Water",Chairman
RickettsNE,SSEV,Subcommittee on Transportation and Infrastructure,
RickettsNE,SSFR,"Subcommittee on East Asia, the Pacific, and International Cybersecurity Policy",Chairman
RickettsNE,SSFR,Subcommittee on Europe and Regional Security Cooperation,
RickettsNE,SSFR,"Subcommittee on State Department and USAID Management, International Operations, and Bilateral International Development",
RischID,SSEG,Subcommittee on Energy,
RischID,SSEG,"Subcommittee on Public Lands, Forests, and Mining",
RischID,SSEG,Subcommittee on Water and Power,
RischID,SSFR,Subcommittee on Africa and Global Health Policy,
RischID,SSFR,"Subcommittee on East Asia, the Pacific, and International Cybersecurity Policy",
RischID,SSFR,Subcommittee on Europe and Regional Security Cooperation,
RischID,SSFR,"Subcommittee on Multilateral International Development, Multilateral Institutions, and International Economic, Energy, and Environmental Policy",
RischID,SSFR,"Subcommittee on Near East, South Asia, Central Asia, and Counterterrorism",
RischID,SSFR,"Subcommittee on State Department and USAID Management, International Operations, and Bilateral International Development",
RischID,SSFR,"Subcommittee on Western Hemisphere, Transnational Crime, Civilian Security, Democracy, Human Rights, and Global Women's Issues",
RosenNV,SSAS,Subcommittee on Cybersecurity,Ranking
RosenNV,SSAS,Subcommittee on Emerging Threats and Capabilities,
RosenNV,SSAS,Subcommittee on Strategic Forces,
RosenNV,SSCM,"Subcommittee on Aviation, Space, and Innovation",
RosenNV,SSCM,"Subcommittee on Science, Manufacturing, and Competitiveness",
RosenNV,SSCM,Subcommittee on Telecommunications and Media,
RosenNV,SSFR,"Subcommittee on Multilateral International Development, Multilateral Institutions, and International Economic, Energy, and Environmental Policy",
RosenNV,SSFR,"Subcommittee on Near East, South Asia, Central Asia, and Counterterrorism",Ranking
RosenNV,SSFR,"Subcommittee on Western Hemisphere, Transnational Crime, Civilian Security, Democracy, Human Rights, and Global Women's Issues",
RoundsSD,SSAP,"Subcommittee on Agriculture, Rural Development, Food and Drug Administration, and Related Agencies",
RoundsSD,SSAP,"Subcommittee on Department of Interior, Environment, and Related Agencies",
RoundsSD,SSAP,"Subcommittee on Departments of Labor, Health and Human Services, and Education, and Related Agencies",
RoundsSD,SSAP,Subcommittee on Energy and Water Development,
RoundsSD,SSAP,Subcommittee on Legislative Branch,
RoundsSD,SSAP,"Subcommittee on Military Construction, Veterans Affairs, and Related Agencies",
RoundsSD,SSAS,Subcommittee on Cybersecurity,Chairman
RoundsSD,SSAS,Subcommittee on Emerging Threats and Capabilities,
RoundsSD,SSAS,Subcommittee on Strategic Forces,
RoundsSD,SSBK,Subcommittee on Economic Policy,
RoundsSD,SSBK,"Subcommittee on Housing, Transportation, and Community Development",
RoundsSD,SSBK,"Subcommittee on Securities, Insurance, and Investment",Chairman
SandersVT,SSEV,"Subcommittee on Chemical Safety, Waste Management, Environmental Justice, and Regulatory Oversight",
SandersVT,SSEV,"Subcommittee on Clean Air, Climate, and Nuclear Innovation and Safety",
SandersVT,SSEV,"Subcommittee on Fisheries, Wildlife, and Water",
SandersVT,SSFI,Subcommittee on Health Care,
SandersVT,SSFI,"Subcommittee on Social Security, Pensions, and Family Policy",Ranking
SandersVT,SSFI,Subcommittee on Taxation and IRS Oversight,
SandersVT,SSHR,Subcommittee on Education and the American Family,
SandersVT,SSHR,Subcommittee on Employment and Workplace Safety,
SandersVT,SSHR,Subcommittee on Primary Health and Retirement Security,
SchatzHI,SSAP,"Subcommittee on Commerce, Justice, Science, and Related Agencies",
SchatzHI,SSAP,Subcommittee on Department of Defense,
SchatzHI,SSAP,"Subcommittee on Departments of Labor, Health and Human Services, and Education, and Related Agencies",
SchatzHI,SSAP,"Subcommittee on Military Construction, Veterans Affairs, and Related Agencies",
SchatzHI,SSAP,"Subcommittee on State, Foreign Operations, and Related Programs",Ranking
SchatzHI,SSAP,"Subcommittee on Transportation, Housing and Urban Development, and Related Agencies",
SchatzHI,SSCM,"Subcommittee on Coast Guard, Maritime, and Fisheries",
SchatzHI,SSCM,"Subcommittee on Consumer Protection, Technology, and Data Privacy",
SchatzHI,SSCM,"Subcommittee on Surface Transportation, Freight, Pipelines, and Safety",
SchatzHI,SSCM,Subcommittee on Telecommunications and Media,
SchatzHI,SSFR,"Subcommittee on East Asia, the Pacific, and International Cybersecurity Policy",
SchatzHI,SSFR,Subcommittee on Europe and Regional Security Cooperation,
SchatzHI,SSFR,"Subcommittee on Multilateral International Development, Multilateral Institutions, and International Economic, Energy, and Environmental Policy",
SchiffCA,SSAF,"Subcommittee on Commodities, Derivatives, Risk Management, and Trade",
SchiffCA,SSAF,"Subcommittee on Conservation, Forestry, Natural Resources, and Biotechnology",
SchiffCA,SSEV,"Subcommittee on Clean Air, Climate, and Nuclear Innovation and Safety",
SchiffCA,SSEV,"Subcommittee on Fisheries, Wildlife, and Water",Ranking
SchiffCA,SSEV,Subcommittee on Transportation and Infrastructure,
SchiffCA,SSJU,"Subcommittee on Antitrust, Competition Policy, and Consumer Rights",
SchiffCA,SSJU,Subcommittee on Intellectual Property,Ranking
SchiffCA,SSJU,"Subcommittee on Privacy, Technology, and the Law",
SchiffCA,SSJU,Subcommittee on the Constitution,
SchmittMO,SSAS,Subcommittee on Airland,
SchmittMO,SSAS,Subcommittee on Cybersecurity,
SchmittMO,SSAS,Subcommittee on Emerging Threats and Capabilities,
SchmittMO,SSAS,Subcommittee on Readiness and Management Support,
SchmittMO,SSCM,"Subcommittee on Aviation, Space, and Innovation",
SchmittMO,SSCM,"Subcommittee on Science, Manufacturing, and Competitiveness",
SchmittMO,SSCM,"Subcommittee on Surface Transportation, Freight, Pipelines, and Safety",
SchmittMO,SSCM,Subcommittee on Telecommunications and Media,
SchmittMO,SSJU,"Subcommittee on Antitrust, Competition Policy, and Consumer Rights",
SchmittMO,SSJU,"Subcommittee on Federal Courts, Oversight, Agency Action, and Federal Rights",
SchmittMO,SSJU,Subcommittee on Intellectual Property,
SchmittMO,SSJU,Subcommittee on the Constitution,Chairman
ScottFL,SSAS,Subcommittee on Personnel,
ScottFL,SSAS,Subcommittee on Readiness and Management Support,
ScottFL,SSAS,Subcommittee on Seapower,Chairman
ScottFL,SSFR,"Subcommittee on Near East, South Asia, Central Asia, and Counterterrorism",
ScottFL,SSFR,"Subcommittee on State Department and USAID Management, International Operations, and Bilateral International Development",
ScottFL,SSFR,"Subcommittee on Western Hemisphere, Transnational Crime, Civilian Security, Democracy, Human Rights, and Global Women's Issues",
ScottFL,SSGA,Permanent Subcommittee on Investigations,
ScottFL,SSGA,"Subcommittee on Disaster Management, District of Columbia, and Census",
ScottSC,SSBK,Subcommittee on Digital Assets,
ScottSC,SSBK,Subcommittee on Economic Policy,
ScottSC,SSBK,Subcommittee on Financial Institutions and Consumer Protection,
ScottSC,SSBK,"Subcommittee on Housing, Transportation, and Community Development",
ScottSC,SSBK,Subcommittee on National Security and International Trade and Finance,
ScottSC,SSBK,"Subcommittee on Securities, Insurance, and Investment",
ScottSC,SSFI,"Subcommittee on Energy, Natural Resources, and Infrastructure",
ScottSC,SSFI,Subcommittee on Health Care,
ScottSC,SSFI,"Subcommittee on International Trade, Customs, and Global Competitiveness",
ScottSC,SSHR,Subcommittee on Education and the American Family,
ScottSC,SSHR,Subcommittee on Employment and Workplace Safety,
ShaheenNH,SSAP,"Subcommittee on Agriculture, Rural Development, Food and Drug Administration, and Related Agencies",Ranking
ShaheenNH,SSAP,"Subcommittee on Commerce, Justice, Science, and Related Agencies",
ShaheenNH,SSAP,Subcommittee on Department of Defense,
ShaheenNH,SSAP,Subcommittee on Department of Homeland Security,
ShaheenNH,SSAP,"Subcommittee on Departments of Labor, Health and Human Services, and Education, and Related Agencies",
ShaheenNH,SSAP,"Subcommittee on State, Foreign Operations, and Related Programs",
ShaheenNH,SSAS,Subcommittee on Emerging Threats and Capabilities,
ShaheenNH,SSAS,Subcommittee on Readiness and Management Support,
ShaheenNH,SSAS,Subcommittee on Seapower,
ShaheenNH,SSFR,Subcommittee on Africa and Global Health Policy,
ShaheenNH,SSFR,"Subcommittee on East Asia, the Pacific, and International Cybersecurity Policy",
ShaheenNH,SSFR,Subcommittee on Europe and Regional Security Cooperation,
ShaheenNH,SSFR,"Subcommittee on Multilateral International Development, Multilateral Institutions, and International Economic, Energy, and Environmental Policy",
ShaheenNH,SSFR,"Subcommittee on Near East, South Asia, Central Asia, and Counterterrorism",
ShaheenNH,SSFR,"Subcommittee on State Department and USAID Management, International Operations, and Bilateral International Development",
ShaheenNH,SSFR,"Subcommittee on Western Hemisphere, Transnational Crime, Civilian Security, Democracy, Human Rights, and Global Women's Issues",
SheehyMT,SSAS,Subcommittee on Emerging Threats and Capabilities,
SheehyMT,SSAS,Subcommittee on Readiness and Management Support,
SheehyMT,SSAS,Subcommittee on Seapower,
SheehyMT,SSCM,"Subcommittee on Aviation, Space, and Innovation",
SheehyMT,SSCM,"Subcommittee on Coast Guard, Maritime, and Fisheries",
SheehyMT,SSCM,Subcommittee on Telecommunications and Media,
SlotkinMI,SSAF,"Subcommittee on Commodities, Derivatives, Risk Management, and Trade",
SlotkinMI,SSAF,"Subcommittee on Livestock, Dairy, Poultry, and Food Safety",Ranking
SlotkinMI,SSAS,Subcommittee on Airland,
SlotkinMI,SSAS,Subcommittee on Cybersecurity,
SlotkinMI,SSAS,Subcommittee on Emerging Threats and Capabilities,Ranking
SlotkinMI,SSGA,"Subcommittee on Border Management, Federal Workforce, and Regulatory Affairs",
SlotkinMI,SSGA,"Subcommittee on Disaster Management, District of Columbia, and Census",
SmithMN,SSAF,"Subcommittee on Food and Nutrition, Specialty Crops, Organics, and Research",
SmithMN,SSAF,"Subcommittee on Livestock, Dairy, Poultry, and Food Safety",
SmithMN,SSAF,"Subcommittee on Rural Development, Energy, and Credit",
SmithMN,SSBK,Subcommittee on Digital Assets,
SmithMN,SSBK,Subcommittee on Economic Policy,
SmithMN,SSBK,"Subcommittee on Housing, Transportation, and Community Development",Ranking
SmithMN,SSFI,Subcommittee on Fiscal Responsibility and Economic Growth,Ranking
SmithMN,SSFI,Subcommittee on Health Care,
SmithMN,SSFI,"Subcommittee on International Trade, Customs, and Global Competitiveness",
SullivanAK,SSAS,Subcommittee on Airland,
SullivanAK,SSAS,Subcommittee on Readiness and Management Support,Chairman
SullivanAK,SSAS,Subcommittee on Seapower,
SullivanAK,SSCM,"Subcommittee on Coast Guard, Maritime, and Fisheries",Chairman
SullivanAK,SSCM,"Subcommittee on Surface Transportation, Freight, Pipelines, and Safety",
SullivanAK,SSCM,Subcommittee on Telecommunications and Media,
SullivanAK,SSEV,"Subcommittee on Chemical Safety, Waste Management, Environmental Justice, and Regulatory Oversight",
SullivanAK,SSEV,"Subcommittee on Fisheries, Wildlife, and Water",
SullivanAK,SSEV,Subcommittee on Transportation and Infrastructure,
ThuneSD,SSAF,"Subcommittee on Commodities, Derivatives, Risk Management, and Trade",
ThuneSD,SSAF,"Subcommittee on Conservation, Forestry, Natural Resources, and Biotechnology",
ThuneSD,SSAF,"Subcommittee on Livestock, Dairy, Poultry, and Food Safety",
ThuneSD,SSCM,"Subcommittee on Aviation, Space, and Innovation",
ThuneSD,SSCM,"Subcommittee on Consumer Protection, Technology, and Data Privacy",
ThuneSD,SSCM,"Subcommittee on Surface Transportation, Freight, Pipelines, and Safety",
ThuneSD,SSCM,Subcommittee on Telecommunications and Media,
ThuneSD,SSFI,Subcommittee on Health Care,
ThuneSD,SSFI,"Subcommittee on International Trade, Customs, and Global Competitiveness",
ThuneSD,SSFI,Subcommittee on Taxation and IRS Oversight,
TillisNC,SSBK,Subcommittee on Digital Assets,
TillisNC,SSBK,Subcommittee on Economic Policy,
TillisNC,SSBK,Subcommittee on Financial Institutions and Consumer Protection,Chairman
TillisNC,SSFI,Subcommittee on Health Care,
TillisNC,SSFI,"Subcommittee on International Trade, Customs, and Global Competitiveness",
TillisNC,SSFI,Subcommittee on Taxation and IRS Oversight,
TillisNC,SSJU,"Subcommittee on Antitrust, Competition Policy, and Consumer Rights",
TillisNC,SSJU,Subcommittee on Border Security and Immigration,
TillisNC,SSJU,"Subcommittee on Federal Courts, Oversight, Agency Action, and Federal Rights",
TillisNC,SSJU,Subcommittee on Intellectual Property,Chairman
TubervilleAL,SSAF,"Subcommittee on Commodities, Derivatives, Risk Management, and Trade",
TubervilleAL,SSAF,"Subcommittee on Food and Nutrition, Specialty Crops, Organics, and Research",
TubervilleAL,SSAF,"Subcommittee on Rural Development, Energy, and Credit",
TubervilleAL,SSAS,Subcommittee on Personnel,Chairman
TubervilleAL,SSAS,Subcommittee on Seapower,
TubervilleAL,SSAS,Subcommittee on Strategic Forces,
TubervilleAL,SSHR,Subcommittee on Education and the American Family,Chairman
TubervilleAL,SSHR,Subcommittee on Employment and Workplace Safety,
Van HollenMD,SSAP,"Subcommittee on Commerce, Justice, Science, and Related Agencies",Ranking
Van HollenMD,SSAP,Subcommittee on Department of Homeland Security,
Van HollenMD,SSAP,"Subcommittee on Department of Interior, Environment, and Related Agencies",
Van HollenMD,SSAP,Subcommittee on Financial Services and General Government,
Van HollenMD,SSAP,"Subcommittee on Transportation, Housing and Urban Development, and Related Agencies",
Van HollenMD,SSBK,Subcommittee on Digital Assets,
Van HollenMD,SSBK,"Subcommittee on Housing, Transportation, and Community Development",
Van HollenMD,SSBK,Subcommittee on National Security and International Trade and Finance,
Van HollenMD,SSFR,Subcommittee on Africa and Global Health Policy,
Van HollenMD,SSFR,"Subcommittee on East Asia, the Pacific, and International Cybersecurity Policy",
Van HollenMD,SSFR,"Subcommittee on State Department and USAID Management, International Operations, and Bilateral International Development",Ranking
WarnerVA,SSBK,Subcommittee on Digital Assets,
WarnerVA,SSBK,Subcommittee on Financial Institutions and Consumer Protection,
WarnerVA,SSBK,"Subcommittee on Securities, Insurance, and Investment",Ranking
WarnerVA,SSFI,Subcommittee on Health Care,
WarnerVA,SSFI,"Subcommittee on International Trade, Customs, and Global Competitiveness",
WarnerVA,SSFI,Subcommittee on Taxation and IRS Oversight,
WarnockGA,SSAF,"Subcommittee on Conservation, Forestry, Natural Resources, and Biotechnology",
WarnockGA,SSAF,"Subcommittee on Food and Nutrition, Specialty Crops, Organics, and Research",
WarnockGA,SSAF,"Subcommittee on Rural Development, Energy, and Credit",
WarnockGA,SSBK,Subcommittee on Economic Policy,Ranking
WarnockGA,SSBK,Subcommittee on Financial Institutions and Consumer Protection,
WarnockGA,SSBK,"Subcommittee on Securities, Insurance, and Investment",
WarnockGA,SSFI,Subcommittee on Health Care,
WarnockGA,SSFI,"Subcommittee on International Trade, Customs, and Global Competitiveness",Ranking
WarnockGA,SSFI,Subcommittee on Taxation and IRS Oversight,
WarrenMA,SSAS,Subcommittee on Personnel,Ranking
WarrenMA,SSAS,Subcommittee on Readiness and Management Support,
WarrenMA,SSAS,Subcommittee on Strategic Forces,
WarrenMA,SSBK,Subcommittee on Digital Assets,
WarrenMA,SSBK,Subcommittee on Economic Policy,
WarrenMA,SSBK,Subcommittee on Financial Institutions and Consumer Protection,
WarrenMA,SSBK,"Subcommittee on Housing, Transportation, and Community Development",
WarrenMA,SSBK,Subcommittee on National Security and International Trade and Finance,
WarrenMA,SSBK,"Subcommittee on Securities, Insurance, and Investment",
WarrenMA,SSFI,Subcommittee on Health Care,
WarrenMA,SSFI,"Subcommittee on International Trade, Customs, and Global Competitiveness",
WarrenMA,SSFI,Subcommittee on Taxation and IRS Oversight,
WelchVT,SSAF,"Subcommittee on Conservation, Forestry, Natural Resources, and Biotechnology",
WelchVT,SSAF,"Subcommittee on Livestock, Dairy, Poultry, and Food Safety",
WelchVT,SSAF,"Subcommittee on Rural Development, Energy, and Credit",Ranking
WelchVT,SSFI,"Subcommittee on Energy, Natural Resources, and Infrastructure",
WelchVT,SSFI,Subcommittee on Health Care,
WelchVT,SSJU,"Subcommittee on Antitrust, Competition Policy, and Consumer Rights",
WelchVT,SSJU,"Subcommittee on Federal Courts, Oversight, Agency Action, and Federal Rights",
WelchVT,SSJU,Subcommittee on Intellectual Property,
WelchVT,SSJU,Subcommittee on the Constitution,Ranking
WhitehouseRI,SSEV,"Subcommittee on Chemical Safety, Waste Management, Environmental Justice, and Regulatory Oversight",
WhitehouseRI,SSEV,"Subcommittee on Clean Air, Climate, and Nuclear Innovation and Safety",
WhitehouseRI,SSEV,"Subcommittee on Fisheries, Wildlife, and Water",
WhitehouseRI,SSEV,Subcommittee on Transportation and Infrastructure,
WhitehouseRI,SSFI,Subcommittee on Health Care,
WhitehouseRI,SSFI,"Subcommittee on International Trade, Customs, and Global Competitiveness",
WhitehouseRI,SSFI,Subcommittee on Taxation and IRS Oversight,
WhitehouseRI,SSJU,Subcommittee on Border Security and Immigration,
WhitehouseRI,SSJU,"Subcommittee on Federal Courts, Oversight, Agency Action, and Federal Rights",Ranking
WhitehouseRI,SSJU,Subcommittee on Intellectual Property,
WhitehouseRI,SSJU,Subcommittee on the Constitution,
WickerMS,SSAS,Subcommittee on Airland,
WickerMS,SSAS,Subcommittee on Cybersecurity,
WickerMS,SSAS,Subcommittee on Emerging Threats and Capabilities,
WickerMS,SSAS,Subcommittee on Personnel,
WickerMS,SSAS,Subcommittee on Readiness and Management Support,
WickerMS,SSAS,Subcommittee on Seapower,
WickerMS,SSAS,Subcommittee on Strategic Forces,
WickerMS,SSCM,"Subcommittee on Coast Guard, Maritime, and Fisheries",
WickerMS,SSCM,"Subcommittee on Surface Transportation, Freight, Pipelines, and Safety",
WickerMS,SSCM,Subcommittee on Telecommunications and Media,
WickerMS,SSEV,"Subcommittee on Chemical Safety, Waste Management, Environmental Justice, and Regulatory Oversight",
WickerMS,SSEV,"Subcommittee on Clean Air, Climate, and Nuclear Innovation and Safety",
WickerMS,SSEV,Subcommittee on Transportation and Infrastructure,
WydenOR,SSEG,Subcommittee on Energy,
WydenOR,SSEG,"Subcommittee on Public Lands, Forests, and Mining",
WydenOR,SSEG,Subcommittee on Water and Power,Ranking
WydenOR,SSFI,"Subcommittee on Energy, Natural Resources, and Infrastructure",
WydenOR,SSFI,Subcommittee on Fiscal Responsibility and Economic Growth,
WydenOR,SSFI,Subcommittee on Health Care,
WydenOR,SSFI,"Subcommittee on International Trade, Customs, and Global Competitiveness",
WydenOR,SSFI,"Subcommittee on Social Security, Pensions, and Family Policy",
WydenOR,SSFI,Subcommittee on Taxation and IRS Oversight,
YoungIN,SSCM,"Subcommittee on Consumer Protection, Technology, and Data Privacy",
YoungIN,SSCM,"Subcommittee on Science, Manufacturing, and Competitiveness",
YoungIN,SSCM,"Subcommittee on Surface Transportation, Freight, Pipelines, and Safety",Chairman
YoungIN,SSCM,Subcommittee on Telecommunications and Media,
YoungIN,SSFI,Subcommittee on Health Care,Chairman
YoungIN,SSFI,"Subcommittee on International Trade, Customs, and Global Competitiveness",
YoungIN,SSFI,"Subcommittee on Social Security, Pensions, and Family Policy",
