first_name,middle_name,nick_name,last_name,suffix,title,chamber,State,state_abbr,District,Party,Terms,URL
"Adams, Alma S. - Representative",,,,,,,North Carolina,,12,Democratic,House: 2014-Present,https://www.congress.gov/member/alma-adams/A000370
"Aderholt, Robert B. - Representative",,,,,,,Alabama,,4,Republican,House: 1997-Present,https://www.congress.gov/member/robert-aderholt/A000055
"Aguilar, Pete - Representative",,,,,,,California,,33,Democratic,House: 2015-Present,https://www.congress.gov/member/pete-aguilar/A000371
"Alford, Mark - Representative",,,,,,,Missouri,,4,Republican,House: 2023-Present,https://www.congress.gov/member/mark-alford/A000379
"Allen, Rick W. - Representative",,,,,,,Georgia,,12,Republican,House: 2015-Present,https://www.congress.gov/member/rick-allen/A000372
"Alsobrooks, Angela D. - Senator",,,,,,,Maryland,,,Democratic,Senate: 2025-Present,https://www.congress.gov/member/angela-alsobrooks/A000382
"Amo, Gabe - Representative",,,,,,,Rhode Island,,1,Democratic,House: 2023-Present,https://www.congress.gov/member/gabe-amo/A000380
"Amodei, Mark E. - Representative",,,,,,,Nevada,,2,Republican,House: 2011-Present,https://www.congress.gov/member/mark-amodei/A000369
"Ansari, Yassamin - Representative",,,,,,,Arizona,,3,Democratic,House: 2025-Present,https://www.congress.gov/member/yassamin-ansari/A000381
"Arrington, Jodey C. - Representative",,,,,,,Texas,,19,Republican,House: 2017-Present,https://www.congress.gov/member/jodey-arrington/A000375
"Auchincloss, Jake - Representative",,,,,,,Massachusetts,,4,Democratic,House: 2021-Present,https://www.congress.gov/member/jake-auchincloss/A000148
"Babin, Brian - Representative",,,,,,,Texas,,36,Republican,House: 2015-Present,https://www.congress.gov/member/brian-babin/B001291
"Bacon, Don - Representative",,,,,,,Nebraska,,2,Republican,House: 2017-Present,https://www.congress.gov/member/don-bacon/B001298
"Baird, James R. - Representative",,,,,,,Indiana,,4,Republican,House: 2019-Present,https://www.congress.gov/member/james-baird/B001307
"Balderson, Troy - Representative",,,,,,,Ohio,,12,Republican,House: 2018-Present,https://www.congress.gov/member/troy-balderson/B001306
"Baldwin, Tammy - Senator",,,,,,,Wisconsin,,,Democratic,Senate: 2013-Present | House: 1999-2013,https://www.congress.gov/member/tammy-baldwin/B001230
"Balint, Becca - Representative",,,,,,,Vermont,,At Large,Democratic,House: 2023-Present,https://www.congress.gov/member/becca-balint/B001318
"Banks, Jim - Senator",,,,,,,Indiana,,,Republican,Senate: 2025-Present | House: 2017-2025,https://www.congress.gov/member/jim-banks/B001299
"Barr, Andy - Representative",,,,,,,Kentucky,,6,Republican,House: 2013-Present,https://www.congress.gov/member/andy-barr/B001282
"Barrag�n, Nanette Diaz - Representative",,,,,,,California,,44,Democratic,House: 2017-Present,https://www.congress.gov/member/nanette-barragan/B001300
"Barrasso, John - Senator",,,,,,,Wyoming,,,Republican,Senate: 2007-Present,https://www.congress.gov/member/john-barrasso/B001261
"Barrett, Tom - Representative",,,,,,,Michigan,,7,Republican,House: 2025-Present,https://www.congress.gov/member/tom-barrett/B001321
"Baumgartner, Michael - Representative",,,,,,,Washington,,5,Republican,House: 2025-Present,https://www.congress.gov/member/michael-baumgartner/B001322
"Bean, Aaron - Representative",,,,,,,Florida,,4,Republican,House: 2023-Present,https://www.congress.gov/member/aaron-bean/B001314
"Beatty, Joyce - Representative",,,,,,,Ohio,,3,Democratic,House: 2013-Present,https://www.congress.gov/member/joyce-beatty/B001281
"Begich, Nicholas J. - Representative",,,,,,,Alaska,,At Large,Republican,House: 2025-Present,https://www.congress.gov/member/nicholas-begich/B001323
"Bell, Wesley - Representative",,,,,,,Missouri,,1,Democratic,House: 2025-Present,https://www.congress.gov/member/wesley-bell/B001324
"Bennet, Michael F. - Senator",,,,,,,Colorado,,,Democratic,Senate: 2009-Present,https://www.congress.gov/member/michael-bennet/B001267
"Bentz, Cliff - Representative",,,,,,,Oregon,,2,Republican,House: 2021-Present,https://www.congress.gov/member/cliff-bentz/B000668
"Bera, Ami - Representative",,,,,,,California,,6,Democratic,House: 2013-Present,https://www.congress.gov/member/ami-bera/B001287
"Bergman, Jack - Representative",,,,,,,Michigan,,1,Republican,House: 2017-Present,https://www.congress.gov/member/jack-bergman/B001301
"Beyer, Donald S. - Representative",,,,,,,Virginia,,8,Democratic,House: 2015-Present,https://www.congress.gov/member/donald-beyer/B001292
"Bice, Stephanie I. - Representative",,,,,,,Oklahoma,,5,Republican,House: 2021-Present,https://www.congress.gov/member/stephanie-bice/B000740
"Biggs, Andy - Representative",,,,,,,Arizona,,5,Republican,House: 2017-Present,https://www.congress.gov/member/andy-biggs/B001302
"Biggs, Sheri - Representative",,,,,,,South Carolina,,3,Republican,House: 2025-Present,https://www.congress.gov/member/sheri-biggs/B001325
"Bilirakis, Gus M. - Representative",,,,,,,Florida,,12,Republican,House: 2007-Present,https://www.congress.gov/member/gus-bilirakis/B001257
"Bishop, Sanford D. - Representative",,,,,,,Georgia,,2,Democratic,House: 1993-Present,https://www.congress.gov/member/sanford-bishop/B000490
"Blackburn, Marsha - Senator",,,,,,,Tennessee,,,Republican,Senate: 2019-Present | House: 2003-2019,https://www.congress.gov/member/marsha-blackburn/B001243
"Blumenthal, Richard - Senator",,,,,,,Connecticut,,,Democratic,Senate: 2011-Present,https://www.congress.gov/member/richard-blumenthal/B001277
"Blunt Rochester, Lisa - Senator",,,,,,,Delaware,,,Democratic,Senate: 2025-Present | House: 2017-2025,https://www.congress.gov/member/lisa-blunt-rochester/B001303
"Boebert, Lauren - Representative",,,,,,,Colorado,,4,Republican,House: 2021-Present,https://www.congress.gov/member/lauren-boebert/B000825
"Bonamici, Suzanne - Representative",,,,,,,Oregon,,1,Democratic,House: 2012-Present,https://www.congress.gov/member/suzanne-bonamici/B001278
"Booker, Cory A. - Senator",,,,,,,New Jersey,,,Democratic,Senate: 2013-Present,https://www.congress.gov/member/cory-booker/B001288
"Boozman, John - Senator",,,,,,,Arkansas,,,Republican,Senate: 2011-Present | House: 2001-2011,https://www.congress.gov/member/john-boozman/B001236
"Bost, Mike - Representative",,,,,,,Illinois,,12,Republican,House: 2015-Present,https://www.congress.gov/member/mike-bost/B001295
"Boyle, Brendan F. - Representative",,,,,,,Pennsylvania,,2,Democratic,House: 2015-Present,https://www.congress.gov/member/brendan-boyle/B001296
"Brecheen, Josh - Representative",,,,,,,Oklahoma,,2,Republican,House: 2023-Present,https://www.congress.gov/member/josh-brecheen/B001317
"Bresnahan, Robert P. - Representative",,,,,,,Pennsylvania,,8,Republican,House: 2025-Present,https://www.congress.gov/member/robert-bresnahan/B001327
"Britt, Katie Boyd - Senator",,,,,,,Alabama,,,Republican,Senate: 2023-Present,https://www.congress.gov/member/katie-britt/B001319
"Brown, Shontel M. - Representative",,,,,,,Ohio,,11,Democratic,House: 2021-Present,https://www.congress.gov/member/shontel-brown/B001313
"Brownley, Julia - Representative",,,,,,,California,,26,Democratic,House: 2013-Present,https://www.congress.gov/member/julia-brownley/B001285
"Buchanan, Vern - Representative",,,,,,,Florida,,16,Republican,House: 2007-Present,https://www.congress.gov/member/vern-buchanan/B001260
"Budd, Ted - Senator",,,,,,,North Carolina,,,Republican,Senate: 2023-Present | House: 2017-2023,https://www.congress.gov/member/ted-budd/B001305
"Budzinski, Nikki - Representative",,,,,,,Illinois,,13,Democratic,House: 2023-Present,https://www.congress.gov/member/nikki-budzinski/B001315
"Burchett, Tim - Representative",,,,,,,Tennessee,,2,Republican,House: 2019-Present,https://www.congress.gov/member/tim-burchett/B001309
"Burlison, Eric - Representative",,,,,,,Missouri,,7,Republican,House: 2023-Present,https://www.congress.gov/member/eric-burlison/B001316
"Bynum, Janelle S. - Representative",,,,,,,Oregon,,5,Democratic,House: 2025-Present,https://www.congress.gov/member/janelle-bynum/B001326
"Calvert, Ken - Representative",,,,,,,California,,41,Republican,House: 1993-Present,https://www.congress.gov/member/ken-calvert/C000059
"Cammack, Kat - Representative",,,,,,,Florida,,3,Republican,House: 2021-Present,https://www.congress.gov/member/kat-cammack/C001039
"Cantwell, Maria - Senator",,,,,,,Washington,,,Democratic,Senate: 2001-Present | House: 1993-1995,https://www.congress.gov/member/maria-cantwell/C000127
"Capito, Shelley Moore - Senator",,,,,,,West Virginia,,,Republican,Senate: 2015-Present | House: 2001-2015,https://www.congress.gov/member/shelley-capito/C001047
"Carbajal, Salud O. - Representative",,,,,,,California,,24,Democratic,House: 2017-Present,https://www.congress.gov/member/salud-carbajal/C001112
"Carey, Mike - Representative",,,,,,,Ohio,,15,Republican,House: 2021-Present,https://www.congress.gov/member/mike-carey/C001126
"Carson, Andr� - Representative",,,,,,,Indiana,,7,Democratic,House: 2008-Present,https://www.congress.gov/member/andre-carson/C001072
"Carter, Earl L. ""Buddy"" - Representative",,,,,,,Georgia,,1,Republican,House: 2015-Present,https://www.congress.gov/member/earl-carter/C001103
"Carter, John R. - Representative",,,,,,,Texas,,31,Republican,House: 2003-Present,https://www.congress.gov/member/john-carter/C001051
"Carter, Troy A. - Representative",,,,,,,Louisiana,,2,Democratic,House: 2021-Present,https://www.congress.gov/member/troy-carter/C001125
"Casar, Greg - Representative",,,,,,,Texas,,35,Democratic,House: 2023-Present,https://www.congress.gov/member/greg-casar/C001131
"Case, Ed - Representative",,,,,,,Hawaii,,1,Democratic,"House: 2002-2007, 2019-Present",https://www.congress.gov/member/ed-case/C001055
"Cassidy, Bill - Senator",,,,,,,Louisiana,,,Republican,Senate: 2015-Present | House: 2009-2015,https://www.congress.gov/member/bill-cassidy/C001075
"Casten, Sean - Representative",,,,,,,Illinois,,6,Democratic,House: 2019-Present,https://www.congress.gov/member/sean-casten/C001117
"Castor, Kathy - Representative",,,,,,,Florida,,14,Democratic,House: 2007-Present,https://www.congress.gov/member/kathy-castor/C001066
"Castro, Joaquin - Representative",,,,,,,Texas,,20,Democratic,House: 2013-Present,https://www.congress.gov/member/joaquin-castro/C001091
"Cherfilus-McCormick, Sheila - Representative",,,,,,,Florida,,20,Democratic,House: 2022-Present,https://www.congress.gov/member/sheila-cherfilus-mccormick/C001127
"Chu, Judy - Representative",,,,,,,California,,28,Democratic,House: 2009-Present,https://www.congress.gov/member/judy-chu/C001080
"Ciscomani, Juan - Representative",,,,,,,Arizona,,6,Republican,House: 2023-Present,https://www.congress.gov/member/juan-ciscomani/C001133
"Cisneros, Gilbert Ray - Representative",,,,,,,California,,31,Democratic,"House: 2019-2021, 2025-Present",https://www.congress.gov/member/gilbert-cisneros/C001123
"Clark, Katherine M. - Representative",,,,,,,Massachusetts,,5,Democratic,House: 2013-Present,https://www.congress.gov/member/katherine-clark/C001101
"Clarke, Yvette D. - Representative",,,,,,,New York,,9,Democratic,House: 2007-Present,https://www.congress.gov/member/yvette-clarke/C001067
"Cleaver, Emanuel - Representative",,,,,,,Missouri,,5,Democratic,House: 2005-Present,https://www.congress.gov/member/emanuel-cleaver/C001061
"Cline, Ben - Representative",,,,,,,Virginia,,6,Republican,House: 2019-Present,https://www.congress.gov/member/ben-cline/C001118
"Cloud, Michael - Representative",,,,,,,Texas,,27,Republican,House: 2018-Present,https://www.congress.gov/member/michael-cloud/C001115
"Clyburn, James E. - Representative",,,,,,,South Carolina,,6,Democratic,House: 1993-Present,https://www.congress.gov/member/james-clyburn/C000537
"Clyde, Andrew S. - Representative",,,,,,,Georgia,,9,Republican,House: 2021-Present,https://www.congress.gov/member/andrew-clyde/C001116
"Cohen, Steve - Representative",,,,,,,Tennessee,,9,Democratic,House: 2007-Present,https://www.congress.gov/member/steve-cohen/C001068
"Cole, Tom - Representative",,,,,,,Oklahoma,,4,Republican,House: 2003-Present,https://www.congress.gov/member/tom-cole/C001053
"Collins, Mike - Representative",,,,,,,Georgia,,10,Republican,House: 2023-Present,https://www.congress.gov/member/mike-collins/C001129
"Collins, Susan M. - Senator",,,,,,,Maine,,,Republican,Senate: 1997-Present,https://www.congress.gov/member/susan-collins/C001035
"Comer, James - Representative",,,,,,,Kentucky,,1,Republican,House: 2016-Present,https://www.congress.gov/member/james-comer/C001108
"Conaway, Herbert C. - Representative",,,,,,,New Jersey,,3,Democratic,House: 2025-Present,https://www.congress.gov/member/herbert-conaway/C001136
"Connolly, Gerald E. - Representative",,,,,,,Virginia,,11,Democratic,House: 2009-2025,https://www.congress.gov/member/gerald-connolly/C001078
"Coons, Christopher A. - Senator",,,,,,,Delaware,,,Democratic,Senate: 2010-Present,https://www.congress.gov/member/christopher-coons/C001088
"Cornyn, John - Senator",,,,,,,Texas,,,Republican,Senate: 2002-Present,https://www.congress.gov/member/john-cornyn/C001056
"Correa, J. Luis - Representative",,,,,,,California,,46,Democratic,House: 2017-Present,https://www.congress.gov/member/j-correa/C001110
"Cortez Masto, Catherine - Senator",,,,,,,Nevada,,,Democratic,Senate: 2017-Present,https://www.congress.gov/member/catherine-cortez-masto/C001113
"Costa, Jim - Representative",,,,,,,California,,21,Democratic,House: 2005-Present,https://www.congress.gov/member/jim-costa/C001059
"Cotton, Tom - Senator",,,,,,,Arkansas,,,Republican,Senate: 2015-Present | House: 2013-2015,https://www.congress.gov/member/tom-cotton/C001095
"Courtney, Joe - Representative",,,,,,,Connecticut,,2,Democratic,House: 2007-Present,https://www.congress.gov/member/joe-courtney/C001069
"Craig, Angie - Representative",,,,,,,Minnesota,,2,Democratic,House: 2019-Present,https://www.congress.gov/member/angie-craig/C001119
"Cramer, Kevin - Senator",,,,,,,North Dakota,,,Republican,Senate: 2019-Present | House: 2013-2019,https://www.congress.gov/member/kevin-cramer/C001096
"Crane, Elijah - Representative",,,,,,,Arizona,,2,Republican,House: 2023-Present,https://www.congress.gov/member/elijah-crane/C001132
"Crank, Jeff - Representative",,,,,,,Colorado,,5,Republican,House: 2025-Present,https://www.congress.gov/member/jeff-crank/C001137
"Crapo, Mike - Senator",,,,,,,Idaho,,,Republican,Senate: 1999-Present | House: 1993-1999,https://www.congress.gov/member/mike-crapo/C000880
"Crawford, Eric A. ""Rick"" - Representative",,,,,,,Arkansas,,1,Republican,House: 2011-Present,https://www.congress.gov/member/eric-crawford/C001087
"Crenshaw, Dan - Representative",,,,,,,Texas,,2,Republican,House: 2019-Present,https://www.congress.gov/member/dan-crenshaw/C001120
"Crockett, Jasmine - Representative",,,,,,,Texas,,30,Democratic,House: 2023-Present,https://www.congress.gov/member/jasmine-crockett/C001130
"Crow, Jason - Representative",,,,,,,Colorado,,6,Democratic,House: 2019-Present,https://www.congress.gov/member/jason-crow/C001121
"Cruz, Ted - Senator",,,,,,,Texas,,,Republican,Senate: 2013-Present,https://www.congress.gov/member/ted-cruz/C001098
"Cuellar, Henry - Representative",,,,,,,Texas,,28,Democratic,House: 2005-Present,https://www.congress.gov/member/henry-cuellar/C001063
"Curtis, John R. - Senator",,,,,,,Utah,,,Republican,Senate: 2025-Present | House: 2017-2025,https://www.congress.gov/member/john-curtis/C001114
"Daines, Steve - Senator",,,,,,,Montana,,,Republican,Senate: 2015-Present | House: 2013-2015,https://www.congress.gov/member/steve-daines/D000618
"Davids, Sharice - Representative",,,,,,,Kansas,,3,Democratic,House: 2019-Present,https://www.congress.gov/member/sharice-davids/D000629
"Davidson, Warren - Representative",,,,,,,Ohio,,8,Republican,House: 2016-Present,https://www.congress.gov/member/warren-davidson/D000626
"Davis, Danny K. - Representative",,,,,,,Illinois,,7,Democratic,House: 1997-Present,https://www.congress.gov/member/danny-davis/D000096
"Davis, Donald G. - Representative",,,,,,,North Carolina,,1,Democratic,House: 2023-Present,https://www.congress.gov/member/donald-davis/D000230
"De La Cruz, Monica - Representative",,,,,,,Texas,,15,Republican,House: 2023-Present,https://www.congress.gov/member/monica-de-la-cruz/D000594
"Dean, Madeleine - Representative",,,,,,,Pennsylvania,,4,Democratic,House: 2019-Present,https://www.congress.gov/member/madeleine-dean/D000631
"DeGette, Diana - Representative",,,,,,,Colorado,,1,Democratic,House: 1997-Present,https://www.congress.gov/member/diana-degette/D000197
"DeLauro, Rosa L. - Representative",,,,,,,Connecticut,,3,Democratic,House: 1991-Present,https://www.congress.gov/member/rosa-delauro/D000216
"DelBene, Suzan K. - Representative",,,,,,,Washington,,1,Democratic,House: 2012-Present,https://www.congress.gov/member/suzan-delbene/D000617
"Deluzio, Christopher R. - Representative",,,,,,,Pennsylvania,,17,Democratic,House: 2023-Present,https://www.congress.gov/member/christopher-deluzio/D000530
"DeSaulnier, Mark - Representative",,,,,,,California,,10,Democratic,House: 2015-Present,https://www.congress.gov/member/mark-desaulnier/D000623
"DesJarlais, Scott - Representative",,,,,,,Tennessee,,4,Republican,House: 2011-Present,https://www.congress.gov/member/scott-desjarlais/D000616
"Dexter, Maxine - Representative",,,,,,,Oregon,,3,Democratic,House: 2025-Present,https://www.congress.gov/member/maxine-dexter/D000635
"Diaz-Balart, Mario - Representative",,,,,,,Florida,,26,Republican,House: 2003-Present,https://www.congress.gov/member/mario-diaz-balart/D000600
"Dingell, Debbie - Representative",,,,,,,Michigan,,6,Democratic,House: 2015-Present,https://www.congress.gov/member/debbie-dingell/D000624
"Doggett, Lloyd - Representative",,,,,,,Texas,,37,Democratic,House: 1995-Present,https://www.congress.gov/member/lloyd-doggett/D000399
"Donalds, Byron - Representative",,,,,,,Florida,,19,Republican,House: 2021-Present,https://www.congress.gov/member/byron-donalds/D000032
"Downing, Troy - Representative",,,,,,,Montana,,2,Republican,House: 2025-Present,https://www.congress.gov/member/troy-downing/D000634
"Duckworth, Tammy - Senator",,,,,,,Illinois,,,Democratic,Senate: 2017-Present | House: 2013-2017,https://www.congress.gov/member/tammy-duckworth/D000622
"Dunn, Neal P. - Representative",,,,,,,Florida,,2,Republican,House: 2017-Present,https://www.congress.gov/member/neal-dunn/D000628
"Durbin, Richard J. - Senator",,,,,,,Illinois,,,Democratic,Senate: 1997-Present | House: 1983-1997,https://www.congress.gov/member/richard-durbin/D000563
"Edwards, Chuck - Representative",,,,,,,North Carolina,,11,Republican,House: 2023-Present,https://www.congress.gov/member/chuck-edwards/E000246
"Elfreth, Sarah - Representative",,,,,,,Maryland,,3,Democratic,House: 2025-Present,https://www.congress.gov/member/sarah-elfreth/E000301
"Ellzey, Jake - Representative",,,,,,,Texas,,6,Republican,House: 2021-Present,https://www.congress.gov/member/jake-ellzey/E000071
"Emmer, Tom - Representative",,,,,,,Minnesota,,6,Republican,House: 2015-Present,https://www.congress.gov/member/tom-emmer/E000294
"Ernst, Joni - Senator",,,,,,,Iowa,,,Republican,Senate: 2015-Present,https://www.congress.gov/member/joni-ernst/E000295
"Escobar, Veronica - Representative",,,,,,,Texas,,16,Democratic,House: 2019-Present,https://www.congress.gov/member/veronica-escobar/E000299
"Espaillat, Adriano - Representative",,,,,,,New York,,13,Democratic,House: 2017-Present,https://www.congress.gov/member/adriano-espaillat/E000297
"Estes, Ron - Representative",,,,,,,Kansas,,4,Republican,House: 2017-Present,https://www.congress.gov/member/ron-estes/E000298
"Evans, Dwight - Representative",,,,,,,Pennsylvania,,3,Democratic,House: 2016-Present,https://www.congress.gov/member/dwight-evans/E000296
"Evans, Gabe - Representative",,,,,,,Colorado,,8,Republican,House: 2025-Present,https://www.congress.gov/member/gabe-evans/E000300
"Ezell, Mike - Representative",,,,,,,Mississippi,,4,Republican,House: 2023-Present,https://www.congress.gov/member/mike-ezell/E000235
"Fallon, Pat - Representative",,,,,,,Texas,,4,Republican,House: 2021-Present,https://www.congress.gov/member/pat-fallon/F000246
"Fedorchak, Julie - Representative",,,,,,,North Dakota,,At Large,Republican,House: 2025-Present,https://www.congress.gov/member/julie-fedorchak/F000482
"Feenstra, Randy - Representative",,,,,,,Iowa,,4,Republican,House: 2021-Present,https://www.congress.gov/member/randy-feenstra/F000446
"Fetterman, John - Senator",,,,,,,Pennsylvania,,,Democratic,Senate: 2023-Present,https://www.congress.gov/member/john-fetterman/F000479
"Fields, Cleo - Representative",,,,,,,Louisiana,,6,Democratic,"House: 1993-1997, 2025-Present",https://www.congress.gov/member/cleo-fields/F000110
"Figures, Shomari - Representative",,,,,,,Alabama,,2,Democratic,House: 2025-Present,https://www.congress.gov/member/shomari-figures/F000481
"Fine, Randy - Representative",,,,,,,Florida,,6,Republican,House: 2025-Present,https://www.congress.gov/member/randy-fine/F000484
"Finstad, Brad - Representative",,,,,,,Minnesota,,1,Republican,House: 2022-Present,https://www.congress.gov/member/brad-finstad/F000475
"Fischbach, Michelle - Representative",,,,,,,Minnesota,,7,Republican,House: 2021-Present,https://www.congress.gov/member/michelle-fischbach/F000470
"Fischer, Deb - Senator",,,,,,,Nebraska,,,Republican,Senate: 2013-Present,https://www.congress.gov/member/deb-fischer/F000463
"Fitzgerald, Scott - Representative",,,,,,,Wisconsin,,5,Republican,House: 2021-Present,https://www.congress.gov/member/scott-fitzgerald/F000471
"Fitzpatrick, Brian K. - Representative",,,,,,,Pennsylvania,,1,Republican,House: 2017-Present,https://www.congress.gov/member/brian-fitzpatrick/F000466
"Fleischmann, Charles J. ""Chuck"" - Representative",,,,,,,Tennessee,,3,Republican,House: 2011-Present,https://www.congress.gov/member/charles-fleischmann/F000459
"Fletcher, Lizzie - Representative",,,,,,,Texas,,7,Democratic,House: 2019-Present,https://www.congress.gov/member/lizzie-fletcher/F000468
"Flood, Mike - Representative",,,,,,,Nebraska,,1,Republican,House: 2022-Present,https://www.congress.gov/member/mike-flood/F000474
"Fong, Vince - Representative",,,,,,,California,,20,Republican,House: 2024-Present,https://www.congress.gov/member/vince-fong/F000480
"Foster, Bill - Representative",,,,,,,Illinois,,11,Democratic,"House: 2008-2011, 2013-Present",https://www.congress.gov/member/bill-foster/F000454
"Foushee, Valerie P. - Representative",,,,,,,North Carolina,,4,Democratic,House: 2023-Present,https://www.congress.gov/member/valerie-foushee/F000477
"Foxx, Virginia - Representative",,,,,,,North Carolina,,5,Republican,House: 2005-Present,https://www.congress.gov/member/virginia-foxx/F000450
"Frankel, Lois - Representative",,,,,,,Florida,,22,Democratic,House: 2013-Present,https://www.congress.gov/member/lois-frankel/F000462
"Franklin, Scott - Representative",,,,,,,Florida,,18,Republican,House: 2021-Present,https://www.congress.gov/member/scott-franklin/F000472
"Friedman, Laura - Representative",,,,,,,California,,30,Democratic,House: 2025-Present,https://www.congress.gov/member/laura-friedman/F000483
"Frost, Maxwell - Representative",,,,,,,Florida,,10,Democratic,House: 2023-Present,https://www.congress.gov/member/maxwell-frost/F000476
"Fry, Russell - Representative",,,,,,,South Carolina,,7,Republican,House: 2023-Present,https://www.congress.gov/member/russell-fry/F000478
"Fulcher, Russ - Representative",,,,,,,Idaho,,1,Republican,House: 2019-Present,https://www.congress.gov/member/russ-fulcher/F000469
"Gallego, Ruben - Senator",,,,,,,Arizona,,,Democratic,Senate: 2025-Present | House: 2015-2025,https://www.congress.gov/member/ruben-gallego/G000574
"Garamendi, John - Representative",,,,,,,California,,8,Democratic,House: 2009-Present,https://www.congress.gov/member/john-garamendi/G000559
"Garbarino, Andrew R. - Representative",,,,,,,New York,,2,Republican,House: 2021-Present,https://www.congress.gov/member/andrew-garbarino/G000597
"Garc�a, Jes�s G. ""Chuy"" - Representative",,,,,,,Illinois,,4,Democratic,House: 2019-Present,https://www.congress.gov/member/jesus-garcia/G000586
"Garcia, Robert - Representative",,,,,,,California,,42,Democratic,House: 2023-Present,https://www.congress.gov/member/robert-garcia/G000598
"Garcia, Sylvia R. - Representative",,,,,,,Texas,,29,Democratic,House: 2019-Present,https://www.congress.gov/member/sylvia-garcia/G000587
"Gill, Brandon - Representative",,,,,,,Texas,,26,Republican,House: 2025-Present,https://www.congress.gov/member/brandon-gill/G000603
"Gillen, Laura - Representative",,,,,,,New York,,4,Democratic,House: 2025-Present,https://www.congress.gov/member/laura-gillen/G000602
"Gillibrand, Kirsten E. - Senator",,,,,,,New York,,,Democratic,Senate: 2009-Present | House: 2007-2009,https://www.congress.gov/member/kirsten-gillibrand/G000555
"Gimenez, Carlos A. - Representative",,,,,,,Florida,,28,Republican,House: 2021-Present,https://www.congress.gov/member/carlos-gimenez/G000593
"Golden, Jared F. - Representative",,,,,,,Maine,,2,Democratic,House: 2019-Present,https://www.congress.gov/member/jared-golden/G000592
"Goldman, Craig A. - Representative",,,,,,,Texas,,12,Republican,House: 2025-Present,https://www.congress.gov/member/craig-goldman/G000601
"Goldman, Daniel S. - Representative",,,,,,,New York,,10,Democratic,House: 2023-Present,https://www.congress.gov/member/daniel-goldman/G000599
"Gomez, Jimmy - Representative",,,,,,,California,,34,Democratic,House: 2017-Present,https://www.congress.gov/member/jimmy-gomez/G000585
"Gonzales, Tony - Representative",,,,,,,Texas,,23,Republican,House: 2021-Present,https://www.congress.gov/member/tony-gonzales/G000594
"Gonzalez, Vicente - Representative",,,,,,,Texas,,34,Democratic,House: 2017-Present,https://www.congress.gov/member/vicente-gonzalez/G000581
"Gooden, Lance - Representative",,,,,,,Texas,,5,Republican,House: 2019-Present,https://www.congress.gov/member/lance-gooden/G000589
"Goodlander, Maggie - Representative",,,,,,,New Hampshire,,2,Democratic,House: 2025-Present,https://www.congress.gov/member/maggie-goodlander/G000604
"Gosar, Paul A. - Representative",,,,,,,Arizona,,9,Republican,House: 2011-Present,https://www.congress.gov/member/paul-gosar/G000565
"Gottheimer, Josh - Representative",,,,,,,New Jersey,,5,Democratic,House: 2017-Present,https://www.congress.gov/member/josh-gottheimer/G000583
"Graham, Lindsey - Senator",,,,,,,South Carolina,,,Republican,Senate: 2003-Present | House: 1995-2003,https://www.congress.gov/member/lindsey-graham/G000359
"Grassley, Chuck - Senator",,,,,,,Iowa,,,Republican,Senate: 1981-Present | House: 1975-1981,https://www.congress.gov/member/chuck-grassley/G000386
"Graves, Sam - Representative",,,,,,,Missouri,,6,Republican,House: 2001-Present,https://www.congress.gov/member/sam-graves/G000546
"Gray, Adam - Representative",,,,,,,California,,13,Democratic,House: 2025-Present,https://www.congress.gov/member/adam-gray/G000605
"Green, Al - Representative",,,,,,,Texas,,9,Democratic,House: 2005-Present,https://www.congress.gov/member/al-green/G000553
"Green, Mark E. - Representative",,,,,,,Tennessee,,7,Republican,House: 2019-2025,https://www.congress.gov/member/mark-green/G000590
"Greene, Marjorie Taylor - Representative",,,,,,,Georgia,,14,Republican,House: 2021-Present,https://www.congress.gov/member/marjorie-greene/G000596
"Griffith, H. Morgan - Representative",,,,,,,Virginia,,9,Republican,House: 2011-Present,https://www.congress.gov/member/h-griffith/G000568
"Grijalva, Ra�l M. - Representative",,,,,,,Arizona,,7,Democratic,House: 2003-2025,https://www.congress.gov/member/raul-grijalva/G000551
"Grothman, Glenn - Representative",,,,,,,Wisconsin,,6,Republican,House: 2015-Present,https://www.congress.gov/member/glenn-grothman/G000576
"Guest, Michael - Representative",,,,,,,Mississippi,,3,Republican,House: 2019-Present,https://www.congress.gov/member/michael-guest/G000591
"Guthrie, Brett - Representative",,,,,,,Kentucky,,2,Republican,House: 2009-Present,https://www.congress.gov/member/brett-guthrie/G000558
"Hageman, Harriet M. - Representative",,,,,,,Wyoming,,At Large,Republican,House: 2023-Present,https://www.congress.gov/member/harriet-hageman/H001096
"Hagerty, Bill - Senator",,,,,,,Tennessee,,,Republican,Senate: 2021-Present,https://www.congress.gov/member/bill-hagerty/H000601
"Hamadeh, Abraham J. - Representative",,,,,,,Arizona,,8,Republican,House: 2025-Present,https://www.congress.gov/member/abraham-hamadeh/H001098
"Harder, Josh - Representative",,,,,,,California,,9,Democratic,House: 2019-Present,https://www.congress.gov/member/josh-harder/H001090
"Haridopolos, Mike - Representative",,,,,,,Florida,,8,Republican,House: 2025-Present,https://www.congress.gov/member/mike-haridopolos/H001099
"Harrigan, Pat - Representative",,,,,,,North Carolina,,10,Republican,House: 2025-Present,https://www.congress.gov/member/pat-harrigan/H001101
"Harris, Andy - Representative",,,,,,,Maryland,,1,Republican,House: 2011-Present,https://www.congress.gov/member/andy-harris/H001052
"Harris, Mark - Representative",,,,,,,North Carolina,,8,Republican,House: 2025-Present,https://www.congress.gov/member/mark-harris/H001102
"Harshbarger, Diana - Representative",,,,,,,Tennessee,,1,Republican,House: 2021-Present,https://www.congress.gov/member/diana-harshbarger/H001086
"Hassan, Margaret Wood - Senator",,,,,,,New Hampshire,,,Democratic,Senate: 2017-Present,https://www.congress.gov/member/maggie-hassan/H001076
"Hawley, Josh - Senator",,,,,,,Missouri,,,Republican,Senate: 2019-Present,https://www.congress.gov/member/josh-hawley/H001089
"Hayes, Jahana - Representative",,,,,,,Connecticut,,5,Democratic,House: 2019-Present,https://www.congress.gov/member/jahana-hayes/H001081
"Heinrich, Martin - Senator",,,,,,,New Mexico,,,Democratic,Senate: 2013-Present | House: 2009-2013,https://www.congress.gov/member/martin-heinrich/H001046
"Hern, Kevin - Representative",,,,,,,Oklahoma,,1,Republican,House: 2018-Present,https://www.congress.gov/member/kevin-hern/H001082
"Hern�ndez, Pablo Jose - Resident Commissioner",,,,,,,Puerto Rico,,At Large,Democratic,House: 2025-Present,https://www.congress.gov/member/pablo-hernandez/H001103
"Hickenlooper, John W. - Senator",,,,,,,Colorado,,,Democratic,Senate: 2021-Present,https://www.congress.gov/member/john-hickenlooper/H000273
"Higgins, Clay - Representative",,,,,,,Louisiana,,3,Republican,House: 2017-Present,https://www.congress.gov/member/clay-higgins/H001077
"Hill, J. French - Representative",,,,,,,Arkansas,,2,Republican,House: 2015-Present,https://www.congress.gov/member/j-hill/H001072
"Himes, James A. - Representative",,,,,,,Connecticut,,4,Democratic,House: 2009-Present,https://www.congress.gov/member/james-himes/H001047
"Hinson, Ashley - Representative",,,,,,,Iowa,,2,Republican,House: 2021-Present,https://www.congress.gov/member/ashley-hinson/H001091
"Hirono, Mazie K. - Senator",,,,,,,Hawaii,,,Democratic,Senate: 2013-Present | House: 2007-2013,https://www.congress.gov/member/mazie-hirono/H001042
"Hoeven, John - Senator",,,,,,,North Dakota,,,Republican,Senate: 2011-Present,https://www.congress.gov/member/john-hoeven/H001061
"Horsford, Steven - Representative",,,,,,,Nevada,,4,Democratic,"House: 2013-2015, 2019-Present",https://www.congress.gov/member/steven-horsford/H001066
"Houchin, Erin - Representative",,,,,,,Indiana,,9,Republican,House: 2023-Present,https://www.congress.gov/member/erin-houchin/H001093
"Houlahan, Chrissy - Representative",,,,,,,Pennsylvania,,6,Democratic,House: 2019-Present,https://www.congress.gov/member/chrissy-houlahan/H001085
"Hoyer, Steny H. - Representative",,,,,,,Maryland,,5,Democratic,House: 1981-Present,https://www.congress.gov/member/steny-hoyer/H000874
"Hoyle, Val T. - Representative",,,,,,,Oregon,,4,Democratic,House: 2023-Present,https://www.congress.gov/member/val-hoyle/H001094
"Hudson, Richard - Representative",,,,,,,North Carolina,,9,Republican,House: 2013-Present,https://www.congress.gov/member/richard-hudson/H001067
"Huffman, Jared - Representative",,,,,,,California,,2,Democratic,House: 2013-Present,https://www.congress.gov/member/jared-huffman/H001068
"Huizenga, Bill - Representative",,,,,,,Michigan,,4,Republican,House: 2011-Present,https://www.congress.gov/member/bill-huizenga/H001058
"Hunt, Wesley - Representative",,,,,,,Texas,,38,Republican,House: 2023-Present,https://www.congress.gov/member/wesley-hunt/H001095
"Hurd, Jeff - Representative",,,,,,,Colorado,,3,Republican,House: 2025-Present,https://www.congress.gov/member/jeff-hurd/H001100
"Husted, Jon - Senator",,,,,,,Ohio,,,Republican,Senate: 2025-Present,https://www.congress.gov/member/jon-husted/H001104
"Hyde-Smith, Cindy - Senator",,,,,,,Mississippi,,,Republican,Senate: 2018-Present,https://www.congress.gov/member/cindy-hyde-smith/H001079
"Issa, Darrell - Representative",,,,,,,California,,48,Republican,"House: 2001-2019, 2021-Present",https://www.congress.gov/member/darrell-issa/I000056
"Ivey, Glenn - Representative",,,,,,,Maryland,,4,Democratic,House: 2023-Present,https://www.congress.gov/member/glenn-ivey/I000058
"Jack, Brian - Representative",,,,,,,Georgia,,3,Republican,House: 2025-Present,https://www.congress.gov/member/brian-jack/J000311
"Jackson, Jonathan L. - Representative",,,,,,,Illinois,,1,Democratic,House: 2023-Present,https://www.congress.gov/member/jonathan-jackson/J000309
"Jackson, Ronny - Representative",,,,,,,Texas,,13,Republican,House: 2021-Present,https://www.congress.gov/member/ronny-jackson/J000304
"Jacobs, Sara - Representative",,,,,,,California,,51,Democratic,House: 2021-Present,https://www.congress.gov/member/sara-jacobs/J000305
"James, John - Representative",,,,,,,Michigan,,10,Republican,House: 2023-Present,https://www.congress.gov/member/john-james/J000307
"Jayapal, Pramila - Representative",,,,,,,Washington,,7,Democratic,House: 2017-Present,https://www.congress.gov/member/pramila-jayapal/J000298
"Jeffries, Hakeem S. - Representative",,,,,,,New York,,8,Democratic,House: 2013-Present,https://www.congress.gov/member/hakeem-jeffries/J000294
"Johnson, Dusty - Representative",,,,,,,South Dakota,,At Large,Republican,House: 2019-Present,https://www.congress.gov/member/dusty-johnson/J000301
"Johnson, Henry C. ""Hank"" - Representative",,,,,,,Georgia,,4,Democratic,House: 2007-Present,https://www.congress.gov/member/henry-johnson/J000288
"Johnson, Julie - Representative",,,,,,,Texas,,32,Democratic,House: 2025-Present,https://www.congress.gov/member/julie-johnson/J000310
"Johnson, Mike - Representative",,,,,,,Louisiana,,4,Republican,House: 2017-Present,https://www.congress.gov/member/mike-johnson/J000299
"Johnson, Ron - Senator",,,,,,,Wisconsin,,,Republican,Senate: 2011-Present,https://www.congress.gov/member/ron-johnson/J000293
"Jordan, Jim - Representative",,,,,,,Ohio,,4,Republican,House: 2007-Present,https://www.congress.gov/member/jim-jordan/J000289
"Joyce, David P. - Representative",,,,,,,Ohio,,14,Republican,House: 2013-Present,https://www.congress.gov/member/david-joyce/J000295
"Joyce, John - Representative",,,,,,,Pennsylvania,,13,Republican,House: 2019-Present,https://www.congress.gov/member/john-joyce/J000302
"Justice, James C. - Senator",,,,,,,West Virginia,,,Republican,Senate: 2025-Present,https://www.congress.gov/member/james-justice/J000312
"Kaine, Tim - Senator",,,,,,,Virginia,,,Democratic,Senate: 2013-Present,https://www.congress.gov/member/timothy-kaine/K000384
"Kamlager-Dove, Sydney - Representative",,,,,,,California,,37,Democratic,House: 2023-Present,https://www.congress.gov/member/sydney-kamlager-dove/K000400
"Kaptur, Marcy - Representative",,,,,,,Ohio,,9,Democratic,House: 1983-Present,https://www.congress.gov/member/marcy-kaptur/K000009
"Kean, Thomas H. - Representative",,,,,,,New Jersey,,7,Republican,House: 2023-Present,https://www.congress.gov/member/thomas-kean/K000398
"Keating, William R. - Representative",,,,,,,Massachusetts,,9,Democratic,House: 2011-Present,https://www.congress.gov/member/william-keating/K000375
"Kelly, Mark - Senator",,,,,,,Arizona,,,Democratic,Senate: 2020-Present,https://www.congress.gov/member/mark-kelly/K000377
"Kelly, Mike - Representative",,,,,,,Pennsylvania,,16,Republican,House: 2011-Present,https://www.congress.gov/member/mike-kelly/K000376
"Kelly, Robin L. - Representative",,,,,,,Illinois,,2,Democratic,House: 2013-Present,https://www.congress.gov/member/robin-kelly/K000385
"Kelly, Trent - Representative",,,,,,,Mississippi,,1,Republican,House: 2015-Present,https://www.congress.gov/member/trent-kelly/K000388
"Kennedy, John - Senator",,,,,,,Louisiana,,,Republican,Senate: 2017-Present,https://www.congress.gov/member/john-kennedy/K000393
"Kennedy, Mike - Representative",,,,,,,Utah,,3,Republican,House: 2025-Present,https://www.congress.gov/member/mike-kennedy/K000403
"Kennedy, Timothy M. - Representative",,,,,,,New York,,26,Democratic,House: 2024-Present,https://www.congress.gov/member/timothy-kennedy/K000402
"Khanna, Ro - Representative",,,,,,,California,,17,Democratic,House: 2017-Present,https://www.congress.gov/member/ro-khanna/K000389
"Kiggans, Jennifer A. - Representative",,,,,,,Virginia,,2,Republican,House: 2023-Present,https://www.congress.gov/member/jennifer-kiggans/K000399
"Kiley, Kevin - Representative",,,,,,,California,,3,Republican,House: 2023-Present,https://www.congress.gov/member/kevin-kiley/K000401
"Kim, Andy - Senator",,,,,,,New Jersey,,,Democratic,Senate: 2024-Present | House: 2019-2024,https://www.congress.gov/member/andy-kim/K000394
"Kim, Young - Representative",,,,,,,California,,40,Republican,House: 2021-Present,https://www.congress.gov/member/young-kim/K000397
"King, Angus S., Jr. - Senator",,,,,,,Maine,,,Independent,Senate: 2013-Present,https://www.congress.gov/member/angus-king/K000383
"King-Hinds, Kimberlyn - Delegate",,,,,,,Northern Mariana Islands,,At Large,Republican,House: 2025-Present,https://www.congress.gov/member/kimberlyn-king-hinds/K000404
"Klobuchar, Amy - Senator",,,,,,,Minnesota,,,Democratic,Senate: 2007-Present,https://www.congress.gov/member/amy-klobuchar/K000367
"Knott, Brad - Representative",,,,,,,North Carolina,,13,Republican,House: 2025-Present,https://www.congress.gov/member/brad-knott/K000405
"Krishnamoorthi, Raja - Representative",,,,,,,Illinois,,8,Democratic,House: 2017-Present,https://www.congress.gov/member/raja-krishnamoorthi/K000391
"Kustoff, David - Representative",,,,,,,Tennessee,,8,Republican,House: 2017-Present,https://www.congress.gov/member/david-kustoff/K000392
"LaHood, Darin - Representative",,,,,,,Illinois,,16,Republican,House: 2015-Present,https://www.congress.gov/member/darin-lahood/L000585
"LaLota, Nick - Representative",,,,,,,New York,,1,Republican,House: 2023-Present,https://www.congress.gov/member/nick-lalota/L000598
"LaMalfa, Doug - Representative",,,,,,,California,,1,Republican,House: 2013-Present,https://www.congress.gov/member/doug-lamalfa/L000578
"Landsman, Greg - Representative",,,,,,,Ohio,,1,Democratic,House: 2023-Present,https://www.congress.gov/member/greg-landsman/L000601
"Langworthy, Nicholas A. - Representative",,,,,,,New York,,23,Republican,House: 2023-Present,https://www.congress.gov/member/nicholas-langworthy/L000600
"Lankford, James - Senator",,,,,,,Oklahoma,,,Republican,Senate: 2015-Present | House: 2011-2015,https://www.congress.gov/member/james-lankford/L000575
"Larsen, Rick - Representative",,,,,,,Washington,,2,Democratic,House: 2001-Present,https://www.congress.gov/member/rick-larsen/L000560
"Larson, John B. - Representative",,,,,,,Connecticut,,1,Democratic,House: 1999-Present,https://www.congress.gov/member/john-larson/L000557
"Latimer, George - Representative",,,,,,,New York,,16,Democratic,House: 2025-Present,https://www.congress.gov/member/george-latimer/L000606
"Latta, Robert E. - Representative",,,,,,,Ohio,,5,Republican,House: 2007-Present,https://www.congress.gov/member/robert-latta/L000566
"Lawler, Michael - Representative",,,,,,,New York,,17,Republican,House: 2023-Present,https://www.congress.gov/member/michael-lawler/L000599
"Lee, Laurel M. - Representative",,,,,,,Florida,,15,Republican,House: 2023-Present,https://www.congress.gov/member/laurel-lee/L000597
"Lee, Mike - Senator",,,,,,,Utah,,,Republican,Senate: 2011-Present,https://www.congress.gov/member/mike-lee/L000577
"Lee, Summer L. - Representative",,,,,,,Pennsylvania,,12,Democratic,House: 2023-Present,https://www.congress.gov/member/summer-lee/L000602
"Lee, Susie - Representative",,,,,,,Nevada,,3,Democratic,House: 2019-Present,https://www.congress.gov/member/susie-lee/L000590
"Leger Fernandez, Teresa - Representative",,,,,,,New Mexico,,3,Democratic,House: 2021-Present,https://www.congress.gov/member/teresa-leger-fernandez/L000273
"Letlow, Julia - Representative",,,,,,,Louisiana,,5,Republican,House: 2021-Present,https://www.congress.gov/member/julia-letlow/L000595
"Levin, Mike - Representative",,,,,,,California,,49,Democratic,House: 2019-Present,https://www.congress.gov/member/mike-levin/L000593
"Liccardo, Sam T. - Representative",,,,,,,California,,16,Democratic,House: 2025-Present,https://www.congress.gov/member/sam-liccardo/L000607
"Lieu, Ted - Representative",,,,,,,California,,36,Democratic,House: 2015-Present,https://www.congress.gov/member/ted-lieu/L000582
"Lofgren, Zoe - Representative",,,,,,,California,,18,Democratic,House: 1995-Present,https://www.congress.gov/member/zoe-lofgren/L000397
"Loudermilk, Barry - Representative",,,,,,,Georgia,,11,Republican,House: 2015-Present,https://www.congress.gov/member/barry-loudermilk/L000583
"Lucas, Frank D. - Representative",,,,,,,Oklahoma,,3,Republican,House: 1993-Present,https://www.congress.gov/member/frank-lucas/L000491
"Luj�n, Ben Ray - Senator",,,,,,,New Mexico,,,Democratic,Senate: 2021-Present | House: 2009-2021,https://www.congress.gov/member/ben-lujan/L000570
"Lummis, Cynthia M. - Senator",,,,,,,Wyoming,,,Republican,Senate: 2021-Present | House: 2009-2017,https://www.congress.gov/member/cynthia-lummis/L000571
"Luna, Anna Paulina - Representative",,,,,,,Florida,,13,Republican,House: 2023-Present,https://www.congress.gov/member/anna-paulina-luna/L000596
"Luttrell, Morgan - Representative",,,,,,,Texas,,8,Republican,House: 2023-Present,https://www.congress.gov/member/morgan-luttrell/L000603
"Lynch, Stephen F. - Representative",,,,,,,Massachusetts,,8,Democratic,House: 2001-Present,https://www.congress.gov/member/stephen-lynch/L000562
"Mace, Nancy - Representative",,,,,,,South Carolina,,1,Republican,House: 2021-Present,https://www.congress.gov/member/nancy-mace/M000194
"Mackenzie, Ryan - Representative",,,,,,,Pennsylvania,,7,Republican,House: 2025-Present,https://www.congress.gov/member/ryan-mackenzie/M001230
"Magaziner, Seth - Representative",,,,,,,Rhode Island,,2,Democratic,House: 2023-Present,https://www.congress.gov/member/seth-magaziner/M001223
"Malliotakis, Nicole - Representative",,,,,,,New York,,11,Republican,House: 2021-Present,https://www.congress.gov/member/nicole-malliotakis/M000317
"Maloy, Celeste - Representative",,,,,,,Utah,,2,Republican,House: 2023-Present,https://www.congress.gov/member/celeste-maloy/M001228
"Mann, Tracey - Representative",,,,,,,Kansas,,1,Republican,House: 2021-Present,https://www.congress.gov/member/tracey-mann/M000871
"Mannion, John W. - Representative",,,,,,,New York,,22,Democratic,House: 2025-Present,https://www.congress.gov/member/john-mannion/M001231
"Markey, Edward J. - Senator",,,,,,,Massachusetts,,,Democratic,Senate: 2013-Present | House: 1977-2013,https://www.congress.gov/member/edward-markey/M000133
"Marshall, Roger - Senator",,,,,,,Kansas,,,Republican,Senate: 2021-Present | House: 2017-2021,https://www.congress.gov/member/roger-marshall/M001198
"Massie, Thomas - Representative",,,,,,,Kentucky,,4,Republican,House: 2012-Present,https://www.congress.gov/member/thomas-massie/M001184
"Mast, Brian J. - Representative",,,,,,,Florida,,21,Republican,House: 2017-Present,https://www.congress.gov/member/brian-mast/M001199
"Matsui, Doris O. - Representative",,,,,,,California,,7,Democratic,House: 2005-Present,https://www.congress.gov/member/doris-matsui/M001163
"McBath, Lucy - Representative",,,,,,,Georgia,,6,Democratic,House: 2019-Present,https://www.congress.gov/member/lucy-mcbath/M001208
"McBride, Sarah - Representative",,,,,,,Delaware,,At Large,Democratic,House: 2025-Present,https://www.congress.gov/member/sarah-mcbride/M001238
"McCaul, Michael T. - Representative",,,,,,,Texas,,10,Republican,House: 2005-Present,https://www.congress.gov/member/michael-mccaul/M001157
"McClain Delaney, April - Representative",,,,,,,Maryland,,6,Democratic,House: 2025-Present,https://www.congress.gov/member/april-mcclain-delaney/M001232
"McClain, Lisa C. - Representative",,,,,,,Michigan,,9,Republican,House: 2021-Present,https://www.congress.gov/member/lisa-mcclain/M001136
"McClellan, Jennifer L. - Representative",,,,,,,Virginia,,4,Democratic,House: 2023-Present,https://www.congress.gov/member/jennifer-mcclellan/M001227
"McClintock, Tom - Representative",,,,,,,California,,5,Republican,House: 2009-Present,https://www.congress.gov/member/tom-mcclintock/M001177
"McCollum, Betty - Representative",,,,,,,Minnesota,,4,Democratic,House: 2001-Present,https://www.congress.gov/member/betty-mccollum/M001143
"McConnell, Mitch - Senator",,,,,,,Kentucky,,,Republican,Senate: 1985-Present,https://www.congress.gov/member/mitch-mcconnell/M000355
"McCormick, David - Senator",,,,,,,Pennsylvania,,,Republican,Senate: 2025-Present,https://www.congress.gov/member/david-mccormick/M001243
"McCormick, Richard - Representative",,,,,,,Georgia,,7,Republican,House: 2023-Present,https://www.congress.gov/member/richard-mccormick/M001218
"McDonald Rivet, Kristen - Representative",,,,,,,Michigan,,8,Democratic,House: 2025-Present,https://www.congress.gov/member/kristen-mcdonald-rivet/M001237
"McDowell, Addison P. - Representative",,,,,,,North Carolina,,6,Republican,House: 2025-Present,https://www.congress.gov/member/addison-mcdowell/M001240
"McGarvey, Morgan - Representative",,,,,,,Kentucky,,3,Democratic,House: 2023-Present,https://www.congress.gov/member/morgan-mcgarvey/M001220
"McGovern, James P. - Representative",,,,,,,Massachusetts,,2,Democratic,House: 1997-Present,https://www.congress.gov/member/james-mcgovern/M000312
"McGuire, John J. - Representative",,,,,,,Virginia,,5,Republican,House: 2025-Present,https://www.congress.gov/member/john-mcguire/M001239
"McIver, LaMonica - Representative",,,,,,,New Jersey,,10,Democratic,House: 2024-Present,https://www.congress.gov/member/lamonica-mciver/M001229
"Meeks, Gregory W. - Representative",,,,,,,New York,,5,Democratic,House: 1997-Present,https://www.congress.gov/member/gregory-meeks/M001137
"Menendez, Robert - Representative",,,,,,,New Jersey,,8,Democratic,House: 2023-Present,https://www.congress.gov/member/robert-menendez/M001226
"Meng, Grace - Representative",,,,,,,New York,,6,Democratic,House: 2013-Present,https://www.congress.gov/member/grace-meng/M001188
"Merkley, Jeff - Senator",,,,,,,Oregon,,,Democratic,Senate: 2009-Present,https://www.congress.gov/member/jeff-merkley/M001176
"Messmer, Mark B. - Representative",,,,,,,Indiana,,8,Republican,House: 2025-Present,https://www.congress.gov/member/mark-messmer/M001233
"Meuser, Daniel - Representative",,,,,,,Pennsylvania,,9,Republican,House: 2019-Present,https://www.congress.gov/member/daniel-meuser/M001204
"Mfume, Kweisi - Representative",,,,,,,Maryland,,7,Democratic,"House: 1987-1997, 2020-Present",https://www.congress.gov/member/kweisi-mfume/M000687
"Miller, Carol D. - Representative",,,,,,,West Virginia,,1,Republican,House: 2019-Present,https://www.congress.gov/member/carol-miller/M001205
"Miller, Mary E. - Representative",,,,,,,Illinois,,15,Republican,House: 2021-Present,https://www.congress.gov/member/mary-miller/M001211
"Miller, Max L. - Representative",,,,,,,Ohio,,7,Republican,House: 2023-Present,https://www.congress.gov/member/max-miller/M001222
"Miller-Meeks, Mariannette - Representative",,,,,,,Iowa,,1,Republican,House: 2021-Present,https://www.congress.gov/member/mariannette-miller-meeks/M001215
"Mills, Cory - Representative",,,,,,,Florida,,7,Republican,House: 2023-Present,https://www.congress.gov/member/cory-mills/M001216
"Min, Dave - Representative",,,,,,,California,,47,Democratic,House: 2025-Present,https://www.congress.gov/member/dave-min/M001241
"Moody, Ashley - Senator",,,,,,,Florida,,,Republican,Senate: 2025-Present,https://www.congress.gov/member/ashley-moody/M001244
"Moolenaar, John R. - Representative",,,,,,,Michigan,,2,Republican,House: 2015-Present,https://www.congress.gov/member/john-moolenaar/M001194
"Moore, Barry - Representative",,,,,,,Alabama,,1,Republican,House: 2021-Present,https://www.congress.gov/member/barry-moore/M001212
"Moore, Blake D. - Representative",,,,,,,Utah,,1,Republican,House: 2021-Present,https://www.congress.gov/member/blake-moore/M001213
"Moore, Gwen - Representative",,,,,,,Wisconsin,,4,Democratic,House: 2005-Present,https://www.congress.gov/member/gwen-moore/M001160
"Moore, Riley M. - Representative",,,,,,,West Virginia,,2,Republican,House: 2025-Present,https://www.congress.gov/member/riley-moore/M001235
"Moore, Tim - Representative",,,,,,,North Carolina,,14,Republican,House: 2025-Present,https://www.congress.gov/member/tim-moore/M001236
"Moran, Jerry - Senator",,,,,,,Kansas,,,Republican,Senate: 2011-Present | House: 1997-2011,https://www.congress.gov/member/jerry-moran/M000934
"Moran, Nathaniel - Representative",,,,,,,Texas,,1,Republican,House: 2023-Present,https://www.congress.gov/member/nathaniel-moran/M001224
"Morelle, Joseph D. - Representative",,,,,,,New York,,25,Democratic,House: 2018-Present,https://www.congress.gov/member/joseph-morelle/M001206
"Moreno, Bernie - Senator",,,,,,,Ohio,,,Republican,Senate: 2025-Present,https://www.congress.gov/member/bernie-moreno/M001242
"Morrison, Kelly - Representative",,,,,,,Minnesota,,3,Democratic,House: 2025-Present,https://www.congress.gov/member/kelly-morrison/M001234
"Moskowitz, Jared - Representative",,,,,,,Florida,,23,Democratic,House: 2023-Present,https://www.congress.gov/member/jared-moskowitz/M001217
"Moulton, Seth - Representative",,,,,,,Massachusetts,,6,Democratic,House: 2015-Present,https://www.congress.gov/member/seth-moulton/M001196
"Moylan, James C. - Delegate",,,,,,,Guam,,At Large,Republican,House: 2023-Present,https://www.congress.gov/member/james-moylan/M001219
"Mrvan, Frank J. - Representative",,,,,,,Indiana,,1,Democratic,House: 2021-Present,https://www.congress.gov/member/frank-mrvan/M001214
"Mullin, Kevin - Representative",,,,,,,California,,15,Democratic,House: 2023-Present,https://www.congress.gov/member/kevin-mullin/M001225
"Mullin, Markwayne - Senator",,,,,,,Oklahoma,,,Republican,Senate: 2023-Present | House: 2013-2023,https://www.congress.gov/member/markwayne-mullin/M001190
"Murkowski, Lisa - Senator",,,,,,,Alaska,,,Republican,Senate: 2002-Present,https://www.congress.gov/member/lisa-murkowski/M001153
"Murphy, Christopher - Senator",,,,,,,Connecticut,,,Democratic,Senate: 2013-Present | House: 2007-2013,https://www.congress.gov/member/christopher-murphy/M001169
"Murphy, Gregory F. - Representative",,,,,,,North Carolina,,3,Republican,House: 2019-Present,https://www.congress.gov/member/gregory-murphy/M001210
"Murray, Patty - Senator",,,,,,,Washington,,,Democratic,Senate: 1993-Present,https://www.congress.gov/member/patty-murray/M001111
"Nadler, Jerrold - Representative",,,,,,,New York,,12,Democratic,House: 1991-Present,https://www.congress.gov/member/jerrold-nadler/N000002
"Neal, Richard E. - Representative",,,,,,,Massachusetts,,1,Democratic,House: 1989-Present,https://www.congress.gov/member/richard-neal/N000015
"Neguse, Joe - Representative",,,,,,,Colorado,,2,Democratic,House: 2019-Present,https://www.congress.gov/member/joe-neguse/N000191
"Nehls, Troy E. - Representative",,,,,,,Texas,,22,Republican,House: 2021-Present,https://www.congress.gov/member/troy-nehls/N000026
"Newhouse, Dan - Representative",,,,,,,Washington,,4,Republican,House: 2015-Present,https://www.congress.gov/member/dan-newhouse/N000189
"Norcross, Donald - Representative",,,,,,,New Jersey,,1,Democratic,House: 2014-Present,https://www.congress.gov/member/donald-norcross/N000188
"Norman, Ralph - Representative",,,,,,,South Carolina,,5,Republican,House: 2017-Present,https://www.congress.gov/member/ralph-norman/N000190
"Norton, Eleanor Holmes - Delegate",,,,,,,District of Columbia,,At Large,Democratic,House: 1991-Present,https://www.congress.gov/member/eleanor-norton/N000147
"Nunn, Zachary - Representative",,,,,,,Iowa,,3,Republican,House: 2023-Present,https://www.congress.gov/member/zachary-nunn/N000193
"Obernolte, Jay - Representative",,,,,,,California,,23,Republican,House: 2021-Present,https://www.congress.gov/member/jay-obernolte/O000019
"Ocasio-Cortez, Alexandria - Representative",,,,,,,New York,,14,Democratic,House: 2019-Present,https://www.congress.gov/member/alexandria-ocasio-cortez/O000172
"Ogles, Andrew - Representative",,,,,,,Tennessee,,5,Republican,House: 2023-Present,https://www.congress.gov/member/andrew-ogles/O000175
"Olszewski, Johnny - Representative",,,,,,,Maryland,,2,Democratic,House: 2025-Present,https://www.congress.gov/member/johnny-olszewski/O000176
"Omar, Ilhan - Representative",,,,,,,Minnesota,,5,Democratic,House: 2019-Present,https://www.congress.gov/member/ilhan-omar/O000173
"Onder, Robert F. - Representative",,,,,,,Missouri,,3,Republican,House: 2025-Present,https://www.congress.gov/member/robert-onder/O000177
"Ossoff, Jon - Senator",,,,,,,Georgia,,,Democratic,Senate: 2021-Present,https://www.congress.gov/member/jon-ossoff/O000174
"Owens, Burgess - Representative",,,,,,,Utah,,4,Republican,House: 2021-Present,https://www.congress.gov/member/burgess-owens/O000086
"Padilla, Alex - Senator",,,,,,,California,,,Democratic,Senate: 2021-Present,https://www.congress.gov/member/alex-padilla/P000145
"Pallone, Frank - Representative",,,,,,,New Jersey,,6,Democratic,House: 1987-Present,https://www.congress.gov/member/frank-pallone/P000034
"Palmer, Gary J. - Representative",,,,,,,Alabama,,6,Republican,House: 2015-Present,https://www.congress.gov/member/gary-palmer/P000609
"Panetta, Jimmy - Representative",,,,,,,California,,19,Democratic,House: 2017-Present,https://www.congress.gov/member/jimmy-panetta/P000613
"Pappas, Chris - Representative",,,,,,,New Hampshire,,1,Democratic,House: 2019-Present,https://www.congress.gov/member/chris-pappas/P000614
"Patronis, Jimmy - Representative",,,,,,,Florida,,1,Republican,House: 2025-Present,https://www.congress.gov/member/jimmy-patronis/P000622
"Paul, Rand - Senator",,,,,,,Kentucky,,,Republican,Senate: 2011-Present,https://www.congress.gov/member/rand-paul/P000603
"Pelosi, Nancy - Representative",,,,,,,California,,11,Democratic,House: 1987-Present,https://www.congress.gov/member/nancy-pelosi/P000197
"Perez, Marie Gluesenkamp - Representative",,,,,,,Washington,,3,Democratic,House: 2023-Present,https://www.congress.gov/member/marie-perez/G000600
"Perry, Scott - Representative",,,,,,,Pennsylvania,,10,Republican,House: 2013-Present,https://www.congress.gov/member/scott-perry/P000605
"Peters, Gary C. - Senator",,,,,,,Michigan,,,Democratic,Senate: 2015-Present | House: 2009-2015,https://www.congress.gov/member/gary-peters/P000595
"Peters, Scott H. - Representative",,,,,,,California,,50,Democratic,House: 2013-Present,https://www.congress.gov/member/scott-peters/P000608
"Pettersen, Brittany - Representative",,,,,,,Colorado,,7,Democratic,House: 2023-Present,https://www.congress.gov/member/brittany-pettersen/P000620
"Pfluger, August - Representative",,,,,,,Texas,,11,Republican,House: 2021-Present,https://www.congress.gov/member/august-pfluger/P000048
"Pingree, Chellie - Representative",,,,,,,Maine,,1,Democratic,House: 2009-Present,https://www.congress.gov/member/chellie-pingree/P000597
"Plaskett, Stacey E. - Delegate",,,,,,,Virgin Islands,,At Large,Democratic,House: 2015-Present,https://www.congress.gov/member/stacey-plaskett/P000610
"Pocan, Mark - Representative",,,,,,,Wisconsin,,2,Democratic,House: 2013-Present,https://www.congress.gov/member/mark-pocan/P000607
"Pou, Nellie - Representative",,,,,,,New Jersey,,9,Democratic,House: 2025-Present,https://www.congress.gov/member/nellie-pou/P000621
"Pressley, Ayanna - Representative",,,,,,,Massachusetts,,7,Democratic,House: 2019-Present,https://www.congress.gov/member/ayanna-pressley/P000617
"Quigley, Mike - Representative",,,,,,,Illinois,,5,Democratic,House: 2009-Present,https://www.congress.gov/member/mike-quigley/Q000023
"Radewagen, Aumua Amata Coleman - Delegate",,,,,,,American Samoa,,At Large,Republican,House: 2015-Present,https://www.congress.gov/member/aumua-amata-radewagen/R000600
"Ramirez, Delia C. - Representative",,,,,,,Illinois,,3,Democratic,House: 2023-Present,https://www.congress.gov/member/delia-ramirez/R000617
"Randall, Emily - Representative",,,,,,,Washington,,6,Democratic,House: 2025-Present,https://www.congress.gov/member/emily-randall/R000621
"Raskin, Jamie - Representative",,,,,,,Maryland,,8,Democratic,House: 2017-Present,https://www.congress.gov/member/jamie-raskin/R000606
"Reed, Jack - Senator",,,,,,,Rhode Island,,,Democratic,Senate: 1997-Present | House: 1991-1997,https://www.congress.gov/member/john-reed/R000122
"Reschenthaler, Guy - Representative",,,,,,,Pennsylvania,,14,Republican,House: 2019-Present,https://www.congress.gov/member/guy-reschenthaler/R000610
"Ricketts, Pete - Senator",,,,,,,Nebraska,,,Republican,Senate: 2023-Present,https://www.congress.gov/member/pete-ricketts/R000618
"Riley, Josh - Representative",,,,,,,New York,,19,Democratic,House: 2025-Present,https://www.congress.gov/member/josh-riley/R000622
"Risch, James E. - Senator",,,,,,,Idaho,,,Republican,Senate: 2009-Present,https://www.congress.gov/member/james-risch/R000584
"Rivas, Luz M. - Representative",,,,,,,California,,29,Democratic,House: 2025-Present,https://www.congress.gov/member/luz-rivas/R000620
"Rogers, Harold - Representative",,,,,,,Kentucky,,5,Republican,House: 1981-Present,https://www.congress.gov/member/harold-rogers/R000395
"Rogers, Mike D. - Representative",,,,,,,Alabama,,3,Republican,House: 2003-Present,https://www.congress.gov/member/mike-rogers/R000575
"Rose, John W. - Representative",,,,,,,Tennessee,,6,Republican,House: 2019-Present,https://www.congress.gov/member/john-rose/R000612
"Rosen, Jacky - Senator",,,,,,,Nevada,,,Democratic,Senate: 2019-Present | House: 2017-2019,https://www.congress.gov/member/jacky-rosen/R000608
"Ross, Deborah K. - Representative",,,,,,,North Carolina,,2,Democratic,House: 2021-Present,https://www.congress.gov/member/deborah-ross/R000305
"Rounds, Mike - Senator",,,,,,,South Dakota,,,Republican,Senate: 2015-Present,https://www.congress.gov/member/mike-rounds/R000605
"Rouzer, David - Representative",,,,,,,North Carolina,,7,Republican,House: 2015-Present,https://www.congress.gov/member/david-rouzer/R000603
"Roy, Chip - Representative",,,,,,,Texas,,21,Republican,House: 2019-Present,https://www.congress.gov/member/chip-roy/R000614
"Rubio, Marco - Senator",,,,,,,Florida,,,Republican,Senate: 2011-2025,https://www.congress.gov/member/marco-rubio/R000595
"Ruiz, Raul - Representative",,,,,,,California,,25,Democratic,House: 2013-Present,https://www.congress.gov/member/raul-ruiz/R000599
"Rulli, Michael A. - Representative",,,,,,,Ohio,,6,Republican,House: 2024-Present,https://www.congress.gov/member/michael-rulli/R000619
"Rutherford, John H. - Representative",,,,,,,Florida,,5,Republican,House: 2017-Present,https://www.congress.gov/member/john-rutherford/R000609
"Ryan, Patrick - Representative",,,,,,,New York,,18,Democratic,House: 2022-Present,https://www.congress.gov/member/patrick-ryan/R000579
"Salazar, Maria Elvira - Representative",,,,,,,Florida,,27,Republican,House: 2021-Present,https://www.congress.gov/member/maria-salazar/S000168
"Salinas, Andrea - Representative",,,,,,,Oregon,,6,Democratic,House: 2023-Present,https://www.congress.gov/member/andrea-salinas/S001226
"S�nchez, Linda T. - Representative",,,,,,,California,,38,Democratic,House: 2003-Present,https://www.congress.gov/member/linda-sanchez/S001156
"Sanders, Bernard - Senator",,,,,,,Vermont,,,Independent,Senate: 2007-Present | House: 1991-2007,https://www.congress.gov/member/bernie-sanders/S000033
"Scalise, Steve - Representative",,,,,,,Louisiana,,1,Republican,House: 2008-Present,https://www.congress.gov/member/steve-scalise/S001176
"Scanlon, Mary Gay - Representative",,,,,,,Pennsylvania,,5,Democratic,House: 2018-Present,https://www.congress.gov/member/mary-gay-scanlon/S001205
"Schakowsky, Janice D. - Representative",,,,,,,Illinois,,9,Democratic,House: 1999-Present,https://www.congress.gov/member/janice-schakowsky/S001145
"Schatz, Brian - Senator",,,,,,,Hawaii,,,Democratic,Senate: 2012-Present,https://www.congress.gov/member/brian-schatz/S001194
"Schiff, Adam B. - Senator",,,,,,,California,,,Democratic,Senate: 2024-Present | House: 2001-2024,https://www.congress.gov/member/adam-schiff/S001150
"Schmidt, Derek - Representative",,,,,,,Kansas,,2,Republican,House: 2025-Present,https://www.congress.gov/member/derek-schmidt/S001228
"Schmitt, Eric - Senator",,,,,,,Missouri,,,Republican,Senate: 2023-Present,https://www.congress.gov/member/eric-schmitt/S001227
"Schneider, Bradley Scott - Representative",,,,,,,Illinois,,10,Democratic,"House: 2013-2015, 2017-Present",https://www.congress.gov/member/bradley-schneider/S001190
"Scholten, Hillary J. - Representative",,,,,,,Michigan,,3,Democratic,House: 2023-Present,https://www.congress.gov/member/hillary-scholten/S001221
"Schrier, Kim - Representative",,,,,,,Washington,,8,Democratic,House: 2019-Present,https://www.congress.gov/member/kim-schrier/S001216
"Schumer, Charles E. - Senator",,,,,,,New York,,,Democratic,Senate: 1999-Present | House: 1981-1999,https://www.congress.gov/member/charles-schumer/S000148
"Schweikert, David - Representative",,,,,,,Arizona,,1,Republican,House: 2011-Present,https://www.congress.gov/member/david-schweikert/S001183
"Scott, Austin - Representative",,,,,,,Georgia,,8,Republican,House: 2011-Present,https://www.congress.gov/member/austin-scott/S001189
"Scott, David - Representative",,,,,,,Georgia,,13,Democratic,House: 2003-Present,https://www.congress.gov/member/david-scott/S001157
"Scott, Rick - Senator",,,,,,,Florida,,,Republican,Senate: 2019-Present,https://www.congress.gov/member/rick-scott/S001217
"Scott, Robert C. ""Bobby"" - Representative",,,,,,,Virginia,,3,Democratic,House: 1993-Present,https://www.congress.gov/member/robert-scott/S000185
"Scott, Tim - Senator",,,,,,,South Carolina,,,Republican,Senate: 2013-Present | House: 2011-2013,https://www.congress.gov/member/tim-scott/S001184
"Self, Keith - Representative",,,,,,,Texas,,3,Republican,House: 2023-Present,https://www.congress.gov/member/keith-self/S001224
"Sessions, Pete - Representative",,,,,,,Texas,,17,Republican,"House: 1997-2019, 2021-Present",https://www.congress.gov/member/pete-sessions/S000250
"Sewell, Terri A. - Representative",,,,,,,Alabama,,7,Democratic,House: 2011-Present,https://www.congress.gov/member/terri-sewell/S001185
"Shaheen, Jeanne - Senator",,,,,,,New Hampshire,,,Democratic,Senate: 2009-Present,https://www.congress.gov/member/jeanne-shaheen/S001181
"Sheehy, Tim - Senator",,,,,,,Montana,,,Republican,Senate: 2025-Present,https://www.congress.gov/member/tim-sheehy/S001232
"Sherman, Brad - Representative",,,,,,,California,,32,Democratic,House: 1997-Present,https://www.congress.gov/member/brad-sherman/S000344
"Sherrill, Mikie - Representative",,,,,,,New Jersey,,11,Democratic,House: 2019-Present,https://www.congress.gov/member/mikie-sherrill/S001207
"Shreve, Jefferson - Representative",,,,,,,Indiana,,6,Republican,House: 2025-Present,https://www.congress.gov/member/jefferson-shreve/S001229
"Simon, Lateefah - Representative",,,,,,,California,,12,Democratic,House: 2025-Present,https://www.congress.gov/member/lateefah-simon/S001231
"Simpson, Michael K. - Representative",,,,,,,Idaho,,2,Republican,House: 1999-Present,https://www.congress.gov/member/michael-simpson/S001148
"Slotkin, Elissa - Senator",,,,,,,Michigan,,,Democratic,Senate: 2025-Present | House: 2019-2025,https://www.congress.gov/member/elissa-slotkin/S001208
"Smith, Adam - Representative",,,,,,,Washington,,9,Democratic,House: 1997-Present,https://www.congress.gov/member/adam-smith/S000510
"Smith, Adrian - Representative",,,,,,,Nebraska,,3,Republican,House: 2007-Present,https://www.congress.gov/member/adrian-smith/S001172
"Smith, Christopher H. - Representative",,,,,,,New Jersey,,4,Republican,House: 1981-Present,https://www.congress.gov/member/christopher-smith/S000522
"Smith, Jason - Representative",,,,,,,Missouri,,8,Republican,House: 2013-Present,https://www.congress.gov/member/jason-smith/S001195
"Smith, Tina - Senator",,,,,,,Minnesota,,,Democratic,Senate: 2018-Present,https://www.congress.gov/member/tina-smith/S001203
"Smucker, Lloyd - Representative",,,,,,,Pennsylvania,,11,Republican,House: 2017-Present,https://www.congress.gov/member/lloyd-smucker/S001199
"Sorensen, Eric - Representative",,,,,,,Illinois,,17,Democratic,House: 2023-Present,https://www.congress.gov/member/eric-sorensen/S001225
"Soto, Darren - Representative",,,,,,,Florida,,9,Democratic,House: 2017-Present,https://www.congress.gov/member/darren-soto/S001200
"Spartz, Victoria - Representative",,,,,,,Indiana,,5,Republican,House: 2021-Present,https://www.congress.gov/member/victoria-spartz/S000929
"Stansbury, Melanie A. - Representative",,,,,,,New Mexico,,1,Democratic,House: 2021-Present,https://www.congress.gov/member/melanie-stansbury/S001218
"Stanton, Greg - Representative",,,,,,,Arizona,,4,Democratic,House: 2019-Present,https://www.congress.gov/member/greg-stanton/S001211
"Stauber, Pete - Representative",,,,,,,Minnesota,,8,Republican,House: 2019-Present,https://www.congress.gov/member/pete-stauber/S001212
"Stefanik, Elise M. - Representative",,,,,,,New York,,21,Republican,House: 2015-Present,https://www.congress.gov/member/elise-stefanik/S001196
"Steil, Bryan - Representative",,,,,,,Wisconsin,,1,Republican,House: 2019-Present,https://www.congress.gov/member/bryan-steil/S001213
"Steube, W. Gregory - Representative",,,,,,,Florida,,17,Republican,House: 2019-Present,https://www.congress.gov/member/w-steube/S001214
"Stevens, Haley M. - Representative",,,,,,,Michigan,,11,Democratic,House: 2019-Present,https://www.congress.gov/member/haley-stevens/S001215
"Strickland, Marilyn - Representative",,,,,,,Washington,,10,Democratic,House: 2021-Present,https://www.congress.gov/member/marilyn-strickland/S001159
"Strong, Dale W. - Representative",,,,,,,Alabama,,5,Republican,House: 2023-Present,https://www.congress.gov/member/dale-strong/S001220
"Stutzman, Marlin A. - Representative",,,,,,,Indiana,,3,Republican,"House: 2010-2017, 2025-Present",https://www.congress.gov/member/marlin-stutzman/S001188
"Subramanyam, Suhas - Representative",,,,,,,Virginia,,10,Democratic,House: 2025-Present,https://www.congress.gov/member/suhas-subramanyam/S001230
"Sullivan, Dan - Senator",,,,,,,Alaska,,,Republican,Senate: 2015-Present,https://www.congress.gov/member/dan-sullivan/S001198
"Suozzi, Thomas R. - Representative",,,,,,,New York,,3,Democratic,House: 2017-Present,https://www.congress.gov/member/thomas-suozzi/S001201
"Swalwell, Eric - Representative",,,,,,,California,,14,Democratic,House: 2013-Present,https://www.congress.gov/member/eric-swalwell/S001193
"Sykes, Emilia Strong - Representative",,,,,,,Ohio,,13,Democratic,House: 2023-Present,https://www.congress.gov/member/emilia-sykes/S001223
"Takano, Mark - Representative",,,,,,,California,,39,Democratic,House: 2013-Present,https://www.congress.gov/member/mark-takano/T000472
"Taylor, David J. - Representative",,,,,,,Ohio,,2,Republican,House: 2025-Present,https://www.congress.gov/member/david-taylor/T000490
"Tenney, Claudia - Representative",,,,,,,New York,,24,Republican,"House: 2017-2019, 2021-Present",https://www.congress.gov/member/claudia-tenney/T000478
"Thanedar, Shri - Representative",,,,,,,Michigan,,13,Democratic,House: 2023-Present,https://www.congress.gov/member/shri-thanedar/T000488
"Thompson, Bennie G. - Representative",,,,,,,Mississippi,,2,Democratic,House: 1993-Present,https://www.congress.gov/member/bennie-thompson/T000193
"Thompson, Glenn - Representative",,,,,,,Pennsylvania,,15,Republican,House: 2009-Present,https://www.congress.gov/member/glenn-thompson/T000467
"Thompson, Mike - Representative",,,,,,,California,,4,Democratic,House: 1999-Present,https://www.congress.gov/member/mike-thompson/T000460
"Thune, John - Senator",,,,,,,South Dakota,,,Republican,Senate: 2005-Present | House: 1997-2003,https://www.congress.gov/member/john-thune/T000250
"Tiffany, Thomas P. - Representative",,,,,,,Wisconsin,,7,Republican,House: 2020-Present,https://www.congress.gov/member/thomas-tiffany/T000165
"Tillis, Thomas - Senator",,,,,,,North Carolina,,,Republican,Senate: 2015-Present,https://www.congress.gov/member/thomas-tillis/T000476
"Timmons, William R. - Representative",,,,,,,South Carolina,,4,Republican,House: 2019-Present,https://www.congress.gov/member/william-timmons/T000480
"Titus, Dina - Representative",,,,,,,Nevada,,1,Democratic,"House: 2009-2011, 2013-Present",https://www.congress.gov/member/dina-titus/T000468
"Tlaib, Rashida - Representative",,,,,,,Michigan,,12,Democratic,House: 2019-Present,https://www.congress.gov/member/rashida-tlaib/T000481
"Tokuda, Jill N. - Representative",,,,,,,Hawaii,,2,Democratic,House: 2023-Present,https://www.congress.gov/member/jill-tokuda/T000487
"Tonko, Paul - Representative",,,,,,,New York,,20,Democratic,House: 2009-Present,https://www.congress.gov/member/paul-tonko/T000469
"Torres, Norma J. - Representative",,,,,,,California,,35,Democratic,House: 2015-Present,https://www.congress.gov/member/norma-torres/T000474
"Torres, Ritchie - Representative",,,,,,,New York,,15,Democratic,House: 2021-Present,https://www.congress.gov/member/ritchie-torres/T000486
"Trahan, Lori - Representative",,,,,,,Massachusetts,,3,Democratic,House: 2019-Present,https://www.congress.gov/member/lori-trahan/T000482
"Tran, Derek - Representative",,,,,,,California,,45,Democratic,House: 2025-Present,https://www.congress.gov/member/derek-tran/T000491
"Tuberville, Tommy - Senator",,,,,,,Alabama,,,Republican,Senate: 2021-Present,https://www.congress.gov/member/tommy-tuberville/T000278
"Turner, Michael R. - Representative",,,,,,,Ohio,,10,Republican,House: 2003-Present,https://www.congress.gov/member/michael-turner/T000463
"Turner, Sylvester - Representative",,,,,,,Texas,,18,Democratic,House: 2025,https://www.congress.gov/member/sylvester-turner/T000489
"Underwood, Lauren - Representative",,,,,,,Illinois,,14,Democratic,House: 2019-Present,https://www.congress.gov/member/lauren-underwood/U000040
"Valadao, David G. - Representative",,,,,,,California,,22,Republican,"House: 2013-2019, 2021-Present",https://www.congress.gov/member/david-valadao/V000129
"Van Drew, Jefferson - Representative",,,,,,,New Jersey,,2,Republican,House: 2019-Present,https://www.congress.gov/member/jefferson-van-drew/V000133
"Van Duyne, Beth - Representative",,,,,,,Texas,,24,Republican,House: 2021-Present,https://www.congress.gov/member/beth-van-duyne/V000134
"Van Hollen, Chris - Senator",,,,,,,Maryland,,,Democratic,Senate: 2017-Present | House: 2003-2017,https://www.congress.gov/member/chris-van-hollen/V000128
"Van Orden, Derrick - Representative",,,,,,,Wisconsin,,3,Republican,House: 2023-Present,https://www.congress.gov/member/derrick-van-orden/V000135
"Vance, J. D. - Senator",,,,,,,Ohio,,,Republican,Senate: 2023-2025,https://www.congress.gov/member/j-vance/V000137
"Vargas, Juan - Representative",,,,,,,California,,52,Democratic,House: 2013-Present,https://www.congress.gov/member/juan-vargas/V000130
"Vasquez, Gabe - Representative",,,,,,,New Mexico,,2,Democratic,House: 2023-Present,https://www.congress.gov/member/gabe-vasquez/V000136
"Veasey, Marc A. - Representative",,,,,,,Texas,,33,Democratic,House: 2013-Present,https://www.congress.gov/member/marc-veasey/V000131
"Vel�zquez, Nydia M. - Representative",,,,,,,New York,,7,Democratic,House: 1993-Present,https://www.congress.gov/member/nydia-velazquez/V000081
"Vindman, Eugene Simon - Representative",,,,,,,Virginia,,7,Democratic,House: 2025-Present,https://www.congress.gov/member/eugene-vindman/V000138
"Wagner, Ann - Representative",,,,,,,Missouri,,2,Republican,House: 2013-Present,https://www.congress.gov/member/ann-wagner/W000812
"Walberg, Tim - Representative",,,,,,,Michigan,,5,Republican,"House: 2007-2009, 2011-Present",https://www.congress.gov/member/tim-walberg/W000798
"Walkinshaw, James R. - Representative",,,,,,,Virginia,,11,Democratic,House: 2025-Present,https://www.congress.gov/member/james-walkinshaw/W000831
"Waltz, Michael - Representative",,,,,,,Florida,,6,Republican,House: 2019-2025,https://www.congress.gov/member/michael-waltz/W000823
"Warner, Mark R. - Senator",,,,,,,Virginia,,,Democratic,Senate: 2009-Present,https://www.congress.gov/member/mark-warner/W000805
"Warnock, Raphael G. - Senator",,,,,,,Georgia,,,Democratic,Senate: 2021-Present,https://www.congress.gov/member/raphael-warnock/W000790
"Warren, Elizabeth - Senator",,,,,,,Massachusetts,,,Democratic,Senate: 2013-Present,https://www.congress.gov/member/elizabeth-warren/W000817
"Wasserman Schultz, Debbie - Representative",,,,,,,Florida,,25,Democratic,House: 2005-Present,https://www.congress.gov/member/debbie-wasserman-schultz/W000797
"Waters, Maxine - Representative",,,,,,,California,,43,Democratic,House: 1991-Present,https://www.congress.gov/member/maxine-waters/W000187
"Watson Coleman, Bonnie - Representative",,,,,,,New Jersey,,12,Democratic,House: 2015-Present,https://www.congress.gov/member/bonnie-watson-coleman/W000822
"Weber, Randy K. Sr. - Representative",,,,,,,Texas,,14,Republican,House: 2013-Present,https://www.congress.gov/member/randy-weber/W000814
"Webster, Daniel - Representative",,,,,,,Florida,,11,Republican,House: 2011-Present,https://www.congress.gov/member/daniel-webster/W000806
"Welch, Peter - Senator",,,,,,,Vermont,,,Democratic,Senate: 2023-Present | House: 2007-2023,https://www.congress.gov/member/peter-welch/W000800
"Westerman, Bruce - Representative",,,,,,,Arkansas,,4,Republican,House: 2015-Present,https://www.congress.gov/member/bruce-westerman/W000821
"Whitehouse, Sheldon - Senator",,,,,,,Rhode Island,,,Democratic,Senate: 2007-Present,https://www.congress.gov/member/sheldon-whitehouse/W000802
"Whitesides, George - Representative",,,,,,,California,,27,Democratic,House: 2025-Present,https://www.congress.gov/member/george-whitesides/W000830
"Wicker, Roger F. - Senator",,,,,,,Mississippi,,,Republican,Senate: 2007-Present | House: 1995-2007,https://www.congress.gov/member/roger-wicker/W000437
"Wied, Tony - Representative",,,,,,,Wisconsin,,8,Republican,House: 2024-Present,https://www.congress.gov/member/tony-wied/W000829
"Williams, Nikema - Representative",,,,,,,Georgia,,5,Democratic,House: 2021-Present,https://www.congress.gov/member/nikema-williams/W000788
"Williams, Roger - Representative",,,,,,,Texas,,25,Republican,House: 2013-Present,https://www.congress.gov/member/roger-williams/W000816
"Wilson, Frederica S. - Representative",,,,,,,Florida,,24,Democratic,House: 2011-Present,https://www.congress.gov/member/frederica-wilson/W000808
"Wilson, Joe - Representative",,,,,,,South Carolina,,2,Republican,House: 2001-Present,https://www.congress.gov/member/joe-wilson/W000795
"Wittman, Robert J. - Representative",,,,,,,Virginia,,1,Republican,House: 2007-Present,https://www.congress.gov/member/robert-wittman/W000804
"Womack, Steve - Representative",,,,,,,Arkansas,,3,Republican,House: 2011-Present,https://www.congress.gov/member/steve-womack/W000809
"Wyden, Ron - Senator",,,,,,,Oregon,,,Democratic,Senate: 1996-Present | House: 1981-1996,https://www.congress.gov/member/ron-wyden/W000779
"Yakym, Rudy - Representative",,,,,,,Indiana,,2,Republican,House: 2022-Present,https://www.congress.gov/member/rudy-yakym/Y000067
"Young, Todd - Senator",,,,,,,Indiana,,,Republican,Senate: 2017-Present | House: 2011-2017,https://www.congress.gov/member/todd-young/Y000064
"Zinke, Ryan K. - Representative",,,,,,,Montana,,1,Republican,"House: 2015-2017, 2023-Present",https://www.congress.gov/member/ryan-zinke/Z000018