first_name,middle_name,nick_name,last_name,suffix,chamber,office,role,state,state_abbr,party,fecid,green_id,green_id2,website,campaign_website,date_reelection
Alma,Shealey,,Adams,,H,House CD 12,Member of Congress,North Carolina,NC,Democratic,H4NC12100,G17978,G53396,https://adams.house.gov/,http://www.almaadamsforcongress.com/,11/3/26
Robert,Brown,,Aderholt,,H,House CD 4,Member of Congress,Alabama,AL,Republican,H6AL04098,G12,G53432,https://aderholt.house.gov/,http://www.aderholtforcongress.org/,11/3/26
Pete,,,Aguilar,,H,House CD 33,Member of Congress,California,CA,Democratic,H2CA31125,G17468,G53471,https://aguilar.house.gov/,http://www.peteaguilar.com/,11/3/26
Mark,,,Alford,,H,House CD 4,Member of Congress,Missouri,MO,Republican,H2MO04207,G42857,G53600,https://alford.house.gov/,https://www.alfordforcongress.com/,11/3/26
Richard,Wallen,Rick,Allen,,H,House CD 12,Member of Congress,Georgia,GA,Republican,H2GA12121,G17327,G53527,https://allen.house.gov/,http://www.rickwallen.com/,11/3/26
Angela,D.,,Alsobrooks,,S,Senate Class 1,Senator,Maryland,MD,Democratic,,G48119,,https://alsobrooks.senate.gov/,https://www.angelaalsobrooks.com/,11/5/30
Aumua,,,Amata Coleman Radewagen,,O,Delegate to the House of Representatives,Territorial Delegate,American Samoa,AS,Republican,H4AS00036,G18792,G53368,http://radewagen.house.gov/,http://www.friendsofamata.com/,11/3/26
Gabriel,F.,Gabe,Amo,Jr.,H,House CD 1,Member of Congress,Rhode Island,RI,Democratic,H4RI01265,G8817,G53701,https://amo.house.gov/,https://www.gabeamo.com/,11/3/26
Mark,Eugene,,Amodei,,H,House CD 2,Member of Congress,Nevada,NV,Republican,H2NV02395,G525,G53634,https://amodei.house.gov/,http://www.amodeifornevada.com/,11/3/26
Yassamin,,,Ansari,,H,House CD 3,Member of Congress,Arizona,AZ,Democratic,H4AZ03109,G47543,G53440,https://ansari.house.gov/,https://www.yassaminforcongress.com/,11/3/26
Jodey,Cook,,Arrington,,H,House CD 19,Member of Congress,Texas,TX,Republican,H6TX19099,G23082,G53734,https://arrington.house.gov/,http://www.jodeyarrington.com/,11/3/26
Jacob,D.,Jake,Auchincloss,,H,House CD 4,Member of Congress,Massachusetts,MA,Democratic,H0MA04192,G35808,G53572,https://auchincloss.house.gov/,https://www.jakeforma.com/,11/3/26
Brian,,,Babin,,H,House CD 36,Member of Congress,Texas,TX,Republican,H6TX02079,G18940,G53410,https://babin.house.gov/,http://www.babinforcongress.com/,11/3/26
Donald,John,Don,Bacon,,H,House CD 2,Member of Congress,Nebraska,NE,Republican,,G22412,,https://bacon.house.gov/,http://www.donjbacon.com/,11/3/26
James,R.,Jim,Baird,,H,House CD 4,Member of Congress,Indiana,IN,Republican,H8IN04199,G29617,G53814,https://baird.house.gov/,http://www.electjimbaird.com/,11/3/26
William,Troy,Troy,Balderson,,H,House CD 12,Member of Congress,Ohio,OH,Republican,H8OH12180,G580,G53672,https://balderson.house.gov/,https://www.baldersonforcongress.com/,11/3/26
Tammy,,,Baldwin,,S,Senate Class 1,Senator,Wisconsin,WI,Democratic,,G12384,,http://www.baldwin.senate.gov/,http://www.tammybaldwin.com/,11/5/30
Rebecca,,Becca,Balint,,H,House At-Large,Member of Congress,Vermont,VT,Democratic,H2VT01076,G43329,G53772,https://balint.house.gov/,https://www.beccabalint.com/,11/3/26
James,E.,Jim,Banks,,S,Senate Class 1,Senator,Indiana,IN,Republican,,G47161,,https://banks.senate.gov/,http://www.jimbanks.us/,11/5/30
Garland,,Andy,Barr,,S,Senate Class 2,Member of Congress,Kentucky,KY,Republican,S6KY00286,G12707,G52890,https://barr.house.gov/,https://www.andybarrforcongress.com/,11/3/26
Nanette,Diaz,,Barragán,,H,House CD 44,Member of Congress,California,CA,Democratic,H6CA44103,G22498,G53384,https://barragan.house.gov/,http://www.barraganforcongress.com/,11/3/26
John,A.,,Barrasso,,S,Senate Class 1,Senator,Wyoming,WY,Republican,,G826,,http://barrasso.senate.gov/,http://www.barrassoforwyoming.com/,11/5/30
Thomas,More,Tom,Barrett,,H,House CD 7,Member of Congress,Michigan,MI,Republican,H2MI07123,G47393,G53590,https://barrett.house.gov/,https://www.tombarrettforcongress.com/,11/3/26
Michael,James,,Baumgartner,,H,House CD 5,Member of Congress,Washington,WA,Republican,H4WA05234,G50387,G53777,https://baumgartner.house.gov/,https://www.votebaumgartner.com/,11/3/26
Aaron,P.,,Bean,,H,House CD 4,Member of Congress,Florida,FL,Republican,H2FL04211,G45641,G52524,https://bean.house.gov/,https://www.aaronbean.com/,11/3/26
Joyce,B.,,Beatty,,H,House CD 3,Member of Congress,Ohio,OH,Democratic,H2OH03125,G13580,G53400,https://beatty.house.gov/,https://www.beattyforcongress.com/,11/3/26
Nicholas,,Nick,Begich,III,H,House At-Large,Member of Congress,Alaska,AK,Republican,H2AK01083,G48478,G53796,https://begich.house.gov/,https://www.alaskansfornickbegich.com/,11/3/26
Wesley,,,Bell,,H,House CD 1,Member of Congress,Missouri,MO,Democratic,H4MO01134,G48274,G52781,https://bell.house.gov/,https://www.votewesleybell.com/,11/3/26
Michael,Farrand,,Bennet,,S,Senate Class 3,Senator,Colorado,CO,Democratic,,G127,G53318,https://bennet.senate.gov/,https://www.michaelbennet.com/,11/7/28
Cliff,,,Bentz,,H,House CD 2,Member of Congress,Oregon,OR,Republican,H0OR02127,G36072,G53680,https://bentz.house.gov/,https://www.cliffbentz.com/,11/3/26
Amerish,,Ami,Bera,,H,House CD 6,Member of Congress,California,CA,Democratic,H0CA03078,G12176,G53450,https://bera.house.gov/,http://www.beraforcongress.com/,11/3/26
John,W.,Jack,Bergman,,H,House CD 1,Member of Congress,Michigan,MI,Republican,H6MI01226,G24168,G53585,https://bergman.house.gov/,http://www.bergmanforcongress.com/,11/3/26
Donald,Sternoff,Don,Beyer,Jr.,H,House CD 8,Member of Congress,Virginia,VA,Democratic,H4VA08224,G19282,G53768,https://beyer.house.gov/,http://www.friendsofdonbeyer.com/,11/3/26
Stephanie,,,Bice,,H,House CD 5,Member of Congress,Oklahoma,OK,Republican,H0OK05205,G34676,G53402,https://bice.house.gov/,http://www.biceforcongress.com/,11/3/26
Andy,,,Biggs,,H,House CD 5,Member of Congress,Arizona,AZ,Republican,,G24216,G52719,https://biggs.house.gov/,http://biggsforcongress.com/,11/3/26
Sheryl,S.,Sheri,Biggs,,H,House CD 3,Member of Congress,South Carolina,SC,Republican,H4SC01313,G50022,G53705,https://biggs.house.gov/,https://www.sheribiggs.com/,11/3/26
Gus,Michael,,Bilirakis,,H,House CD 12,Member of Congress,Florida,FL,Republican,H6FL09070,G165,G53504,https://bilirakis.house.gov/,http://www.bilirakisforcongress.com/,11/3/26
Sanford,Dixon,,Bishop,Jr.,H,House CD 2,Member of Congress,Georgia,GA,Democratic,H2GA02031,G190,G53518,https://bishop.house.gov/,http://www.sanfordbishop.com/,11/3/26
Marsha,,,Blackburn,,S,Senate Class 1,Senator,Tennessee,TN,Republican,,G27505,G54889,https://blackburn.senate.gov/,https://www.marshablackburn.com/,11/5/30
Richard,,,Blumenthal,,S,Senate Class 3,Senator,Connecticut,CT,Democratic,,G8222,,https://blumenthal.senate.gov/,http://www.richardblumenthal.com/,11/7/28
Lauren,,,Boebert,,H,House CD 4,Member of Congress,Colorado,CO,Republican,H0CO03165,G36346,G53489,https://boebert.house.gov/,https://laurenforcolorado.com/,11/3/26
Suzanne,M.,,Bonamici,,H,House CD 1,Member of Congress,Oregon,OR,Democratic,H2OR01133,G612,G53679,https://bonamici.house.gov/,http://www.bonamiciforcongress.com/,11/3/26
Cory,A.,,Booker,,S,Senate Class 2,Senator,New Jersey,NJ,Democratic,S4NJ00185,G509,G46946,https://booker.senate.gov/,http://www.corybooker.com/,11/3/26
John,Nichols,,Boozman,,S,Senate Class 3,Senator,Arkansas,AR,Republican,,G8686,,https://boozman.senate.gov/,http://www.boozmanforarkansas.com/,11/7/28
Michael,J.,Mike,Bost,,H,House CD 12,Member of Congress,Illinois,IL,Republican,H4IL12060,G17976,G53545,https://bost.house.gov/,http://www.bostforcongress.com/,11/3/26
Brendan,F.,,Boyle,,H,House CD 2,Member of Congress,Pennsylvania,PA,Democratic,H4PA13199,G17489,G53686,https://boyle.house.gov/,http://www.voteboyle.com/,11/3/26
Josh,,,Brecheen,,H,House CD 2,Member of Congress,Oklahoma,OK,Republican,H2OK02315,G45566,G53676,https://brecheen.house.gov/,https://www.joshbrecheen.com/,11/3/26
Robert,Paul,Rob,Bresnahan,Jr.,H,House CD 8,Member of Congress,Pennsylvania,PA,Republican,H4PA08124,G48976,G53692,https://bresnahan.house.gov/,https://www.robforpa.com/,11/3/26
Katie,Boyd,,Britt,,S,Senate Class 3,Senator,Alabama,AL,Republican,,G41618,,https://britt.senate.gov/,https://www.katiebrittforsenate.com/,11/7/28
Shontel,M.,,Brown,,H,House CD 11,Member of Congress,Ohio,OH,Democratic,H2OH11169,G4566,G53671,https://shontelbrown.house.gov/,https://www.shontelbrown.com/,11/3/26
Julia,,,Brownley,,H,House CD 26,Member of Congress,California,CA,Democratic,H2CA00120,G14383,G53466,https://juliabrownley.house.gov/,http://www.juliabrownley.com/,11/3/26
Vernon,,Vern,Buchanan,,H,House CD 16,Member of Congress,Florida,FL,Republican,H6FL13148,G169,G52525,https://buchanan.house.gov/,http://www.vernbuchanan.com/,11/3/26
Theodore,Paul,Ted,Budd,,S,Senate Class 3,Senator,North Carolina,NC,Republican,,G40729,,https://budd.senate.gov/,https://www.tedbudd.com/,11/7/28
Nikki,,,Budzinski,,H,House CD 13,Member of Congress,Illinois,IL,Democratic,H2IL13153,G42302,G53546,https://budzinski.house.gov/,https://www.nikkiforcongress.com/,11/3/26
Tim,,,Burchett,,H,House CD 2,Member of Congress,Tennessee,TN,Republican,H8TN02119,G29003,G53711,https://burchett.house.gov/,http://www.burchettforcongress.com/,11/3/26
Eric,,,Burlison,,H,House CD 7,Member of Congress,Missouri,MO,Republican,H2MO07143,G42372,G53602,https://burlison.house.gov/,https://www.ericburlisonforcongress.com/,11/3/26
Janelle,S.,,Bynum,,H,House CD 5,Member of Congress,Oregon,OR,Democratic,H4OR05304,G48344,G53683,https://bynum.house.gov/,https://www.janellebynum.com/,11/3/26
Kenneth,S.,Ken,Calvert,,H,House CD 41,Member of Congress,California,CA,Republican,H2CA37023,G99,G53478,https://calvert.house.gov/,http://www.calvertforcongress.com/,11/3/26
Kat,,,Cammack,,H,House CD 3,Member of Congress,Florida,FL,Republican,H0FL03175,G36649,G53500,https://cammack.house.gov/,https://www.katforcongress.com/,11/3/26
Maria,E.,,Cantwell,,S,Senate Class 1,Senator,Washington,WA,Democratic,,G792,,http://cantwell.senate.gov/,http://www.cantwell.com/,11/5/30
Shelley,Moore,,Capito,,S,Senate Class 2,Senator,West Virginia,WV,Republican,S4WV00159,G16625,G46957,http://capito.senate.gov/,http://www.capitoforsenate.com/,11/3/26
Salud,O.,,Carbajal,,H,House CD 24,Member of Congress,California,CA,Democratic,H6CA24303,G22471,G53464,https://carbajal.house.gov/,http://www.saludcarbajal.com/,11/3/26
Mike,,,Carey,,H,House CD 15,Member of Congress,Ohio,OH,Republican,H2OH15228,G6312,G53674,https://carey.house.gov/,https://www.careyforcongress.com/,11/3/26
Andr̩,D.,,Carson,,H,House CD 7,Member of Congress,Indiana,IN,Democratic,H8IN07184,G273,G53555,https://carson.house.gov/,https://www.andrecarson.com/,11/3/26
Earl,Leroy,Buddy,Carter,,S,Senate Class 2,Member of Congress,Georgia,GA,Republican,S6GA00374,G53517,G17636,https://buddycarter.house.gov/,http://www.buddycarterforcongress.com/,11/6/26
John,Rice,,Carter,,H,House CD 31,Member of Congress,Texas,TX,Republican,H2TX31044,G732,G53753,https://carter.house.gov/,http://www.johncarterforcongress.com/,11/3/26
Troy,A.,,Carter,Sr.,H,House CD 2,Member of Congress,Louisiana,LA,Democratic,H2LA02149,G6872,G53568,https://troycarter.house.gov/,https://www.troycarter4congress.com/,11/3/26
Gregorio,,Greg,Casar,,H,House CD 37,Member of Congress,Texas,TX,Democratic,H2TX35144,G53757,G42788,https://casar.house.gov/,https://www.casarforcongress.com/,11/3/26
Edward,E.,Ed,Case,,H,House CD 1,Member of Congress,Hawaii,HI,Democratic,H2HI02128,G32746,G53261,https://case.house.gov/,http://www.edcase.com/,11/3/26
William,M.,Bill,Cassidy,,S,Senate Class 2,Senator,Louisiana,LA,Republican,S4LA00107,G17474,G46938,https://cassidy.senate.gov/,http://www.billcassidy.com/,11/3/26
Sean,,,Casten,,H,House CD 6,Member of Congress,Illinois,IL,Democratic,H8IL06139,G28612,G53541,https://casten.house.gov/,http://www.castenforcongress.com/,11/3/26
Katherine,Anne,Kathy,Castor,,H,House CD 14,Member of Congress,Florida,FL,Democratic,H6FL11126,G167,G53506,https://castor.house.gov/,http://www.castorforcongress.com/,11/3/26
Joaquin,,,Castro,,H,House CD 20,Member of Congress,Texas,TX,Democratic,H2TX35011,G12771,G53735,https://castro.house.gov/,http://www.castroforcongress.com/,11/3/26
Sheila,,,Cherfilus-McCormick,,H,House CD 20,Member of Congress,Florida,FL,Democratic,H8FL20032,G179,G53511,https://cherfilus-mccormick.house.gov/,,11/3/26
Judy,,,Chu,,H,House CD 28,Member of Congress,California,CA,Democratic,H0CA32101,G87,G53468,https://chu.house.gov/,http://www.judychu.org/,11/3/26
Juan,,,Ciscomani,,H,House CD 6,Member of Congress,Arizona,AZ,Republican,H2AZ02360,G42166,G53443,https://ciscomani.house.gov/,https://www.juanciscomani.com/,11/3/26
Gilbert,,Gil,Cisneros,,H,House CD 31,Member of Congress,California,CA,Democratic,H4CA31170,G48814,G52696,https://cisneros.house.gov/,https://www.gilonthehill.com/,11/3/26
Katherine,M.,,Clark,,H,House CD 5,Member of Congress,Massachusetts,MA,Democratic,H4MA05084,G335,G53573,https://katherineclark.house.gov/,https://www.katherineclark.org/,11/3/26
Yvette,D.,,Clarke,,H,House CD 9,Member of Congress,New York,NY,Democratic,H4NY11138,G545,G53646,https://clarke.house.gov/,http://www.voteyvette.com/,11/3/26
Emanuel,,,Cleaver,II,H,House CD 5,Member of Congress,Missouri,MO,Democratic,H4MO05234,G403,G53395,https://cleaver.house.gov/,https://www.cleaverforcongress.com/,11/3/26
Benjamin,Lee,Ben,Cline,,H,House CD 6,Member of Congress,Virginia,VA,Republican,H8VA06104,G29785,G53766,https://cline.house.gov/,http://www.bencline.com/,11/3/26
Michael,J.,,Cloud,,H,House CD 27,Member of Congress,Texas,TX,Republican,H8TX27049,G8260,G53749,https://cloud.house.gov/,https://www.cloudforcongress.com/,11/3/26
James,Enos,Jim,Clyburn,,H,House CD 6,Member of Congress,South Carolina,SC,Democratic,H2SC02042,G668,G53708,https://clyburn.house.gov/,https://www.clyburnforcongress.com/,11/3/26
Andrew,,,Clyde,,H,House CD 9,Member of Congress,Georgia,GA,Republican,H0GA09246,G37391,G53524,https://clyde.house.gov/,https://www.clyde4congress.com/,11/3/26
Stephen,Ira,Steve,Cohen,,H,House CD 9,Member of Congress,Tennessee,TN,Democratic,H6TN09068,G693,G53717,https://cohen.house.gov/,http://www.cohenforcongress.com/,11/3/26
Thomas,Jeffery,Tom,Cole,,H,House CD 4,Member of Congress,Oklahoma,OK,Republican,H2OK04055,G601,G53678,https://cole.house.gov/,http://www.tomcoleforcongress.com/,11/3/26
Michael,A.,Mike,Collins,Jr.,S,Senate Class 2,Member of Congress,Georgia,GA,Republican,S6GA00390,G53525,G41314,https://collins.house.gov/,https://www.mikecollinsga.com/,11/6/26
Susan,Margaret,,Collins,,S,Senate Class 2,Senator,Maine,ME,Republican,S6ME00159,G360,G46939,https://collins.senate.gov/,http://www.susancollins.com/,11/3/26
James,R.,,Comer,,H,House CD 1,Member of Congress,Kentucky,KY,Republican,H6KY01110,G23068,G53563,https://comer.house.gov/,http://www.jamescomer.com/,11/3/26
Herb,,,Conaway,Jr.,H,House CD 3,Member of Congress,New Jersey,NJ,Democratic,H4NJ03080,G49542,G53622,https://conaway.house.gov/,https://www.herbforcongress.com/,11/3/26
Christopher,A.,Chris,Coons,,S,Senate Class 2,Senator,Delaware,DE,Democratic,S0DE00092,G8693,G46932,https://coons.senate.gov/,http://www.chriscoons.com/,11/3/26
John,,,Cornyn,,S,Senate Class 2,Senator,Texas,TX,Republican,S2TX00106,G739,G46955,http://cornyn.senate.gov/,http://www.johncornyn.com/,11/3/26
Jose,Luis,Lou,Correa,,H,House CD 46,Member of Congress,California,CA,Democratic,H6CA46116,G22620,G53481,https://correa.house.gov/,http://www.loucorrea.com/,11/3/26
Catherine,Marie,,Cortez Masto,,S,Senate Class 3,Senator,Nevada,NV,Democratic,,G22422,,https://cortezmasto.senate.gov/,http://www.catherinecortezmasto.com/,11/7/28
Jim,,,Costa,,H,House CD 21,Member of Congress,California,CA,Democratic,H4CA20082,G75,G53273,https://costa.house.gov/,http://www.jimcosta.com/,11/3/26
Thomas,B.,Tom,Cotton,,S,Senate Class 2,Senator,Arkansas,AR,Republican,S4AR00103,G16859,G46929,https://www.cotton.senate.gov/,http://www.tomcotton.com/,11/3/26
Joseph,D.,Joe,Courtney,,H,House CD 2,Member of Congress,Connecticut,CT,Democratic,H2CT02112,G134,G53494,https://courtney.house.gov/,http://www.joecourtney.com/,11/3/26
Angela,Dawn,Angie,Craig,,S,Senate Class 2,Member of Congress,Minnesota,MN,Democratic-Farmer Labor,S6MN00499,G53821,G28860,https://craig.house.gov/,https://angiecraig.com/,11/3/26
Kevin,,,Cramer,,S,Senate Class 1,Senator,North Dakota,ND,Republican,,G27891,,https://cramer.senate.gov/,http://www.kevincramer.org/,11/5/30
Eli,,,Crane,,H,House CD 2,Member of Congress,Arizona,AZ,Republican,H2AZ01354,G42069,G53377,https://crane.house.gov/,https://www.eliforarizona.com/,11/3/26
Jeffrey,G.,Jeff,Crank,,H,House CD 5,Member of Congress,Colorado,CO,Republican,H6CO05142,G49950,G53490,https://crank.house.gov/,https://www.jeffcrankforcongress.com/,11/3/26
Michael,D.,Mike,Crapo,,S,Senate Class 3,Senator,Idaho,ID,Republican,,G234,,https://crapo.senate.gov/,http://www.crapoforsenate.com/,11/7/28
Eric,Alan,Rick,Crawford,,H,House CD 1,Member of Congress,Arkansas,AR,Republican,H0AR01083,G6117,G53436,https://crawford.house.gov/,http://www.meetrickcrawford.com/,11/3/26
Daniel,,Dan,Crenshaw,,H,House CD 2,Member of Congress,Texas,TX,Republican,H8TX02166,G29877,G53719,https://crenshaw.house.gov/,https://www.crenshawforcongress.com/,11/3/26
Jasmine,Felicia,,Crockett,,H,House CD 30,Member of Congress,Texas,TX,Democratic,H2TX30178,G43120,G53752,https://crockett.house.gov/,https://www.jasmineforus.com/,11/3/26
Jason,,,Crow,,H,House CD 6,Member of Congress,Colorado,CO,Democratic,H8CO06229,G27797,G53491,https://crow.house.gov/,http://www.jasoncrowforcongress.com/,11/3/26
Rafael,Edward,Ted,Cruz,,S,Senate Class 1,Senator,Texas,TX,Republican,,G11842,,http://www.cruz.senate.gov/,http://www.tedcruz.org/,11/5/30
Henry,R.,,Cuellar,,H,House CD 28,Member of Congress,Texas,TX,Democratic,H2TX23082,G729,G53750,https://cuellar.house.gov/,https://www.henrycuellar.com/,11/3/26
John,R.,,Curtis,,S,Senate Class 1,Senator,Utah,UT,Republican,,G47845,,https://curtis.senate.gov/,https://www.johncurtis.org/,11/5/30
Steven,,Steve,Daines,,S,Senate Class 2,Senator,Montana,MT,Republican,S2MT00096,G17554,G46943,http://www.daines.senate.gov/,http://www.stevedaines.com/,11/3/26
Sharice,L.,,Davids,,H,House CD 3,Member of Congress,Kansas,KS,Democratic,H8KS03155,G31194,G53561,https://davids.house.gov/,http://www.shariceforcongress.com/,11/3/26
Warren,,,Davidson,,H,House CD 8,Member of Congress,Ohio,OH,Republican,H6OH08315,G576,G53401,https://davidson.house.gov/,http://www.davidsonforcongress.com/,11/3/26
Danny,K.,,Davis,,H,House CD 7,Member of Congress,Illinois,IL,Democratic,,G247,,https://davis.house.gov/,https://www.dannykdavis.com/,11/3/26
Donald,Gene,Don,Davis,,H,House CD 1,Member of Congress,North Carolina,NC,Democratic,H2NC02287,G43105,G53609,https://dondavis.house.gov/,https://www.votedondavis.com/,11/3/26
Monica,,,De La Cruz-Hernandez,,H,House CD 15,Member of Congress,Texas,TX,Republican,H0TX15124,G39822,G53731,https://delacruz.house.gov/,https://www.monicaforcongress.us/,11/3/26
Madeleine,,,Dean Cunnane,,H,House CD 4,Member of Congress,Pennsylvania,PA,Democratic,H8PA04116,G33559,G53688,https://dean.house.gov/,https://www.mad4pa.com/,11/3/26
Diana,L.,,DeGette,,H,House CD 1,Member of Congress,Colorado,CO,Democratic,H6CO01141,G119,G53387,https://degette.house.gov/,http://www.degette.com/,11/3/26
Rosa,L.,,DeLauro,,H,House CD 3,Member of Congress,Connecticut,CT,Democratic,H0CT03072,G135,G53495,https://delauro.house.gov/,http://www.rosadelauro.com/,11/3/26
Suzan,Kay,,DelBene,,H,House CD 1,Member of Congress,Washington,WA,Democratic,H0WA08046,G781,G53773,https://delbene.house.gov/,http://www.delbeneforcongress.com/,11/3/26
Christopher,R.,Chris,Deluzio,,H,House CD 17,Member of Congress,Pennsylvania,PA,Democratic,H2PA17103,G42295,G53700,https://deluzio.house.gov/,https://www.chrisforpa.com/,11/3/26
Mark,,,DeSaulnier,,H,House CD 10,Member of Congress,California,CA,Democratic,H0CA10073,G19180,G53454,https://desaulnier.house.gov/,https://www.desaulnierforcongress.com/,11/3/26
Scott,Eugene,,DesJarlais,,H,House CD 4,Member of Congress,Tennessee,TN,Republican,H0TN04195,G6782,G53713,https://desjarlais.house.gov/,https://scottdesjarlais.com/,11/3/26
Maxine,E.,,Dexter,,H,House CD 3,Member of Congress,Oregon,OR,Democratic,H4OR03192,G49512,G53681,https://dexter.house.gov/,https://www.maxinefororegon.com/,11/3/26
Mario,,,Diaz-Balart,,H,House CD 26,Member of Congress,Florida,FL,Republican,H2FL25018,G5588,G53514,https://mariodiazbalart.house.gov/,http://www.mariodiazbalart.org/,11/3/26
Debbie,,,Dingell,,H,House CD 6,Member of Congress,Michigan,MI,Democratic,H4MI12079,G19773,G53589,https://debbiedingell.house.gov/,http://www.debbiedingellforcongress.com/,11/3/26
Lloyd,Alton,,Doggett,II,H,House CD 37,Member of Congress,Texas,TX,Democratic,,G726,,https://doggett.house.gov/,http://www.votedoggett.com/,11/3/26
Byron,,,Donalds,,H,House CD 19,Member of Congress,Florida,FL,Republican,H2FL14186,G36896,G53510,https://donalds.house.gov/,http://www.byrondonalds.com/,11/3/26
Troy,,,Downing,,H,House CD 2,Member of Congress,Montana,MT,Republican,H4MT02098,G48678,G53608,https://downing.house.gov/,https://www.troydowning.com/,11/3/26
L.,Tammy,,Duckworth,,S,Senate Class 3,Senator,Illinois,IL,Democratic,,G21899,,https://duckworth.senate.gov/,http://www.tammyduckworth.com/,11/7/28
Neal,Patrick,,Dunn,,H,House CD 2,Member of Congress,Florida,FL,Republican,H6FL02208,G22828,G53499,https://dunn.house.gov/,http://www.nealdunn.com/,11/3/26
Richard,J.,Dick,Durbin,,S,Senate Class 2,Senator,Illinois,IL,Democratic,,G260,,https://durbin.senate.gov/,https://www.durbinforsenate.com/,11/3/26
Charles,Marion,Chuck,Edwards,,H,House CD 11,Member of Congress,North Carolina,NC,Republican,H2NC14050,G43202,G53295,https://edwards.house.gov/,https://www.chuckedwardsforcongress.com/,11/3/26
Sarah,Kelly,,Elfreth,,H,House CD 3,Member of Congress,Maryland,MD,Democratic,H4MD03156,G49181,G53578,https://elfreth.house.gov/,http://www.elfrethformaryland.com/,11/3/26
John,Kevin,Jake,Ellzey,Sr.,H,House CD 6,Member of Congress,Texas,TX,Republican,H8TX06266,G30012,G53723,https://ellzey.house.gov/,https://www.ellzeyfortexas.com/,11/3/26
Thomas,Earl,Tom,Emmer,Jr.,H,House CD 6,Member of Congress,Minnesota,MN,Republican,H4MN06087,G17806,G53597,https://emmer.house.gov/,http://www.emmerforcongress.com/,11/3/26
Joni,K.,,Ernst,,S,Senate Class 2,Senator,Iowa,IA,Republican,,G18006,,https://www.ernst.senate.gov/,https://www.joniernst.com/,11/3/26
Veronica,,,Escobar,,H,House CD 16,Member of Congress,Texas,TX,Democratic,H8TX16109,G29164,G53732,https://escobar.house.gov/,http://www.veronicaescobar.com/,11/3/26
Adriano,,,Espaillat,,H,House CD 13,Member of Congress,New York,NY,Democratic,H2NY13096,G23235,G53650,https://espaillat.house.gov/,https://www.adrianoespaillat.com/,11/3/26
Ron,,,Estes,,H,House CD 4,Member of Congress,Kansas,KS,Republican,H8KS04112,G5545,G53562,https://estes.house.gov/,https://estesforcongress.com/,11/3/26
Dwight,,,Evans,,H,House CD 3,Member of Congress,Pennsylvania,PA,Democratic,,G23222,,https://evans.house.gov/,http://www.dwightevans.com/,11/3/26
Timothy,Gabriel Joseph,Gabe,Evans,,H,House CD 8,Member of Congress,Colorado,CO,Republican,H4CO08034,G48773,G53493,https://gabeevans.house.gov/,https://www.electgabeevans.com/,11/3/26
Walter,Michael,Mike,Ezell,,H,House CD 4,Member of Congress,Mississippi,MS,Republican,H2MS04258,G40575,G53606,https://ezell.house.gov/,http://www.mikeezell.ms/,11/3/26
Patrick,,Pat,Fallon,,H,House CD 4,Member of Congress,Texas,TX,Republican,H0TX04219,G38489,G53720,https://fallon.house.gov/,https://www.fallonforcongress.com/,11/3/26
Julie,,,Fedorchak,,H,House At-Large,Member of Congress,North Dakota,ND,Republican,H4ND00061,G50259,G53618,https://fedorchak.house.gov/,https://www.fedorchaknd.com/,11/3/26
Randall,,Randy,Feenstra,,H,House CD 4,Member of Congress,Iowa,IA,Republican,,G34037,G53535,https://feenstra.house.gov/,http://www.feenstraforcongress.com/,11/3/26
John,Karl,,Fetterman,,S,Senate Class 3,Senator,Pennsylvania,PA,Democratic,,G39864,,https://www.fetterman.senate.gov/,https://www.johnfetterman.com/,11/7/28
Cleo,,,Fields,,H,House CD 6,Member of Congress,Louisiana,LA,Democratic,H4LA06211,G50062,G53570,https://senate.la.gov/smembers?ID=14,https://www.cleofields.com/,11/3/26
Shomari,C.,,Figures,,H,House CD 2,Member of Congress,Alabama,AL,Democratic,H4AL02170,G49247,G53431,https://figures.house.gov/,https://www.figuresforcongress.com/,11/3/26
Randy,,,Fine,,H,House CD 6,Member of Congress,Florida,FL,Republican,,G30640,,https://fine.house.gov/,https://www.voterandyfine.com/,11/3/26
Brad,,,Finstad,,H,House CD 1,Member of Congress,Minnesota,MN,Republican,H2MN01223,G26923,G53009,https://finstad.house.gov/,https://www.finstadforcongress.com/,11/3/26
Michelle,,,Fischbach,,H,House CD 7,Member of Congress,Minnesota,MN,Republican,H0MN07091,G35557,G53073,https://fischbach.house.gov/,http://www.fischbachforcongress.com/,11/3/26
Debra,S.,Deb,Fischer,,S,Senate Class 1,Senator,Nebraska,NE,Republican,,G12785,,https://fischer.senate.gov/,https://www.fischerfornebraska.com/,11/5/30
Scott,L.,,Fitzgerald,,H,House CD 5,Member of Congress,Wisconsin,WI,Republican,H0WI05113,G35683,G53787,https://fitzgerald.house.gov/,https://www.scottfitzgeraldforcongress.com/,11/3/26
Brian,K.,,Fitzpatrick,,H,House CD 1,Member of Congress,Pennsylvania,PA,Republican,H6PA08277,G27055,G53685,https://fitzpatrick.house.gov/,http://www.brianfitzpatrick.com/,11/3/26
Charles,J.,Chuck,Fleischmann,,H,House CD 3,Member of Congress,Tennessee,TN,Republican,H0TN03254,G6220,G53712,https://fleischmann.house.gov/,http://www.chuckforcongress.com/,11/3/26
Elizabeth,Pannill,Lizzie,Fletcher,,H,House CD 7,Member of Congress,Texas,TX,Democratic,H8TX07140,G28229,G53724,https://fletcher.house.gov/,https://www.lizziefletcher.com/,11/3/26
Mike,,,Flood,,H,House CD 1,Member of Congress,Nebraska,NE,Republican,H2NE01118,G481,G53822,https://flood.house.gov/,https://www.mikefloodfornebraska.com/,11/3/26
Vince,,,Fong,,H,House CD 20,Member of Congress,California,CA,Republican,H4CA20181,G77,G53462,https://fong.house.gov/,https://www.vincefong.com/,11/3/26
G.,William,Bill,Foster,,H,House CD 11,Member of Congress,Illinois,IL,Democratic,H8IL14067,G12664,G53544,https://foster.house.gov/,http://www.billfoster.com/,11/3/26
Valerie,Paige,,Foushee,,H,House CD 4,Member of Congress,North Carolina,NC,Democratic,H2NC06114,G43068,G53612,https://foushee.house.gov/,https://www.valeriefoushee.com/,11/3/26
Virginia,Ann,,Foxx,,H,House CD 5,Member of Congress,North Carolina,NC,Republican,H4NC05146,G447,G53327,https://foxx.house.gov/,http://www.virginiafoxx.com/,11/3/26
Lois,J.,,Frankel,,H,House CD 22,Member of Congress,Florida,FL,Democratic,H2FL14053,G12316,G53342,https://frankel.house.gov/,http://www.loisfrankelforcongress.com/,11/3/26
Scott,,,Franklin,,H,House CD 18,Member of Congress,Florida,FL,Republican,H0FL15104,G37580,G53509,https://franklin.house.gov/,https://www.votescottfranklin.com/,11/3/26
Laura,,,Friedman,,H,House CD 30,Member of Congress,California,CA,Democratic,H4CA30149,G47151,G53469,https://friedman.house.gov/,https://www.lauraforcongress.org/,11/3/26
Maxwell,Alejandro,,Frost,,H,House CD 10,Member of Congress,Florida,FL,Democratic,H2FL10259,G42220,G53503,https://frost.house.gov/,https://www.frostforcongress.com/,11/3/26
Russell,W.,,Fry,,H,House CD 7,Member of Congress,South Carolina,SC,Republican,H2SC07280,G42147,G53709,https://fry.house.gov/,https://www.russellfrysc.com/,11/3/26
Russell,,Russ,Fulcher,,H,House CD 1,Member of Congress,Idaho,ID,Republican,H8ID01124,G25759,G53536,https://fulcher.house.gov/,http://www.russfulcher.com/,11/3/26
Ruben,,,Gallego,,S,Senate Class 1,Senator,Arizona,AZ,Democratic,,G47192,,https://gallego.senate.gov/,https://www.gallegoforarizona.com/,11/5/30
John,Raymond,,Garamendi,,H,House CD 8,Member of Congress,California,CA,Democratic,H0CA10149,G65,G53337,https://garamendi.house.gov/,http://www.garamendi.org/,11/3/26
Andrew,R.,,Garbarino,,H,House CD 2,Member of Congress,New York,NY,Republican,H0NY02234,G39623,G53640,https://garbarino.house.gov/,https://www.garbarinoforny.com/,11/3/26
Jesus,G.,Chuy,Garcia,,H,House CD 4,Member of Congress,Illinois,IL,Democratic,H8IL04134,G29985,G53539,https://chuygarcia.house.gov/,https://www.chuyforcongress.com/,11/3/26
Robert,,,Garcia,,H,House CD 42,Member of Congress,California,CA,Democratic,H2CA47188,G43433,G53479,https://robertgarcia.house.gov/,https://www.robertgarcia.com/,11/3/26
Sylvia,R.,,Garcia,,H,House CD 29,Member of Congress,Texas,TX,Democratic,H8TX29052,G29840,G53751,https://sylviagarcia.house.gov/,https://www.sylviaforcongress.com/,11/3/26
Brandon,,,Gill,,H,House CD 26,Member of Congress,Texas,TX,Republican,H4TX26149,G49401,G53748,https://gill.house.gov/,https://brandongillforcongress.com/,11/3/26
Laura,,,Gillen,,H,House CD 4,Member of Congress,New York,NY,Democratic,H2NY04244,G48135,G53828,https://gillen.house.gov/,https://www.lauragillen.com/,11/3/26
Kirsten,Elizabeth,,Gillibrand,,S,Senate Class 1,Senator,New York,NY,Democratic,,G564,,https://gillibrand.senate.gov/,http://www.kirstengillibrand.com/,11/5/30
Carlos,A.,,Giménez,,H,House CD 28,Member of Congress,Florida,FL,Republican,H0FL26036,G36943,G53516,https://gimenez.house.gov/,https://www.carlosgimenezforcongress.com/,11/3/26
Marie,,,Gluesenkamp Perez,,H,House CD 3,Member of Congress,Washington,WA,Democratic,H2WA03217,G44397,G53775,https://gluesenkampperez.house.gov/,http://www.marieforcongress.com/,11/3/26
Jared,Forrest,,Golden,,H,House CD 2,Member of Congress,Maine,ME,Democratic,H8ME02185,G29150,G53819,https://golden.house.gov/,http://www.jaredgoldenforcongress.com/,11/3/26
Craig,,,Goldman,,H,House CD 12,Member of Congress,Texas,TX,Republican,H4TX12065,G49194,G53407,https://craiggoldman.house.gov/,https://www.craiggoldman.org/,11/3/26
Daniel,,Dan,Goldman,,H,House CD 10,Member of Congress,New York,NY,Democratic,H2NY10308,G46017,G53647,https://goldman.house.gov/,https://www.dangoldmanforny.com/,11/3/26
Jimmy,,,Gomez,,H,House CD 34,Member of Congress,California,CA,Democratic,H8CA34266,G86,G53472,https://gomez.house.gov/,http://www.jimmygomezforcongress.com/,11/3/26
Vicente,,,González,,H,House CD 34,Member of Congress,Texas,TX,Democratic,H6TX15162,G23353,G53756,https://gonzalez.house.gov/,http://www.vicentegonzalez.com/,11/3/26
Ernest,Anthony,Tony,Gonzales,II,H,House CD 23,Member of Congress,Texas,TX,Republican,H0TX35015,G34803,G53737,https://gonzales.house.gov/,http://www.tonygonzalesforcongress.com/,11/3/26
Lance,,,Gooden,,H,House CD 5,Member of Congress,Texas,TX,Republican,H8TX05144,G30099,G53721,https://gooden.house.gov/,http://www.lancegooden.com/,11/3/26
Maggie,,,Goodlander,,H,House CD 2,Member of Congress,New Hampshire,NH,Democratic,H4NH02399,G50953,G53619,https://goodlander.house.gov/,https://www.maggiefornh.com/,11/3/26
Paul,Anthony,,Gosar,,H,House CD 9,Member of Congress,Arizona,AZ,Republican,H0AZ01259,G6337,G53800,https://gosar.house.gov/,https://drpaulgosar.com/,11/3/26
Joshua,S.,Josh,Gottheimer,,H,House CD 5,Member of Congress,New Jersey,NJ,Democratic,H6NJ05171,G22371,G53824,https://gottheimer.house.gov/,http://www.josh4congress.com/,11/3/26
Lindsey,Olin,,Graham,,S,Senate Class 2,Senator,South Carolina,SC,Republican,S0SC00149,G670,G46951,http://lgraham.senate.gov/,http://www.lindseygraham.com/,11/3/26
Charles,E.,Chuck,Grassley,,S,Senate Class 3,Senator,Iowa,IA,Republican,,G223,,https://grassley.senate.gov/,https://www.grassleyworks.com/,11/7/28
Samuel,B.,Sam,Graves,Jr.,H,House CD 6,Member of Congress,Missouri,MO,Republican,H0MO06073,G404,G53601,https://graves.house.gov/,http://www.gravesforcongress.com/,11/3/26
Adam,C.,,Gray,,H,House CD 13,Member of Congress,California,CA,Democratic,H2CA13115,G46921,G53802,https://gray.house.gov/,https://www.adamgrayforcongress.com/,11/3/26
Alexander,,Al,Green,,H,House CD 9,Member of Congress,Texas,TX,Democratic,H4TX09095,G709,G53726,https://algreen.house.gov/,https://www.algreen.org/,11/3/26
Mark,E.,,Green,,H,House CD 7,Member of Congress,Tennessee,TN,Republican,,G27095,,https://markgreen.house.gov/,https://www.markgreentn.com/,11/3/26
Marjorie,Taylor,,Greene,,H,House CD 14,Member of Congress,Georgia,GA,Republican,H0GA06192,G34889,G53529,https://greene.house.gov/,https://www.marjorietaylorgreene.com/,11/3/26
H.,Morgan,Morgan,Griffith,,H,House CD 9,Member of Congress,Virginia,VA,Republican,H0VA09055,G9034,G53769,https://morgangriffith.house.gov/,http://www.morgangriffithforcongress.com/,11/3/26
Adelita,,,Grijalva,,H,House CD 7,Member of Congress,Arizona,AZ,Democratic,,G45,,https://grijalva.house.gov/,https://www.adelitaforcongress.com/,11/3/26
Glenn,S.,,Grothman,,H,House CD 6,Member of Congress,Wisconsin,WI,Republican,H4WI06048,G20510,G53788,https://grothman.house.gov/,http://www.glenngrothman.com/,11/3/26
Michael,Patrick,,Guest,,H,House CD 3,Member of Congress,Mississippi,MS,Republican,H8MS03125,G30479,G53605,https://guest.house.gov/,http://www.michaelguest.ms/,11/3/26
Steven,Brett,Brett,Guthrie,,H,House CD 2,Member of Congress,Kentucky,KY,Republican,H8KY02031,G2987,G52834,https://guthrie.house.gov/,http://www.brettguthrie.com/,11/3/26
Harriet,,,Hageman,,H,House At-Large,Member of Congress,Wyoming,WY,Republican,H2WY00166,G42439,G53792,https://hageman.house.gov/,https://www.hagemanforwyoming.com/,11/3/26
Bill,,,Hagerty,,S,Senate Class 2,Senator,Tennessee,TN,Republican,S0TN00169,G35595,G46954,https://www.hagerty.senate.gov/,https://www.teamhagerty.com/,11/3/26
Abraham,,Abe,Hamadeh,,H,House CD 8,Member of Congress,Arizona,AZ,Republican,H4AZ08108,G49078,G53444,https://hamadeh.house.gov/,https://www.abeforaz.com/,11/3/26
Josh,,,Harder,,H,House CD 9,Member of Congress,California,CA,Democratic,H8CA10126,G28125,G53453,https://harder.house.gov/,https://www.harderforcongress.com/,11/3/26
Mike,,,Haridopolos,,H,House CD 8,Member of Congress,Florida,FL,Republican,H4FL08168,G50893,G52749,https://haridopolos.house.gov/,https://www.mike4congress.com/,11/3/26
Patrick,Luke,Pat,Harrigan,,H,House CD 10,Member of Congress,North Carolina,NC,Republican,H2NC13243,G48741,G53615,https://harrigan.house.gov/,https://www.harriganforcongress.com/,11/3/26
Andrew,P.,Andy,Harris,,H,House CD 1,Member of Congress,Maryland,MD,Republican,H8MD01094,G5749,G53576,https://harris.house.gov/,http://www.andyharris.com/,11/3/26
Mark,Everette,,Harris,,H,House CD 8,Member of Congress,North Carolina,NC,Republican,H6NC09200,G48817,G52945,https://harris.house.gov/,https://www.markharrisforcongress.org/,11/3/26
Diana,Lynn,,Harshbarger,,H,House CD 1,Member of Congress,Tennessee,TN,Republican,H0TN01118,G37448,G53404,https://harshbarger.house.gov/,https://www.votediana.com/,11/3/26
Margaret,Wood,Maggie,Hassan,,S,Senate Class 3,Senator,New Hampshire,NH,Democratic,,G23085,,https://hassan.senate.gov/,http://www.maggiehassan.com/,11/7/28
Joshua,David,Josh,Hawley,,S,Senate Class 1,Senator,Missouri,MO,Republican,,G29068,,https://hawley.senate.gov/,http://www.joshhawley.com/,11/5/30
Jahana,,,Hayes,,H,House CD 5,Member of Congress,Connecticut,CT,Democratic,H8CT05245,G32378,G53496,https://hayes.house.gov/,http://www.jahanahayes.com/,11/3/26
Martin,Trevor,,Heinrich,,S,Senate Class 1,Senator,New Mexico,NM,Democratic,,G11766,,https://heinrich.senate.gov/,http://www.martinheinrich.com/,11/5/30
Kevin,R.,,Hern,,H,House CD 1,Member of Congress,Oklahoma,OK,Republican,H8OK01157,G27567,G53675,https://hern.house.gov/,http://www.hernforcongress.com/,11/3/26
John,W.,,Hickenlooper,,S,Senate Class 2,Senator,Colorado,CO,Democratic,S0CO00575,G46969,G46931,https://hickenlooper.senate.gov/,http://www.hickenlooper.com/,11/3/26
Clay,,,Higgins,,H,House CD 3,Member of Congress,Louisiana,LA,Republican,H6LA03148,G26982,G53095,https://clayhiggins.house.gov/,http://www.captainhiggins.com/,11/3/26
James,French,French,Hill,,H,House CD 2,Member of Congress,Arkansas,AR,Republican,H4AR02141,G18521,G53437,https://hill.house.gov/,http://www.electfrench.com/,11/3/26
Jim,,,Himes,,H,House CD 4,Member of Congress,Connecticut,CT,Democratic,H8CT04172,G1495,G53811,https://himes.house.gov/,http://www.himesforcongress.com/,11/3/26
Ashley,,,Hinson Arenholz,,S,Senate Class 2,Member of Congress,Iowa,IA,Republican,S6IA00314,G53533,G34777,https://hinson.house.gov/,https://www.ashleyhinson.com/,11/3/26
Mazie,K.,,Hirono,,S,Senate Class 1,Senator,Hawaii,HI,Democratic,,G12083,,https://www.hirono.senate.gov/,http://www.mazieforhawaii.com/,11/5/30
John,,,Hoeven,,S,Senate Class 3,Senator,North Dakota,ND,Republican,,G8297,,https://hoeven.senate.gov/,http://www.hoevenforsenate.com/,11/7/28
Steven,Alexzander,,Horsford,,H,House CD 4,Member of Congress,Nevada,NV,Democratic,H2NV04011,G30700,G53638,https://horsford.house.gov/,https://www.stevenhorsford.com/,11/3/26
Erin,,,Houchin,,H,House CD 9,Member of Congress,Indiana,IN,Republican,H6IN09143,G43742,G53557,https://houchin.house.gov/,https://www.erinhouchin.com/,11/3/26
Christina,Jampoler,Chrissy,Houlahan,,H,House CD 6,Member of Congress,Pennsylvania,PA,Democratic,H8PA06087,G27743,G53690,https://houlahan.house.gov/,http://www.chrissyhoulahanforcongress.com/,11/3/26
Steny,Hamilton,,Hoyer,,H,House CD 5,Member of Congress,Maryland,MD,Democratic,H2MD05155,G350,G53581,https://hoyer.house.gov/,http://www.hoyerforcongress.com/,11/3/26
Valerie,,Val,Hoyle,,H,House CD 4,Member of Congress,Oregon,OR,Democratic,H2OR04095,G42222,G53682,https://hoyle.house.gov/,https://www.valhoyle.com/,11/3/26
Richard,Lane,,Hudson,Jr.,H,House CD 9,Member of Congress,North Carolina,NC,Republican,H2NC08185,G13320,G53614,https://hudson.house.gov/,https://www.richardhudson.org/,11/3/26
Jared,W.,,Huffman,,H,House CD 2,Member of Congress,California,CA,Democratic,H2CA06259,G11720,G53446,https://huffman.house.gov/,http://www.jaredhuffman.com/,11/3/26
William,P.,Bill,Huizenga,,H,House CD 4,Member of Congress,Michigan,MI,Republican,H0MI02094,G5339,G53587,https://huizenga.house.gov/,https://www.huizengaformichigan.com/,11/3/26
Wesley,P.,,Hunt,,H,House CD 38,Member of Congress,Texas,TX,Republican,H0TX07170,G41567,G53758,https://hunt.house.gov/,https://www.wesleyfortexas.com/,11/3/26
Jeffrey,,Jeff,Hurd,,H,House CD 3,Member of Congress,Colorado,CO,Republican,H4CO03357,G48682,G53809,https://hurd.house.gov/,https://www.jeffhurdforcolorado.com/,11/3/26
Jon,A.,,Husted,,S,Senate Class 3 Special,Senator,Ohio,OH,Republican,S6OH00304,G52718,G41340,https://husted.senate.gov/,https://www.jonhusted.com/,11/3/26
Cindy,,,Hyde-Smith,,S,Senate Class 2,Senator,Mississippi,MS,Republican,S8MS00261,G425,G46942,https://www.hydesmith.senate.gov/,https://cindyhydesmith.com/,11/3/26
Darrell,Edward,,Issa,,H,House CD 48,Member of Congress,California,CA,Republican,H0CA48024,G35538,G53483,https://issa.house.gov/,https://www.darrellissa.com/,11/3/26
Glenn,F.,,Ivey,,H,House CD 4,Member of Congress,Maryland,MD,Democratic,H2MD04315,G42816,G53579,https://ivey.house.gov/,https://www.glennivey.com/,11/3/26
Brian,,,Jack,,H,House CD 3,Member of Congress,Georgia,GA,Republican,H4GA03126,G50511,G53519,https://jack.house.gov/,https://www.brianjack.com/,11/3/26
Jonathan,L.,,Jackson,,H,House CD 1,Member of Congress,Illinois,IL,Democratic,H2IL01349,G43989,G53812,https://jonathanjackson.house.gov/,,11/3/26
Ronny,Lynn,,Jackson,,H,House CD 13,Member of Congress,Texas,TX,Republican,H0TX13228,G36547,G53729,https://jackson.house.gov/,https://www.ronnyjacksontx.com/,11/3/26
Sara,,,Jacobs,,H,House CD 51,Member of Congress,California,CA,Democratic,H8CA49074,G35590,G53486,https://sarajacobs.house.gov/,https://www.sarajacobsforca.com/,11/3/26
John,,,James,,H,House CD 10,Member of Congress,Michigan,MI,Republican,,G44024,G53276,https://james.house.gov/,https://www.johnjamesmi.com/,11/3/26
Pramila,,,Jayapal,,H,House CD 7,Member of Congress,Washington,WA,Democratic,H6WA07458,G23899,G53779,https://jayapal.house.gov/,http://www.pramilaforcongress.com/,11/3/26
Hakeem,S.,,Jeffries,,H,House CD 8,Member of Congress,New York,NY,Democratic,H2NY10092,G12574,G53645,https://jeffries.house.gov/,https://hakeemjeffries.com/,11/3/26
Dustin,,Dusty,Johnson,,H,House At-Large,Member of Congress,South Dakota,SD,Republican,,G26939,G53710,https://dustyjohnson.house.gov/,http://www.dustyjohnson.com/,11/3/26
Henry,Calvin,Hank,Johnson,Jr.,H,House CD 4,Member of Congress,Georgia,GA,Democratic,H6GA04129,G192,G53520,https://hankjohnson.house.gov/,https://www.hankforcongress.com/,11/3/26
James,Michael,Mike,Johnson,,H,House CD 4,Member of Congress,Louisiana,LA,Republican,H6LA04138,G26981,G53569,https://mikejohnson.house.gov/,https://www.mikejohnsonforlouisiana.com/,11/3/26
Julie,,,Johnson,,H,House CD 32,Member of Congress,Texas,TX,Democratic,H4TX32089,G48321,G53754,https://juliejohnson.house.gov/,https://www.juliejohnson.com/,11/3/26
Ronald,Harold,Ron,Johnson,,S,Senate Class 3,Senator,Wisconsin,WI,Republican,,G10193,,https://ronjohnson.senate.gov/,http://www.ronjohnsonforsenate.com/,11/7/28
James,D.,Jim,Jordan,,H,House CD 4,Member of Congress,Ohio,OH,Republican,H6OH04082,G572,G53666,https://jordan.house.gov/,http://www.jimjordanforcongress.com/,11/3/26
David,P.,Dave,Joyce,,H,House CD 14,Member of Congress,Ohio,OH,Republican,H2OH14064,G15811,G53673,https://joyce.house.gov/,http://www.joyceforcongress.com/,11/3/26
John,,,Joyce,,H,House CD 13,Member of Congress,Pennsylvania,PA,Republican,H8PA13125,G33562,G53696,https://johnjoyce.house.gov/,https://www.johnjoyceforcongress.com/,11/3/26
James,Conley,Jim,Justice,II,S,Senate Class 1,Senator,West Virginia,WV,Republican,,G48066,,http://justice.senate.gov/,https://www.jimjusticewv.com/,11/5/30
Timothy,Michael,Tim,Kaine,,S,Senate Class 1,Senator,Virginia,VA,Democratic,,G12366,,https://kaine.senate.gov/,https://www.timkaine.com/,11/5/30
Sydney,K.,,Kamlager-Dove,,H,House CD 37,Member of Congress,California,CA,Democratic,H2CA37304,G43168,G53474,https://kamlager-dove.house.gov/,https://www.sydneykamlager.com/,11/3/26
Marcia,Carolyn,Marcy,Kaptur,,H,House CD 9,Member of Congress,Ohio,OH,Democratic,H2OH09031,G577,G53669,https://kaptur.house.gov/,https://marcykaptur.com/,11/3/26
Thomas,H.,Tom,Kean,Jr.,H,House CD 7,Member of Congress,New Jersey,NJ,Republican,H0NJ07261,G41855,G53624,https://kean.house.gov/,https://www.tomkean.com/,11/3/26
William,Richard,Bill,Keating,,H,House CD 9,Member of Congress,Massachusetts,MA,Democratic,H0MA10082,G9267,G53818,https://keating.house.gov/,http://www.keatingforcongress.com/,11/3/26
George,Joseph,Mike,Kelly,Jr.,H,House CD 16,Member of Congress,Pennsylvania,PA,Republican,H0PA03271,G8615,G53699,https://kelly.house.gov/,https://www.mikekellyforcongress.com/,11/3/26
John,Trent,Trent,Kelly,,H,House CD 1,Member of Congress,Mississippi,MS,Republican,H6MS01131,G6736,G53604,https://trentkelly.house.gov/,http://www.kellyformississippi.com/,11/3/26
Mark,,,Kelly,,S,Senate Class 3,Senator,Arizona,AZ,Democratic,,G49,,https://kelly.senate.gov/,https://www.markkelly.com/,11/7/28
Robin,L.,,Kelly,,S,Senate Class 2,Member of Congress,Illinois,IL,Democratic,S6IL00474,G53537,G242,https://robinkelly.house.gov/,https://www.robinforsenate.com/,11/3/26
John,Neely,,Kennedy,,S,Senate Class 3,Senator,Louisiana,LA,Republican,,G26980,,https://kennedy.senate.gov/,http://www.johnkennedy.com/,11/7/28
Michael,S.,Mike,Kennedy,,H,House CD 3,Member of Congress,Utah,UT,Republican,H4UT03260,G49844,G53760,https://mikekennedy.house.gov/,https://www.kennedyforutah.org/,11/3/26
Timothy,M.,Tim,Kennedy,,H,House CD 26,Member of Congress,New York,NY,Democratic,H4NY26078,G561,G53663,https://kennedy.house.gov/,https://www.kennedyforuscongress.com/,11/3/26
Rohit,,Ro,Khanna,,H,House CD 17,Member of Congress,California,CA,Democratic,H4CA12055,G22221,G53460,https://khanna.house.gov/,http://www.rokhanna.com/,11/3/26
Jennifer,A.,Jen,Kiggans,,H,House CD 2,Member of Congress,Virginia,VA,Republican,H2VA02064,G40607,G53763,https://kiggans.house.gov/,https://www.jenforcongress.com/,11/3/26
Kevin,,,Kiley,,H,House CD 3,Member of Congress,California,CA,Republican,H2CA03157,G43636,G53447,https://kiley.house.gov/,https://electkevinkiley.com/,11/3/26
Andrew,,Andy,Kim,,S,Senate Class 1,Senator,New Jersey,NJ,Democratic,,G47626,,https://kim.senate.gov/,https://www.andykim.com/,11/5/30
Young,,,Kim,,H,House CD 40,Member of Congress,California,CA,Republican,H8CA39240,G34639,G53477,https://youngkim.house.gov/,https://www.youngkimforcongress.com/,11/3/26
Angus,Stanley,,King,Jr.,S,Senate Class 1,Senator,Maine,ME,Independent,,G14546,,https://king.senate.gov/,http://www.angusformaine.com/,11/5/30
Kimberlyn,Kay,,King-Hinds,,O,Delegate to the House of Representatives,Territorial Delegate,Northern Marianas,MP,Republican,H4MP01022,G50525,G53347,https://king-hinds.house.gov/,https://www.kinghinds.com/,11/3/26
Amy,J.,,Klobuchar,,S,Senate Class 1,Senator,Minnesota,MN,Democratic,,G392,,http://klobuchar.senate.gov/,http://www.amyklobuchar.com/,11/5/30
John,Bradford,Brad,Knott,,H,House CD 13,Member of Congress,North Carolina,NC,Republican,H4NC13116,G49183,G53616,https://knott.house.gov/,https://www.bradknottforcongress.com/,11/3/26
S.,Raja,,Krishnamoorthi,,S,Senate Class 2,Member of Congress,Illinois,IL,Democratic,S6IL00482,G53543,G22433,https://krishnamoorthi.house.gov/,http://www.rajaforcongress.com/,11/3/26
David,,,Kustoff,,H,House CD 8,Member of Congress,Tennessee,TN,Republican,H2TN07103,G23998,G53716,https://kustoff.house.gov/,http://www.kustoffforcongress.com/,11/3/26
Darin,McKay,,LaHood,,H,House CD 16,Member of Congress,Illinois,IL,Republican,H6IL18088,G2002,G53549,https://lahood.house.gov/,https://lahoodforcongress.com/,11/3/26
Nicholas,J.,Nick,LaLota,,H,House CD 1,Member of Congress,New York,NY,Republican,H2NY01190,G44392,G53639,https://lalota.house.gov/,https://www.nicklalota.com/,11/3/26
Doug,,,LaMalfa,,H,House CD 1,Member of Congress,California,CA,Republican,H2CA02142,G13888,G53445,https://lamalfa.house.gov/,http://www.douglamalfa.com/,11/3/26
Greg,,,Landsman,,H,House CD 1,Member of Congress,Ohio,OH,Democratic,H2OH01194,G43604,G53664,https://landsman.house.gov/,https://www.landsmanforcongress.com/,11/3/26
Nicholas,A.,Nick,Langworthy,,H,House CD 23,Member of Congress,New York,NY,Republican,H2NY23228,G46101,G53399,https://langworthy.house.gov/,https://www.nicklangworthy.com/,11/3/26
James,Paul,,Lankford,,S,Senate Class 3,Senator,Oklahoma,OK,Republican,,G606,,https://lankford.senate.gov/,http://www.jameslankford.com/,11/7/28
Richard,Ray,Rick,Larsen,,H,House CD 2,Member of Congress,Washington,WA,Democratic,H0WA02080,G782,G53774,https://larsen.house.gov/,http://www.ricklarsen.org/,11/3/26
John,B.,,Larson,,H,House CD 1,Member of Congress,Connecticut,CT,Democratic,H8CT01046,G133,G53388,https://larson.house.gov/,http://www.larsonforcongress.org/,11/3/26
George,Stephen,,Latimer,,H,House CD 16,Member of Congress,New York,NY,Democratic,H4NY16087,G49499,G53653,https://latimer.house.gov/,https://www.latimerforny.com/,11/3/26
Robert,Edward,Bob,Latta,,H,House CD 5,Member of Congress,Ohio,OH,Republican,H8OH05036,G573,G53830,https://latta.house.gov/,http://www.lattaforcongress.com/,11/3/26
Michael,Vincent,Mike,Lawler,,H,House CD 17,Member of Congress,New York,NY,Republican,H2NY17162,G45820,G53398,https://lawler.house.gov/,https://www.lawler4ny.com/,11/3/26
Laurel,,,Lee,,H,House CD 15,Member of Congress,Florida,FL,Republican,H2FL15241,G45796,G53507,https://laurellee.house.gov/,http://www.votelaurel.com/,11/3/26
Mike,,,Lee,,S,Senate Class 3,Senator,Utah,UT,Republican,,G8210,,https://lee.senate.gov/,http://www.leeforsenate.com/,11/7/28
Summer,Lynn,,Lee,,H,House CD 12,Member of Congress,Pennsylvania,PA,Democratic,H2PA18200,G42769,G53695,https://summerlee.house.gov/,https://www.summerforpa.com/,11/3/26
Susan,Kelley,Susie,Lee,,H,House CD 3,Member of Congress,Nevada,NV,Democratic,H6NV04020,G29304,G53635,https://susielee.house.gov/,https://www.susieleeforcongress.com/,11/3/26
Teresa,,,Leger Fernandez,,H,House CD 3,Member of Congress,New Mexico,NM,Democratic,H0NM03102,G34685,G53826,https://fernandez.house.gov/,https://www.teresaforall.com/,11/3/26
Julia,,,Letlow,,H,House CD 5,Member of Congress,Louisiana,LA,Republican,H2LA05126,G39696,G53816,https://letlow.house.gov/,https://www.julialetlow.com/,11/3/26
Mike,,,Levin,,H,House CD 49,Member of Congress,California,CA,Democratic,H8CA49058,G27516,G53484,https://levin.house.gov/,http://www.mikelevin.org/,11/3/26
Sam,T.,,Liccardo,,H,House CD 16,Member of Congress,California,CA,Democratic,H4CA16197,G49483,G53459,https://liccardo.house.gov/,https://www.samliccardo.com/,11/3/26
Ted,W.,,Lieu,,H,House CD 36,Member of Congress,California,CA,Democratic,H4CA33119,G19351,G53806,https://lieu.house.gov/,http://www.lieuforcongress.com/,11/3/26
Zoe,,,Lofgren,,H,House CD 18,Member of Congress,California,CA,Democratic,H4CA16049,G71,G53461,https://lofgren.house.gov/,https://www.zoelofgren.com/,11/3/26
Barry,D.,,Loudermilk,,H,House CD 11,Member of Congress,Georgia,GA,Republican,H4GA11061,G17614,G53526,https://loudermilk.house.gov/,http://www.standwithbarry.com/,11/3/26
Frank,D.,,Lucas,,H,House CD 3,Member of Congress,Oklahoma,OK,Republican,H4OK06056,G600,G53677,https://lucas.house.gov/,http://www.frankdlucas.com/,11/3/26
Ben,Ray,,Luján,,S,Senate Class 2,Senator,New Mexico,NM,Democratic,S0NM00058,G33802,G46947,https://lujan.senate.gov/,https://www.benraylujan.com/,11/3/26
Cynthia,Marie,,Lummis,,S,Senate Class 2,Senator,Wyoming,WY,Republican,S0WY00137,G35003,G46958,https://www.lummis.senate.gov/,http://www.lummisforwyoming.com/,11/3/26
Anna,Paulina,,Luna,,H,House CD 13,Member of Congress,Florida,FL,Republican,H0FL13158,G41210,G53505,https://luna.house.gov/,https://www.voteannapaulina.com/,11/3/26
Morgan,Joe,,Luttrell,,H,House CD 8,Member of Congress,Texas,TX,Republican,,G41566,,https://luttrell.house.gov/,https://www.morganluttrell.com/,11/3/26
Stephen,F.,,Lynch,,H,House CD 8,Member of Congress,Massachusetts,MA,Democratic,H2MA09072,G337,G53393,https://lynch.house.gov/,http://www.stephenflynch.com/,11/3/26
Nancy,Ruth,,Mace,,H,House CD 1,Member of Congress,South Carolina,SC,Republican,,G35028,G53703,https://mace.house.gov/,https://www.nancymace.org/,11/3/26
Ryan,Edward,,Mackenzie,,H,House CD 7,Member of Congress,Pennsylvania,PA,Republican,H8PA15195,G48549,G53691,https://mackenzie.house.gov/,https://www.mackenzieforcongress.com/,11/3/26
Seth,M.,,Magaziner,,H,House CD 2,Member of Congress,Rhode Island,RI,Democratic,H2RI02184,G42465,G53702,https://magaziner.house.gov/,https://www.sethmagaziner.com/,11/3/26
Nicole,,,Malliotakis,,H,House CD 11,Member of Congress,New York,NY,Republican,H0NY11078,G34033,G53648,https://malliotakis.house.gov/,https://www.nicolemalliotakis.com/,11/3/26
Celeste,,,Maloy,,H,House CD 2,Member of Congress,Utah,UT,Republican,H4UT02296,G13489,G53411,https://maloy.house.gov/,https://www.celesteforutah.com/,11/3/26
Tracey,Robert,,Mann,,H,House CD 1,Member of Congress,Kansas,KS,Republican,H0KS01123,G35598,G53559,https://mann.house.gov/,http://www.traceymann.com/,11/3/26
John,W.,,Mannion,,H,House CD 22,Member of Congress,New York,NY,Democratic,H4NY22085,G48471,G53660,https://mannion.house.gov/,https://www.mannionforny.com/,11/3/26
Edward,John,Ed,Markey,,S,Senate Class 2,Senator,Massachusetts,MA,Democratic,S4MA00028,G340,G39878,https://markey.senate.gov/,https://www.edmarkey.com/,11/3/26
Roger,W.,Doc,Marshall,,S,Senate Class 2,Senator,Kansas,KS,Republican,S0KS00315,G33748,G46936,https://marshall.senate.gov/,https://www.kansansformarshall.com/,11/3/26
Thomas,H.,,Massie,,H,House CD 4,Member of Congress,Kentucky,KY,Republican,H2KY04121,G13913,G53565,https://massie.house.gov/,http://www.thomasmassie.com/,11/3/26
Brian,,,Mast,,H,House CD 21,Member of Congress,Florida,FL,Republican,H6FL18097,G22678,G52663,https://mast.house.gov/,http://www.mastforcongress.com/,11/3/26
Doris,K.,,Matsui,,H,House CD 7,Member of Congress,California,CA,Democratic,H6CA05195,G60,G53452,https://matsui.house.gov/,http://www.matsuiforcongress.com/,11/3/26
Lucia,Kay,Lucy,McBath,,H,House CD 6,Member of Congress,Georgia,GA,Democratic,H8GA06393,G31482,G53521,https://mcbath.house.gov/,http://www.lucyforcongress.com/,11/3/26
Sarah,Elizabeth,,McBride,,H,House At-Large,Member of Congress,Delaware,DE,Democratic,H4DE00045,G48367,G53498,https://mcbride.house.gov/,https://www.sarahmcbride.com/,11/3/26
Michael,T.,,McCaul,,H,House CD 10,Member of Congress,Texas,TX,Republican,,G710,,https://mccaul.house.gov/,http://www.michaelmccaul.com/,11/3/26
Lisa,,,McClain,,H,House CD 9,Member of Congress,Michigan,MI,Republican,H0MI10287,G36071,G53591,https://mcclain.house.gov/,http://www.lisamcclainforcongress.com/,11/3/26
April,,,McClain Delaney,,H,House CD 6,Member of Congress,Maryland,MD,Democratic,H4MD06340,G49130,G53582,https://mcclaindelaney.house.gov/,https://www.aprilmcclaindelaneyforcongress.com/,11/3/26
Jennifer,L.,,McClellan,,H,House CD 4,Member of Congress,Virginia,VA,Democratic,H4VA04066,G24243,G53764,https://mcclellan.house.gov/,https://www.jennifermcclellan.com/,11/3/26
Thomas,,Tom,McClintock,,H,House CD 5,Member of Congress,California,CA,Republican,H8CA04152,G3186,G53449,https://mcclintock.house.gov/,http://www.tommcclintock.com/,11/3/26
Betty,,,McCollum,,H,House CD 4,Member of Congress,Minnesota,MN,Democratic-Farmer Labor,H0MN04049,G53596,G387,https://mccollum.house.gov/,http://www.mccollumforcongress.com/,11/3/26
Mitch,,,McConnell,,S,Senate Class 2,Senator,Kentucky,KY,Republican,,G304,,http://mcconnell.senate.gov/,http://www.teammitch.com/,11/3/26
David,H.,Dave,McCormick,,S,Senate Class 1,Senator,Pennsylvania,PA,Republican,,G48846,,https://mccormick.senate.gov/,https://www.davemccormickpa.com/,11/5/30
Richard,Dean,Rich,McCormick,,H,House CD 7,Member of Congress,Georgia,GA,Republican,H0GA07273,G39669,G53522,https://mccormick.house.gov/,https://www.richmccormick.us/,11/3/26
Kristen,,,McDonald Rivet,,H,House CD 8,Member of Congress,Michigan,MI,Democratic,H4MI08218,G49835,G53320,https://mcdonaldrivet.house.gov/,https://www.kristenmcdonaldrivet.com/,11/3/26
Addison,Parker,,McDowell,,H,House CD 6,Member of Congress,North Carolina,NC,Republican,H4NC06177,G49631,G53310,https://mcdowell.house.gov/,https://www.mcdowellfornc.com/,11/3/26
Morgan,,,McGarvey,,H,House CD 3,Member of Congress,Kentucky,KY,Democratic,H2KY03206,G42727,G53564,https://mcgarvey.house.gov/,http://morganmcgarvey.com/,11/3/26
James,P.,Jim,McGovern,,H,House CD 2,Member of Congress,Massachusetts,MA,Democratic,H4MA03022,G331,G53326,https://mcgovern.house.gov/,http://www.jimmcgovern.com/,11/3/26
John,J.,,McGuire,III,H,House CD 5,Member of Congress,Virginia,VA,Republican,H0VA07133,G49312,G52699,https://mcguire.house.gov/,http://www.mcguireva.com/,11/3/26
LaMonica,R.,,McIver,,H,House CD 10,Member of Congress,New Jersey,NJ,Democratic,H4NJ10176,G503,G53628,https://mciver.house.gov/,https://www.lamonicamciver.com/,11/3/26
Gregory,Weldon,,Meeks,,H,House CD 5,Member of Congress,New York,NY,Democratic,H8NY06048,G540,G53642,https://meeks.house.gov/,http://www.congressmangregorymeeks.com/,11/3/26
Robert,J.,Rob,Menendez,,H,House CD 8,Member of Congress,New Jersey,NJ,Democratic,H2NJ08232,G43445,G53626,https://menendez.house.gov/,https://www.robmenendez.com/,11/3/26
Grace,,,Meng,,H,House CD 6,Member of Congress,New York,NY,Democratic,H2NY06116,G14833,G53643,https://meng.house.gov/,http://www.gracefornewyork.com/,11/3/26
Jeffrey,Alan,Jeff,Merkley,,S,Senate Class 2,Senator,Oregon,OR,Democratic,S8OR00207,G1972,G46949,https://merkley.senate.gov/,http://www.jeffmerkley.com/,11/3/26
Mark,,,Messmer,,H,House CD 8,Member of Congress,Indiana,IN,Republican,H4IN08249,G50082,G53556,https://messmer.house.gov/,https://www.markmessmer.com/,11/3/26
Daniel,Philip,Dan,Meuser,,H,House CD 9,Member of Congress,Pennsylvania,PA,Republican,H8PA10147,G29237,G53403,https://meuser.house.gov/,http://www.meuserforcongress.com/,11/3/26
Kweisi,,,Mfume,,H,House CD 7,Member of Congress,Maryland,MD,Democratic,H6MD07020,G352,G53583,https://mfume.house.gov/,https://www.mfumeforcongress.com/,11/3/26
Carol,Devine,,Miller,,H,House CD 1,Member of Congress,West Virginia,WV,Republican,H8WV03097,G28904,G53791,https://miller.house.gov/,http://www.electcarolmiller.com/,11/3/26
Mary,,,Miller,,H,House CD 15,Member of Congress,Illinois,IL,Republican,H0IL15129,G35972,G53548,https://marymiller.house.gov/,https://www.marymillerforcongress.com/,11/3/26
Max,,,Miller,,H,House CD 7,Member of Congress,Ohio,OH,Republican,H2OH16051,G40248,G53668,https://maxmiller.house.gov/,https://www.votemaxmiller.com/,11/3/26
Mariannette,Jane,,Miller-Meeks,,H,House CD 1,Member of Congress,Iowa,IA,Republican,H8IA02043,G39705,G53532,https://millermeeks.house.gov/,https://drmillermeeks.com/,11/3/26
Cory,Lee,,Mills,,H,House CD 7,Member of Congress,Florida,FL,Republican,H2FL07156,G40523,G53501,https://mills.house.gov/,https://www.millsforflorida.com/,11/3/26
Dave,,,Min,,H,House CD 47,Member of Congress,California,CA,Democratic,H4CA47085,G47171,G53482,https://min.house.gov/,http://www.davemin.com/,11/3/26
Ashley,,,Moody,,S,Senate Class 3,Senator,Florida,FL,Republican,S6FL00640,G52728,G5561,https://moody.senate.gov/,https://www.ashleymoody.com/,11/7/28
John,R.,,Moolenaar,,H,House CD 2,Member of Congress,Michigan,MI,Republican,H4MI04126,G20502,G53586,https://moolenaar.house.gov/,http://www.johnmoolenaarforcongress.com/,11/3/26
Blake,David,,Moore,,H,House CD 1,Member of Congress,Utah,UT,Republican,H0UT01205,G37326,G53759,https://blakemoore.house.gov/,https://www.electmoore.com/,11/3/26
Felix,Barry,Barry,Moore,,H,House CD 1,Member of Congress,Alabama,AL,Republican,,G35350,,https://barrymoore.house.gov/,http://www.barrymooreforcongress.com/,11/3/26
Gwendolynne,S.,Gwen,Moore,,H,House CD 4,Member of Congress,Wisconsin,WI,Democratic,H4WI04183,G802,G53786,https://gwenmoore.house.gov/,https://www.gwenmooreforcongress.com/,11/3/26
Riley,McGowan,,Moore,,H,House CD 2,Member of Congress,West Virginia,WV,Republican,H4WV02205,G46919,G53412,http://rileymoore.house.gov/,https://www.mooreforwv.com/,11/3/26
Timothy,Keith,Tim,Moore,,H,House CD 14,Member of Congress,North Carolina,NC,Republican,H4NC14015,G49193,G53617,https://timmoore.house.gov/,https://www.timmoorenc.com/,11/3/26
Jerry,,,Moran,,S,Senate Class 3,Senator,Kansas,KS,Republican,,G5053,,https://moran.senate.gov/,http://www.moranforkansas.com/,11/7/28
Nathaniel,Quentin,,Moran,,H,House CD 1,Member of Congress,Texas,TX,Republican,H2TX01112,G43195,G53718,https://moran.house.gov/,https://www.nathanielmoran.com/,11/3/26
Joseph,D.,Joe,Morelle,,H,House CD 25,Member of Congress,New York,NY,Democratic,H8NY25105,G31950,G53662,https://morelle.house.gov/,https://www.votemorelle.com/,11/3/26
Bernie,,,Moreno,,S,Senate Class 1,Senator,Ohio,OH,Republican,,G47598,,https://moreno.senate.gov/,https://www.berniemoreno.com/,11/5/30
Kelly,Louise,,Morrison,,H,House CD 3,Member of Congress,Minnesota,MN,Democratic-Farmer Labor,H4MN03118,G53595,G49233,https://morrison.house.gov/,https://www.kellyforcongress.org/,11/3/26
Jared,E.,,Moskowitz,,H,House CD 23,Member of Congress,Florida,FL,Democratic,H2FL22171,G44584,G52664,https://moskowitz.house.gov/,https://www.jaredforflorida.com/,11/3/26
Seth,W.,,Moulton,,H,House CD 6,Member of Congress,Massachusetts,MA,Democratic,H4MA06090,G17984,G53574,https://moulton.house.gov/,http://www.sethmoulton.com/,11/3/26
James,C.,Jim,Moylan,,O,Delegate to the House of Representatives,Territorial Delegate,Guam,GU,Republican,H2GU01031,G44924,G53343,https://moylan.house.gov/,https://www.jamesmoylan.com/,11/3/26
Frank,J.,,Mrvan,,H,House CD 1,Member of Congress,Indiana,IN,Democratic,H0IN01150,G36154,G53551,https://mrvan.house.gov/,https://www.mrvanforcongress.com/,11/3/26
Kevin,,,Mullin,,H,House CD 15,Member of Congress,California,CA,Democratic,H2CA14162,G43092,G53458,https://kevinmullin.house.gov/,https://www.kevinmullinforcongress.com/,11/3/26
Markwayne,,,Mullin,,S,Senate Class 2,Senator,Oklahoma,OK,Republican,S2OK00186,G605,G47202,https://mullin.senate.gov/,http://www.mullinforamerica.com/,11/3/26
Lisa,,,Murkowski,,S,Senate Class 3,Senator,Alaska,AK,Republican,,G4,,http://murkowski.senate.gov/,http://www.lisamurkowski.com/,11/7/28
Christopher,Scott,Chris,Murphy,,S,Senate Class 1,Senator,Connecticut,CT,Democratic,,G11806,,https://www.murphy.senate.gov/,http://www.chrismurphy.com/,11/5/30
Gregory,Francis,Greg,Murphy,,H,House CD 3,Member of Congress,North Carolina,NC,Republican,H0NC03172,G445,G53611,https://murphy.house.gov/,https://www.murphy4congress.com/,11/3/26
Patricia,L.,Patty,Murray,,S,Senate Class 3,Senator,Washington,WA,Democratic,,G793,,https://murray.senate.gov/,http://www.pattymurray.com/,11/7/28
Jerrold,Lewis,Jerry,Nadler,,H,House CD 12,Member of Congress,New York,NY,Democratic,,G542,,https://nadler.house.gov/,http://www.jerrynadler.com/,11/3/26
Richard,E.,,Neal,,H,House CD 1,Member of Congress,Massachusetts,MA,Democratic,H8MA02041,G330,G53571,https://neal.house.gov/,http://www.nealforcongress.com/,11/3/26
Joseph,,Joe,Neguse,,H,House CD 2,Member of Congress,Colorado,CO,Democratic,H8CO02160,G28538,G53488,https://neguse.house.gov/,http://www.joeforcolorado.com/,11/3/26
Troy,E.,,Nehls,,H,House CD 22,Member of Congress,Texas,TX,Republican,H0TX22302,G35745,G53408,https://nehls.house.gov/,https://www.nehlsforcongress.com/,11/3/26
Daniel,Milton,Dan,Newhouse,,H,House CD 4,Member of Congress,Washington,WA,Republican,H4WA04104,G19704,G53776,https://newhouse.house.gov/,http://www.dannewhouse.com/,11/3/26
Donald,W.,,Norcross,,H,House CD 1,Member of Congress,New Jersey,NJ,Democratic,H4NJ01084,G19393,G53620,https://norcross.house.gov/,http://www.donaldnorcrossforcongress.com/,11/3/26
Ralph,W.,,Norman,Jr.,H,House CD 5,Member of Congress,South Carolina,SC,Republican,,G7410,G53707,https://norman.house.gov/,https://www.electralphnorman.com/,11/3/26
Eleanor,Holmes,,Norton,,O,Delegate to the House of Representatives,Territorial Delegate,District of Columbia,DC,Democratic,H0DC00058,G142,G53497,https://norton.house.gov/,https://www.eleanorfordc.com/,11/3/26
Zach,,,Nunn,,H,House CD 3,Member of Congress,Iowa,IA,Republican,H2IA03119,G41991,G53534,https://nunn.house.gov/,http://www.zachnunn.com/,11/3/26
Jay,,,Obernolte,,H,House CD 23,Member of Congress,California,CA,Republican,H0CA08135,G35682,G53463,https://obernolte.house.gov/,http://www.electjay.com/,11/3/26
Alexandria,,,Ocasio-Cortez,,H,House CD 14,Member of Congress,New York,NY,Democratic,H8NY15148,G28181,G53651,https://ocasio-cortez.house.gov/,https://www.ocasiocortez.com/,11/3/26
Andy,,,Ogles,,H,House CD 5,Member of Congress,Tennessee,TN,Republican,H2TN05446,G45073,G53714,https://ogles.house.gov/,https://www.andyogles.com/,11/3/26
John,Anthony,Johnny O,Olszewski,Jr.,H,House CD 2,Member of Congress,Maryland,MD,Democratic,H4MD02232,G50121,G53577,https://olszewski.house.gov/,https://www.gojohnnyo.com/,11/3/26
Ilhan,,,Omar,,H,House CD 5,Member of Congress,Minnesota,MN,Democratic-Farmer Labor,H8MN05239,G53321,G32739,https://omar.house.gov/,http://www.ilhanomar.com/,11/3/26
Robert,Frank,Bob,Onder,Jr.,H,House CD 3,Member of Congress,Missouri,MO,Republican,H8MO09146,G49142,G52705,https://onder.house.gov/,https://www.bobondermo.com/,11/3/26
T.,Jonathan,Jon,Ossoff,,S,Senate Class 2,Senator,Georgia,GA,Democratic,S8GA00180,G39636,G46933,https://ossoff.senate.gov/,https://www.electjon.com/,11/6/26
Burgess,,,Owens,,H,House CD 4,Member of Congress,Utah,UT,Republican,H0UT04076,G36133,G53761,https://owens.house.gov/,https://www.burgess4utah.com/,11/3/26
Alex,,,Padilla,,S,Senate Class 3,Senator,California,CA,Democratic,,G22084,,https://padilla.senate.gov/,http://www.alex-padilla.com/,11/7/28
Frank,,,Pallone,Jr.,H,House CD 6,Member of Congress,New Jersey,NJ,Democratic,H8NJ03073,G499,G53623,https://pallone.house.gov/,http://www.pallonefornewjersey.com/,11/3/26
Gary,,,Palmer,,H,House CD 6,Member of Congress,Alabama,AL,Republican,H4AL06098,G18580,G53434,https://palmer.house.gov/,http://www.palmerforalabama.com/,11/3/26
James,Varni,Jimmy,Panetta,,H,House CD 19,Member of Congress,California,CA,Democratic,H6CA20152,G23319,G53379,https://panetta.house.gov/,https://www.jimmypanetta.com/,11/3/26
Christopher,C.,Chris,Pappas,,S,Senate Class 2,Member of Congress,New Hampshire,NH,Democratic,S6NH00141,G53194,G29783,https://pappas.house.gov/,https://www.chrispappas.org/,11/3/26
Jimmy,,,Patronis,Jr.,H,House CD 1,Member of Congress,Florida,FL,Republican,,G24494,,https://patronis.house.gov/,http://www.mattgaetz.com/,11/3/26
Rand,,,Paul,,S,Senate Class 3,Senator,Kentucky,KY,Republican,,G6319,,https://paul.senate.gov/,https://www.randpaul.com/,11/7/28
Nancy,,,Pelosi,,H,House CD 11,Member of Congress,California,CA,Democratic,H8CA05035,G63,G53455,https://pelosi.house.gov/,http://www.pelosiforcongress.org/,11/3/26
Scott,G.,,Perry,,H,House CD 10,Member of Congress,Pennsylvania,PA,Republican,H2PA04135,G14063,G53693,https://perry.house.gov/,https://www.patriotsforperry.com/,11/3/26
Gary,C.,,Peters,,S,Senate Class 2,Senator,Michigan,MI,Democratic,,G17552,,http://www.peters.senate.gov/,http://www.petersformichigan.com/,11/3/26
Scott,,,Peters,,H,House CD 50,Member of Congress,California,CA,Democratic,H2CA52089,G13276,G53485,https://scottpeters.house.gov/,http://www.scottpeters.com/,11/3/26
Brittany,Louise,,Pettersen,,H,House CD 7,Member of Congress,Colorado,CO,Democratic,H8CO07045,G43695,G53492,https://pettersen.house.gov/,https://www.brittanypettersen.com/,11/3/26
August,Lee,,Pfluger,II,H,House CD 11,Member of Congress,Texas,TX,Republican,H0TX11230,G35638,G53728,https://pfluger.house.gov/,http://www.augustpfluger.com/,11/3/26
Chellie,M.,,Pingree,,H,House CD 1,Member of Congress,Maine,ME,Democratic,H8ME01120,G1380,G53394,https://pingree.house.gov/,http://www.chelliepingree.com/,11/3/26
Stacey,E.,,Plaskett,,O,Delegate to the House of Representatives,Territorial Delegate,Virgin Islands,VI,Democratic,H2VI00082,G18910,G53771,https://plaskett.house.gov/,https://x.com/StaceyPlaskett,11/3/26
Mark,,,Pocan,,H,House CD 2,Member of Congress,Wisconsin,WI,Democratic,H2WI02124,G13107,G53784,https://pocan.house.gov/,http://www.pocanforcongress.com/,11/3/26
Nelida,,Nellie,Pou,,H,House CD 9,Member of Congress,New Jersey,NJ,Democratic,H4NJ09194,G51711,G53627,https://pou.house.gov/,https://www.nelliepoufornewjersey.com/,11/3/26
Ayanna,S.,,Pressley,,H,House CD 7,Member of Congress,Massachusetts,MA,Democratic,H8MA07032,G30764,G53575,https://pressley.house.gov/,https://www.ayannapressley.com/,11/3/26
Mike,,,Quigley,,H,House CD 5,Member of Congress,Illinois,IL,Democratic,H0IL05096,G245,G53540,https://quigley.house.gov/,https://www.quigleyforcongress.com/,11/3/26
Delia,C.,,Ramirez,,H,House CD 3,Member of Congress,Illinois,IL,Democratic,H2IL03162,G43256,G53538,https://ramirez.house.gov/,https://www.deliaforcongress.com/,11/3/26
Emily,,,Randall,,H,House CD 6,Member of Congress,Washington,WA,Democratic,H4WA06117,G49324,G53778,https://randall.house.gov/,https://www.electemilyrandall.com/,11/3/26
Jamin,B.,Jamie,Raskin,,H,House CD 8,Member of Congress,Maryland,MD,Democratic,H6MD08457,G22410,G53584,https://raskin.house.gov/,http://www.jamieraskin.com/,11/3/26
John,F.,Jack,Reed,,S,Senate Class 2,Senator,Rhode Island,RI,Democratic,S6RI00163,G656,G46950,http://reed.senate.gov/,https://www.jackreed.com/,11/3/26
Guy,L.,,Reschenthaler,,H,House CD 14,Member of Congress,Pennsylvania,PA,Republican,H8PA18199,G33563,G53697,https://reschenthaler.house.gov/,https://www.guyforpa.com/,11/3/26
Pete,,,Ricketts,,S,Senate Class 2,Senator,Nebraska,NE,Republican,S6NE00129,G18083,G47247,https://ricketts.senate.gov/,http://www.petericketts.com/,11/3/26
Josh,,,Riley,,H,House CD 19,Member of Congress,New York,NY,Democratic,H8NY22177,G47607,G53655,https://riley.house.gov/,https://www.joshrileyforcongress.com/,11/3/26
James,E.,Jim,Risch,,S,Senate Class 2,Senator,Idaho,ID,Republican,S8ID00092,G2265,G41577,https://risch.senate.gov/,http://www.senatorrisch.com/,11/3/26
Luz,Maria,,Rivas,,H,House CD 29,Member of Congress,California,CA,Democratic,H4CA29141,G49399,G53382,https://rivas.house.gov/,https://www.luzforcongress.com/,11/3/26
Lisa,Blunt,,Rochester,,S,Senate Class 1,Senator,Delaware,DE,Democratic,,G47695,,https://bluntrochester.senate.gov/,http://www.lisabluntrochester.com/,11/5/30
Harold,Dallas,Hal,Rogers,,H,House CD 5,Member of Congress,Kentucky,KY,Republican,H0KY05015,G301,G53566,https://halrogers.house.gov/,https://www.congressmanhalrogers.com/,11/3/26
Michael,Dennis,Mike,Rogers,,H,House CD 3,Member of Congress,Alabama,AL,Republican,H2AL03032,G11,G53797,https://mikerogers.house.gov/,http://www.mikerogersforcongress.com/,11/3/26
John,W.,,Rose,,H,House CD 6,Member of Congress,Tennessee,TN,Republican,,G29069,G52940,https://johnrose.house.gov/,https://www.johnrose.com/,11/3/26
Jacklyn,Sheryl,Jacky,Rosen,,S,Senate Class 1,Senator,Nevada,NV,Democratic,,G26933,,https://rosen.senate.gov/,http://www.rosenfornevada.com/,11/5/30
Deborah,Koff,,Ross,,H,House CD 2,Member of Congress,North Carolina,NC,Democratic,H0NC02125,G36426,G53610,https://ross.house.gov/,https://www.deborahross.com/,11/3/26
Marion,Michael,Mike,Rounds,,S,Senate Class 2,Senator,South Dakota,SD,Republican,S4SD00049,G16638,G46953,http://www.rounds.senate.gov/,http://www.roundsforsenate.com/,11/3/26
David,Cheston,,Rouzer,,H,House CD 7,Member of Congress,North Carolina,NC,Republican,H2NC07096,G17016,G53613,https://rouzer.house.gov/,http://www.davidrouzer.com/,11/3/26
Chip,,,Roy,,H,House CD 21,Member of Congress,Texas,TX,Republican,,G30101,,https://roy.house.gov/,http://www.chiproy.com/,11/3/26
Raul,,,Ruiz,,H,House CD 25,Member of Congress,California,CA,Democratic,H2CA36439,G13193,G53465,https://ruiz.house.gov/,http://www.drraulruiz.com/,11/3/26
Michael,A.,,Rulli,,H,House CD 6,Member of Congress,Ohio,OH,Republican,H4OH06165,G7470,G53667,https://rulli.house.gov/,https://www.michaelrulli.com/,11/3/26
John,H.,,Rutherford,,H,House CD 5,Member of Congress,Florida,FL,Republican,H6FL04105,G22637,G53340,https://rutherford.house.gov/,http://www.votejohnrutherford.com/,11/3/26
Patrick,K.,Pat,Ryan,,H,House CD 18,Member of Congress,New York,NY,Democratic,H8NY19223,G39627,G53654,https://patryan.house.gov/,https://www.patryanforcongress.com/,11/3/26
Linda,T.,,Sánchez,,H,House CD 38,Member of Congress,California,CA,Democratic,H2CA39078,G94,G53475,https://lindasanchez.house.gov/,http://www.voteforlinda.com/,11/3/26
María,Elvira,,Salazar,,H,House CD 27,Member of Congress,Florida,FL,Republican,H8FL27185,G35306,G53515,https://salazar.house.gov/,https://www.mariaelvirasalazar.com/,11/3/26
Andrea,,,Salinas,,H,House CD 6,Member of Congress,Oregon,OR,Democratic,H2OR06066,G42953,G53684,https://salinas.house.gov/,https://www.andreasalinasfororegon.com/,11/3/26
Bernard,,Bernie,Sanders,,S,Senate Class 1,Senator,Vermont,VT,Independent,,G773,,https://sanders.senate.gov/,https://www.berniesanders.com/,11/5/30
Stephen,J.,Steve,Scalise,,H,House CD 1,Member of Congress,Louisiana,LA,Republican,H0LA01087,G313,G53567,https://scalise.house.gov/,http://www.stevescalise.com/,11/3/26
Mary,Gay,,Scanlon,,H,House CD 5,Member of Congress,Pennsylvania,PA,Democratic,H8PA07200,G33560,G53689,https://scanlon.house.gov/,https://www.scanlonforcongress.com/,11/3/26
Janice,D.,Jan,Schakowsky,,H,House CD 9,Member of Congress,Illinois,IL,Democratic,,G249,,https://schakowsky.house.gov/,http://www.janschakowsky.org/,11/3/26
Brian,Emanuel,,Schatz,,S,Senate Class 3,Senator,Hawaii,HI,Democratic,,G213,,https://schatz.senate.gov/,http://www.brianschatz.com/,11/7/28
Adam,B.,,Schiff,,S,Senate Class 1,Senator,California,CA,Democratic,,G112,,https://schiff.senate.gov/,http://www.adamschiff.com/,11/5/30
Derek,,,Schmidt,,H,House CD 2,Member of Congress,Kansas,KS,Republican,H4KS02164,G50892,G53560,https://schmidt.house.gov/,https://www.derekschmidt.com/,11/3/26
Eric,S.,,Schmitt,,S,Senate Class 3,Senator,Missouri,MO,Republican,,G40455,,https://schmitt.senate.gov/,https://www.schmittforsenate.com/,11/7/28
Bradley,Scott,Brad,Schneider,,H,House CD 10,Member of Congress,Illinois,IL,Democratic,H2IL10068,G22444,G53390,https://schneider.house.gov/,http://www.schneiderforcongress.com/,11/3/26
Hillary,,,Scholten,,H,House CD 3,Member of Congress,Michigan,MI,Democratic,H0MI03316,G44057,G53183,https://scholten.house.gov/,https://www.hillaryscholten.com/,11/3/26
Kim,,,Schrier,,H,House CD 8,Member of Congress,Washington,WA,Democratic,H8WA08189,G29042,G53780,https://schrier.house.gov/,https://www.drkimschrier.com/,11/3/26
Charles,E.,Chuck,Schumer,,S,Senate Class 3,Senator,New York,NY,Democratic,,G565,,https://schumer.senate.gov/,http://www.chuckschumer.com/,11/7/28
David,S.,,Schweikert,,H,House CD 1,Member of Congress,Arizona,AZ,Republican,,G5488,G53439,https://schweikert.house.gov/,http://www.davidschweikert.com/,11/3/26
David,Albert,,Scott,,H,House CD 13,Member of Congress,Georgia,GA,Democratic,H2GA13012,G201,G53528,https://davidscott.house.gov/,http://www.votedavidscott.com/,11/3/26
James,Austin,Austin,Scott,,H,House CD 8,Member of Congress,Georgia,GA,Republican,H0GA08099,G10159,G53523,https://austinscott.house.gov/,http://www.scottforga.com/,11/3/26
Richard,L.,Rick,Scott,,S,Senate Class 1,Senator,Florida,FL,Republican,,G32170,,https://rickscott.senate.gov/,http://www.rickscottforflorida.com/,11/5/30
Robert,Cortez,Bobby,Scott,,H,House CD 3,Member of Congress,Virginia,VA,Democratic,H6VA01117,G754,G53836,https://bobbyscott.house.gov/,http://www.bobbyscottforcongress.com/,11/3/26
Timothy,E.,Tim,Scott,,S,Senate Class 3,Senator,South Carolina,SC,Republican,,G671,,https://scott.senate.gov/,http://www.votetimscott.com/,11/7/28
Keith,Alan,,Self,,H,House CD 3,Member of Congress,Texas,TX,Republican,H2TX03290,G42719,G53332,https://keithself.house.gov/,https://www.keithself.com/,11/3/26
Peter,Andrew,Pete,Sessions,,H,House CD 17,Member of Congress,Texas,TX,Republican,H2TX03126,G33885,G53733,https://sessions.house.gov/,http://www.petesessions.com/,11/3/26
Terrycina,Andrea,Terri,Sewell,,H,House CD 7,Member of Congress,Alabama,AL,Democratic,H0AL07086,G5582,G53435,https://sewell.house.gov/,http://www.sewellforcongress.com/,11/3/26
Jeanne,,,Shaheen,,S,Senate Class 2,Senator,New Hampshire,NH,Democratic,,G1821,,http://shaheen.senate.gov/,http://www.jeanneshaheen.org/,11/3/26
Tim,,,Sheehy,,S,Senate Class 1,Senator,Montana,MT,Republican,S4MT00183,G48369,G52772,https://sheehy.senate.gov/,https://www.timformt.com/,11/5/30
Brad,,,Sherman,,H,House CD 32,Member of Congress,California,CA,Democratic,H6CA24113,G82,G53805,https://sherman.house.gov/,http://www.bradsherman.com/,11/3/26
Rebecca,Michelle,Mikie,Sherrill,,H,House CD 11,Member of Congress,New Jersey,NJ,Democratic,H8NJ11142,G28213,G53629,https://sherrill.house.gov/,http://www.mikiesherrill.com/,11/3/26
Jefferson,,,Shreve,,H,House CD 6,Member of Congress,Indiana,IN,Republican,H4IN06185,G50235,G53392,https://shreve.house.gov/,https://www.shreveforcongress.com/,11/3/26
Lateefah,,,Simon,,H,House CD 12,Member of Congress,California,CA,Democratic,H4CA12154,G47386,G53456,https://simon.house.gov/,https://www.lateefahsimon.com/,11/3/26
Michael,Keith,Mike,Simpson,,H,House CD 2,Member of Congress,Idaho,ID,Republican,H8ID02064,G231,G53292,https://simpson.house.gov/,http://www.simpsonforcongress.com/,11/3/26
Elissa,,,Slotkin,,S,Senate Class 1,Senator,Michigan,MI,Democratic,,G47381,,https://slotkin.senate.gov/,https://www.elissaslotkin.org/,11/5/30
Adrian,M.,,Smith,,H,House CD 3,Member of Congress,Nebraska,NE,Republican,H6NE03115,G483,G53360,https://adriansmith.house.gov/,http://www.joinadrian.com/,11/3/26
Christopher,Henry,Chris,Smith,,H,House CD 4,Member of Congress,New Jersey,NJ,Republican,H8NJ04014,G497,G53823,https://chrissmith.house.gov/,http://www.smith4nj.com/,11/3/26
David,Adam,Adam,Smith,,H,House CD 9,Member of Congress,Washington,WA,Democratic,H6WA09025,G789,G53781,https://adamsmith.house.gov/,http://www.electadamsmith.com/,11/3/26
Jason,T.,,Smith,,H,House CD 8,Member of Congress,Missouri,MO,Republican,H4MO08162,G406,G53603,https://jasonsmith.house.gov/,http://www.electjasonsmith.com/,11/3/26
Tina,Flint,,Smith,,S,Senate Class 2,Senator,Minnesota,MN,Democratic,,G5285,,https://smith.senate.gov/,https://www.tinaforminnesota.com/,11/3/26
Lloyd,K.,,Smucker,,H,House CD 11,Member of Congress,Pennsylvania,PA,Republican,H6PA16320,G27056,G53694,https://smucker.house.gov/,,11/3/26
Eric,,,Sorensen,,H,House CD 17,Member of Congress,Illinois,IL,Democratic,H2IL17147,G42967,G53550,https://sorensen.house.gov/,https://www.ericforillinois.com/,11/3/26
Darren,,,Soto,,H,House CD 9,Member of Congress,Florida,FL,Democratic,H6FL09179,G22767,G53502,https://soto.house.gov/,http://www.darrensoto.com/,11/3/26
Victoria,,,Spartz,,H,House CD 5,Member of Congress,Indiana,IN,Republican,H0IN05326,G37209,G53554,https://spartz.house.gov/,https://www.spartzforcongress.com/,11/3/26
Melanie,Ann,,Stansbury,,H,House CD 1,Member of Congress,New Mexico,NM,Democratic,H2NM01144,G28127,G53631,https://stansbury.house.gov/,https://www.melaniefornm.com/,11/3/26
Greg,,,Stanton,,H,House CD 4,Member of Congress,Arizona,AZ,Democratic,H8AZ09040,G29496,G53441,https://stanton.house.gov/,https://www.stantonforarizona.com/,11/3/26
Peter,Allen,Pete,Stauber,,H,House CD 8,Member of Congress,Minnesota,MN,Republican,H8MN08043,G28756,G53598,https://stauber.house.gov/,http://www.stauberforcongress.com/,11/3/26
Elise,M.,,Stefanik,,H,House CD 21,Member of Congress,New York,NY,Republican,H4NY21079,G18141,G53659,https://stefanik.house.gov/,http://www.eliseforcongress.com/,11/3/26
Bryan,George,,Steil,,H,House CD 1,Member of Congress,Wisconsin,WI,Republican,H8WI01156,G32301,G53783,https://steil.house.gov/,https://www.bryansteil.com/,11/3/26
Greg,W.,,Steube,,H,House CD 17,Member of Congress,Florida,FL,Republican,H8FL17053,G31375,G53508,https://steube.house.gov/,https://www.electgregsteube.com/,11/3/26
Haley,,,Stevens,,S,Senate Class 2,Member of Congress,Michigan,MI,Democratic,S6MI00426,G53593,G28086,https://stevens.house.gov/,http://www.haleystevensforcongress.com/,11/3/26
Marilyn,,,Strickland,,H,House CD 10,Member of Congress,Washington,WA,Democratic,H0WA10034,G36702,G53782,https://strickland.house.gov/,https://www.stricklandforwashington.com/,11/3/26
Dale,Whitney,,Strong,,H,House CD 5,Member of Congress,Alabama,AL,Republican,H2AL05102,G40469,G53433,https://strong.house.gov/,https://www.dalestrongforcongress.com/,11/3/26
Marlin,A.,,Stutzman,,H,House CD 3,Member of Congress,Indiana,IN,Republican,H0IN03198,G47877,G53553,https://stutzman.house.gov/,https://www.gomarlin.com/,11/3/26
Suhas,,,Subramanyam,,H,House CD 10,Member of Congress,Virginia,VA,Democratic,H4VA10279,G49323,G53770,https://subramanyam.house.gov/,https://www.suhasforvirginia.com/,11/3/26
Dan,,,Sullivan,,S,Senate Class 2,Senator,Alaska,AK,Republican,S4AK00214,G18420,G46925,http://www.sullivan.senate.gov/,https://www.dansullivanforalaska.com/,11/3/26
Thomas,R.,Tom,Suozzi,,H,House CD 3,Member of Congress,New York,NY,Democratic,H6NY03247,G40982,G53641,https://suozzi.house.gov/,https://www.suozziforcongress2024.com/,11/3/26
Eric,Michael,,Swalwell,,H,House CD 14,Member of Congress,California,CA,Democratic,H2CA15094,G13201,G53457,https://swalwell.house.gov/,https://ericswalwell.com/,11/3/26
Emilia,,,Sykes,,H,House CD 13,Member of Congress,Ohio,OH,Democratic,H2OH13264,G43813,G52516,https://sykes.house.gov/,https://www.emiliasykesforcongress.com/,11/3/26
Mark,A.,,Takano,,H,House CD 39,Member of Congress,California,CA,Democratic,H2CA43245,G12808,G53476,https://takano.house.gov/,http://www.marktakano.com/,11/3/26
David,J.,Dave,Taylor,,H,House CD 2,Member of Congress,Ohio,OH,Republican,H4OH02248,G49653,G53665,https://taylor.house.gov/,https://www.davetaylorforcongress.com/,11/3/26
Claudia,,,Tenney,,H,House CD 24,Member of Congress,New York,NY,Republican,H4NY22051,G39706,G53661,https://tenney.house.gov/,http://www.claudiaforcongress.com/,11/3/26
Shri,,,Thanedar,,H,House CD 13,Member of Congress,Michigan,MI,Democratic,H2MI13204,G42951,G53820,https://thanedar.house.gov/,https://www.shriforcongress.com/,11/3/26
Bennie,G.,,Thompson,,H,House CD 2,Member of Congress,Mississippi,MS,Democratic,H4MS02068,G420,G53348,https://benniethompson.house.gov/,http://www.benniethompson.com/,11/3/26
C.,Michael,Mike,Thompson,,H,House CD 4,Member of Congress,California,CA,Democratic,H8CA01109,G56,G53448,https://mikethompson.house.gov/,http://www.mikethompsonforcongress.com/,11/3/26
Glenn,William,G.T.,Thompson,Jr.,H,House CD 15,Member of Congress,Pennsylvania,PA,Republican,H8PA05071,G2912,G53698,https://thompson.house.gov/,http://www.friendsofglennthompson.com/,11/3/26
John,R.,,Thune,,S,Senate Class 3,Senator,South Dakota,SD,Republican,,G681,,https://thune.senate.gov/,http://www.johnthune.com/,11/7/28
Thomas,,Tom,Tiffany,,H,House CD 7,Member of Congress,Wisconsin,WI,Republican,,G6716,G53789,https://tiffany.house.gov/,https://www.tomtiffany.com/,11/3/26
Thomas,Roland,Thom,Tillis,,S,Senate Class 2,Senator,North Carolina,NC,Republican,,G17792,,https://tillis.senate.gov/,http://www.thomtillis.com/,11/3/26
William,Richardson,,Timmons,IV,H,House CD 4,Member of Congress,South Carolina,SC,Republican,H8SC04250,G30848,G53706,https://timmons.house.gov/,https://www.votetimmons.com/,11/3/26
Alice,Costandina,Dina,Titus,,H,House CD 1,Member of Congress,Nevada,NV,Democratic,H8NV03036,G12898,G53633,https://titus.house.gov/,http://www.dinatitus.com/,11/3/26
Rashida,,,Tlaib,,H,House CD 12,Member of Congress,Michigan,MI,Democratic,H8MI13250,G376,G53594,https://tlaib.house.gov/,https://www.rashidaforcongress.com/,11/3/26
Jill,Naomi,,Tokuda,,H,House CD 2,Member of Congress,Hawaii,HI,Democratic,H2HI02581,G42318,G53530,https://tokuda.house.gov/,https://tokudaforhawaii.com/,11/3/26
Paul,David,,Tonko,,H,House CD 20,Member of Congress,New York,NY,Democratic,H8NY21203,G3647,G53656,https://tonko.house.gov/,http://www.paultonko.com/,11/3/26
Norma,J.,,Torres,,H,House CD 35,Member of Congress,California,CA,Democratic,H4CA35031,G19698,G53473,https://torres.house.gov/,http://www.normatorres.com/,11/3/26
Ritchie,John,,Torres,,H,House CD 15,Member of Congress,New York,NY,Democratic,H0NY15160,G34353,G53652,https://ritchietorres.house.gov/,https://www.torres.nyc/,11/3/26
Lori,Loureiro,,Trahan,,H,House CD 3,Member of Congress,Massachusetts,MA,Democratic,H8MA03106,G29338,G53817,https://trahan.house.gov/,https://www.loritrahan.com/,11/3/26
Derek,,,Tran,,H,House CD 45,Member of Congress,California,CA,Democratic,H4CA45170,G34687,G53480,https://tran.house.gov/,https://www.derektranforcongress.com/,11/3/26
Thomas,H.,Tommy,Tuberville,,S,Senate Class 2,Senator,Alabama,AL,Republican,,G34448,G53908,https://tuberville.senate.gov/,http://www.tommyforsenate.com/,11/3/26
Michael,R.,Mike,Turner,,H,House CD 10,Member of Congress,Ohio,OH,Republican,H2OH03067,G571,G53670,https://turner.house.gov/,http://www.miketurner.com/,11/3/26
Sylvester,,,Turner,,H,House CD 18,Member of Congress,Texas,TX,Democratic,,G51469,,https://sylvesterturner.house.gov/,https://www.sylvesterturner.com/,11/3/26
Lauren,A.,,Underwood,,H,House CD 14,Member of Congress,Illinois,IL,Democratic,H8IL14174,G29050,G53547,https://underwood.house.gov/,http://www.underwoodforcongress.com/,11/3/26
David,G.,,Valadao,,H,House CD 22,Member of Congress,California,CA,Republican,H2CA20094,G39662,G53804,https://valadao.house.gov/,https://www.valadaoforcongress.com/,11/3/26
Jeff,,,Van Drew,,H,House CD 2,Member of Congress,New Jersey,NJ,Republican,H8NJ02166,G29984,G53621,https://vandrew.house.gov/,http://www.vandrewforcongress.com/,11/3/26
Elizabeth,Ann,Beth,Van Duyne,,H,House CD 24,Member of Congress,Texas,TX,Republican,H0TX24209,G35340,G53738,https://vanduyne.house.gov/,https://www.bethfortexas.com/,11/3/26
Christopher,,Chris,Van Hollen,Jr.,S,Senate Class 3,Senator,Maryland,MD,Democratic,,G21922,,https://vanhollen.senate.gov/,http://www.vanhollen.org/,11/7/28
Derrick,F.,,Van Orden,,H,House CD 3,Member of Congress,Wisconsin,WI,Republican,H0WI03175,G40608,G53785,https://vanorden.house.gov/,https://www.vanordenforcongress.com/,11/3/26
Juan,Carlos,,Vargas,,H,House CD 52,Member of Congress,California,CA,Democratic,H2CA50026,G12705,G53487,https://vargas.house.gov/,http://www.votevargas.com/,11/3/26
Gabriel,,Gabe,Vasquez,,H,House CD 2,Member of Congress,New Mexico,NM,Democratic,H2NM02191,G42517,G53632,https://vasquez.house.gov/,https://www.gabeforcongress.com/,11/3/26
Marc,Allison,,Veasey,,H,House CD 33,Member of Congress,Texas,TX,Democratic,H2TX33073,G13537,G53755,https://veasey.house.gov/,http://www.marcveasey.com/,11/3/26
Nydia,Margarita,,Velázquez,,H,House CD 7,Member of Congress,New York,NY,Democratic,H2NY00010,G546,G53644,https://velazquez.house.gov/,https://www.reelectnydiavelazquez.com/,11/3/26
Yevgeny,S.,Eugene,Vindman,,H,House CD 7,Member of Congress,Virginia,VA,Democratic,H4VA07234,G49325,G53767,https://vindman.house.gov/,https://www.vindmanforcongress.com/,11/3/26
Ann,L.,,Wagner,,H,House CD 2,Member of Congress,Missouri,MO,Republican,H2MO02102,G12535,G53599,https://wagner.house.gov/,https://www.annwagner.com/,11/3/26
Timothy,L.,Tim,Walberg,,H,House CD 5,Member of Congress,Michigan,MI,Republican,H4MI07103,G6749,G53588,https://walberg.house.gov/,http://www.walbergforcongress.com/,11/3/26
James,R.,,Walkinshaw,,H,House CD 11,Member of Congress,Virginia,VA,Democratic,,G2707,,https://walkinshaw.house.gov/,https://www.jameswalkinshaw.org/,11/3/26
Mark,Robert,,Warner,,S,Senate Class 2,Senator,Virginia,VA,Democratic,S6VA00093,G2108,G46956,https://warner.senate.gov/,http://www.markwarnerva.com/,11/3/26
Raphael,Gamaliel,,Warnock,,S,Senate Class 3,Senator,Georgia,GA,Democratic,,G204,,https://www.warnock.senate.gov/,https://www.warnockforgeorgia.com/,11/7/28
Elizabeth,Ann,,Warren,,S,Senate Class 1,Senator,Massachusetts,MA,Democratic,,G13042,,https://warren.senate.gov/,http://www.elizabethwarren.com/,11/5/30
Debbie,,,Wasserman Schultz,,H,House CD 25,Member of Congress,Florida,FL,Democratic,H4FL20023,G176,G53513,https://wassermanschultz.house.gov/,http://www.debbiewassermanschultz.com/,11/3/26
Maxine,,,Waters,,H,House CD 43,Member of Congress,California,CA,Democratic,H4CA23011,G90,G53383,https://waters.house.gov/,,11/3/26
Bonnie,,,Watson Coleman,,H,House CD 12,Member of Congress,New Jersey,NJ,Democratic,H4NJ12149,G19700,G53630,https://watsoncoleman.house.gov/,http://www.bonnieforcongress.com/,11/3/26
Randy,,,Weber,,H,House CD 14,Member of Congress,Texas,TX,Republican,H2TX14149,G13175,G53730,https://weber.house.gov/,http://www.randyweber.org/,11/3/26
Daniel,,Dan,Webster,,H,House CD 11,Member of Congress,Florida,FL,Republican,H0FL08208,G26893,G53389,https://webster.house.gov/,http://www.electwebster.com/,11/3/26
Peter,Francis,,Welch,,S,Senate Class 3,Senator,Vermont,VT,Democratic,,G43100,,https://welch.senate.gov/,https://www.welchforvermont.com/,11/7/28
Bruce,,,Westerman,,H,House CD 4,Member of Congress,Arkansas,AR,Republican,H4AR04048,G18179,G53438,https://westerman.house.gov/,http://www.brucewesterman.com/,11/3/26
Sheldon,,,Whitehouse,II,S,Senate Class 1,Senator,Rhode Island,RI,Democratic,,G655,,http://whitehouse.senate.gov/,http://www.whitehouseforsenate.com/,11/5/30
George,,,Whitesides,,H,House CD 27,Member of Congress,California,CA,Democratic,H4CA27111,G47362,G53467,https://whitesides.house.gov/,https://www.georgewhitesides.com/,11/3/26
Roger,F.,,Wicker,,S,Senate Class 1,Senator,Mississippi,MS,Republican,,G424,,https://wicker.senate.gov/,https://www.wickerforsenate.com/,11/5/30
Tony,,,Wied,,H,House CD 8,Member of Congress,Wisconsin,WI,Republican,H4WI08119,G24246,G53790,http://wied.house.gov/,https://www.tonywiedforcongress.com/,11/3/26
Nikema,Natassha,,Williams,,H,House CD 5,Member of Congress,Georgia,GA,Democratic,H0GA05301,G38390,G53357,https://nikemawilliams.house.gov/,https://www.nikemaforcongress.com/,11/3/26
Roger,,,Williams,,H,House CD 25,Member of Congress,Texas,TX,Republican,H2TX33040,G12787,G53739,https://williams.house.gov/,http://www.rogerforcongress.com/,11/3/26
Addison,Graves,Joe,Wilson,Sr.,H,House CD 2,Member of Congress,South Carolina,SC,Republican,H2SC02059,G664,G53704,https://joewilson.house.gov/,https://www.joemeansjobs.com/,11/3/26
Frederica,S.,,Wilson,,H,House CD 24,Member of Congress,Florida,FL,Democratic,H0FL17068,G5755,G53512,https://wilson.house.gov/,http://www.fredericawilsonforcongress.com/,11/3/26
Robert,J.,Rob,Wittman,,H,House CD 1,Member of Congress,Virginia,VA,Republican,H8VA01147,G752,G53762,https://wittman.house.gov/,http://www.robwittman.com/,11/3/26
Stephen,A.,Steve,Womack,,H,House CD 3,Member of Congress,Arkansas,AR,Republican,H0AR03055,G8841,G53264,https://womack.house.gov/,http://www.womackforcongress.com/,11/3/26
Ronald,Lee,Ron,Wyden,,S,Senate Class 3,Senator,Oregon,OR,Democratic,,G618,,https://wyden.senate.gov/,http://www.standtallforamerica.com/,11/7/28
Rudolph,C.,Rudy,Yakym,III,H,House CD 2,Member of Congress,Indiana,IN,Republican,H2IN02295,G46462,G53552,https://yakym.house.gov/,https://www.rudyforindiana.com/,11/3/26
Todd,Christopher,,Young,,S,Senate Class 3,Senator,Indiana,IN,Republican,,G21913,,https://young.senate.gov/,http://www.toddyoung.org/,11/7/28
Ryan,K.,,Zinke,,H,House CD 1,Member of Congress,Montana,MT,Republican,H4MT01041,G41195,G53607,https://zinke.house.gov/,https://www.ryanzinke.com/,11/3/26