first_name,last_name,full_name,date_of_birth,age,assumed_office,tenure_months,tenure_years,tenure_pretty,chamber,bioguide_id,military_service,has_military_service
Alma,Adams,Alma Adams,5/27/46,79,11/12/14,130,10.83,"10 years, 10 months",House,A000370,,
Robert,Aderholt,Robert Aderholt,7/22/65,60,1/3/97,344,28.67,"28 years, 8 months",House,A000055,,
Pete,Aguilar,Pete Aguilar,6/19/79,46,1/3/15,128,10.67,"10 years, 8 months",House,A000371,,
Mark,Alford,Mark Alford,10/4/63,61,1/3/23,32,2.67,"2 years, 8 months",House,A000379,,
Rick,Allen,Rick Allen,11/7/51,73,1/3/15,128,10.67,"10 years, 8 months",House,A000372,,
Angela,Alsobrooks,Angela Alsobrooks,2/23/71,54,1/3/25,8,0.67,8 months,Senate,A000382,,
Gabe,Amo,Gabe Amo,12/11/87,37,11/13/23,22,1.83,"1 year, 10 months",House,A000380,,
Mark,Amodei,Mark Amodei,6/12/58,67,9/13/11,168,14,14 years,House,A000369,Army,Yes
Yassamin,Ansari,Yassamin Ansari,4/7/92,33,1/3/25,8,0.67,8 months,House,A000381,,
Jodey,Arrington,Jodey Arrington,3/9/72,53,1/3/17,104,8.67,"8 years, 8 months",House,A000375,,
Jake,Auchincloss,Jake Auchincloss,1/29/88,37,1/3/21,56,4.67,"4 years, 8 months",House,A000148,Marine Corps Marine Corps Reserve,Yes
Brian,Babin,Brian Babin,3/23/48,77,1/3/15,128,10.67,"10 years, 8 months",House,B001291,Air Force Texas Army National Guard,Yes
Don,Bacon,Don Bacon,8/16/63,62,1/3/17,104,8.67,"8 years, 8 months",House,B001298,Air Force,Yes
Jim,Baird,Jim Baird,6/4/45,80,1/3/19,80,6.67,"6 years, 8 months",House,B001307,Army,Yes
Troy,Balderson,Troy Balderson,1/16/62,63,9/5/18,84,7,7 years,House,B001306,,
Tammy,Baldwin,Tammy Baldwin,2/11/62,63,1/3/13,152,12.67,"12 years, 8 months",Senate,B001230,,
Becca,Balint,Becca Balint,5/4/68,57,1/3/23,32,2.67,"2 years, 8 months",House,B001318,,
Jim,Banks,Jim Banks,7/16/79,46,1/3/25,8,0.67,8 months,Senate,B001299,,
Andy,Barr,Andy Barr,7/24/73,52,1/3/13,152,12.67,"12 years, 8 months",House,B001282,,
Nanette,Barragán,Nanette Barragán,9/15/76,49,1/3/17,104,8.67,"8 years, 8 months",House,B001300,,
John,Barrasso,John Barrasso,7/21/52,73,6/25/07,219,18.25,"18 years, 3 months",Senate,B001261,,
Tom,Barrett,Tom Barrett,4/30/81,44,1/3/25,8,0.67,8 months,House,B001321,Army Michigan National Guard,Yes
Michael,Baumgartner,Michael Baumgartner,12/13/75,49,1/3/25,8,0.67,8 months,House,B001322,,
Aaron,Bean,Aaron Bean,1/25/67,58,1/3/23,32,2.67,"2 years, 8 months",House,B001314,,
Joyce,Beatty,Joyce Beatty,3/12/50,75,1/3/13,152,12.67,"12 years, 8 months",House,B001281,,
Wesley,Bell,Wesley Bell,11/5/74,50,1/3/25,8,0.67,8 months,House,B001324,,
Michael,Bennet,Michael Bennet,11/28/64,60,1/21/09,200,16.67,"16 years, 8 months",Senate,B001267,,
Cliff,Bentz,Cliff Bentz,1/12/52,73,1/3/21,56,4.67,"4 years, 8 months",House,B000668,,
Ami,Bera,Ami Bera,3/2/65,60,1/3/13,152,12.67,"12 years, 8 months",House,B001287,,
Jack,Bergman,Jack Bergman,2/2/47,78,1/3/17,104,8.67,"8 years, 8 months",House,B001301,Marine Corps,Yes
Don,Beyer,Don Beyer,6/20/50,75,1/3/15,128,10.67,"10 years, 8 months",House,B001292,,
Stephanie,Bice,Stephanie Bice,11/11/73,51,1/3/21,56,4.67,"4 years, 8 months",House,B000740,,
Andy,Biggs,Andy Biggs,11/7/58,66,1/3/17,104,8.67,"8 years, 8 months",House,B001302,,
Sheri,Biggs,Sheri Biggs,3/28/70,55,1/3/25,8,0.67,8 months,House,B001325,Mississippi Air National Guard,Yes
Gus,Bilirakis,Gus Bilirakis,2/8/63,62,1/3/07,224,18.67,"18 years, 8 months",House,B001257,,
Sanford,Bishop,Sanford Bishop,2/4/47,78,1/3/93,392,32.67,"32 years, 8 months",House,B000490,Army,Yes
Marsha,Blackburn,Marsha Blackburn,6/6/52,73,1/3/19,80,6.67,"6 years, 8 months",Senate,B001243,,
Richard,Blumenthal,Richard Blumenthal,2/13/46,79,1/3/11,176,14.67,"14 years, 8 months",Senate,B001277,,
Lisa,Blunt Rochester,Lisa Blunt Rochester,2/10/62,63,1/3/25,8,0.67,8 months,Senate,B001303,,
Lauren,Boebert,Lauren Boebert,12/15/86,38,1/3/21,56,4.67,"4 years, 8 months",House,B000825,,
Suzanne,Bonamici,Suzanne Bonamici,10/14/54,70,1/31/12,163,13.58,"13 years, 7 months",House,B001278,,
Cory,Booker,Cory Booker,4/27/69,56,10/31/13,142,11.83,"11 years, 10 months",Senate,B001288,,
John,Boozman,John Boozman,12/10/50,74,1/3/11,176,14.67,"14 years, 8 months",Senate,B001236,,
Mike,Bost,Mike Bost,12/30/60,64,1/3/15,128,10.67,"10 years, 8 months",House,B001295,Marine Corps,Yes
Brendan,Boyle,Brendan Boyle,2/6/77,48,1/3/15,128,10.67,"10 years, 8 months",House,B001296,,
Josh,Brecheen,Josh Brecheen,6/19/79,46,1/3/23,32,2.67,"2 years, 8 months",House,B001317,,
Rob,Bresnahan,Rob Bresnahan,4/22/90,35,1/3/25,8,0.67,8 months,House,B001327,,
Katie,Britt,Katie Britt,2/2/82,43,1/3/23,32,2.67,"2 years, 8 months",Senate,B001319,,
Shontel,Brown,Shontel Brown,6/24/75,50,11/4/21,46,3.83,"3 years, 10 months",House,B001313,,
Julia,Brownley,Julia Brownley,8/28/52,73,1/3/13,152,12.67,"12 years, 8 months",House,B001285,,
Vern,Buchanan,Vern Buchanan,5/8/51,74,1/3/07,224,18.67,"18 years, 8 months",House,B001260,Michigan Air National Guard,Yes
Ted,Budd,Ted Budd,10/21/71,53,1/3/23,32,2.67,"2 years, 8 months",Senate,B001305,,
Nikki,Budzinski,Nikki Budzinski,3/11/77,48,1/3/23,32,2.67,"2 years, 8 months",House,B001315,,
Tim,Burchett,Tim Burchett,8/25/64,61,1/3/19,80,6.67,"6 years, 8 months",House,B001309,,
Eric,Burlison,Eric Burlison,10/2/76,48,1/3/23,32,2.67,"2 years, 8 months",House,B001316,,
Janelle,Bynum,Janelle Bynum,1/31/75,50,1/3/25,8,0.67,8 months,House,B001326,,
Ken,Calvert,Ken Calvert,6/8/53,72,1/3/93,392,32.67,"32 years, 8 months",House,C000059,,
Kat,Cammack,Kat Cammack,2/16/88,37,1/3/21,56,4.67,"4 years, 8 months",House,C001039,,
Maria,Cantwell,Maria Cantwell,10/13/58,66,1/3/01,296,24.67,"24 years, 8 months",Senate,C000127,,
Shelley Moore,Capito,Shelley Moore Capito,11/26/53,71,1/3/15,128,10.67,"10 years, 8 months",Senate,C001047,,
Salud,Carbajal,Salud Carbajal,11/18/64,60,1/3/17,104,8.67,"8 years, 8 months",House,C001112,Marine Corps Reserve,Yes
Mike,Carey,Mike Carey,3/13/71,54,11/4/21,46,3.83,"3 years, 10 months",House,C001126,Army Reserve,Yes
André,Carson,André Carson,10/16/74,50,3/11/08,210,17.5,"17 years, 6 months",House,C001072,,
Buddy,Carter,Buddy Carter,9/6/57,68,1/3/15,128,10.67,"10 years, 8 months",House,C001103,,
Troy,Carter,Troy Carter,10/26/63,61,5/11/21,52,4.33,"4 years, 4 months",House,C001125,,
John,Carter,John Carter,11/6/41,83,1/3/03,272,22.67,"22 years, 8 months",House,C001051,,
Greg,Casar,Greg Casar,5/4/89,36,1/3/23,32,2.67,"2 years, 8 months",House,C001131,,
Ed,Case,Ed Case,9/27/52,73,1/3/19,80,6.67,"6 years, 8 months",House,C001055,,
Bill,Cassidy,Bill Cassidy,9/28/57,68,1/3/15,128,10.67,"10 years, 8 months",Senate,C001075,,
Sean,Casten,Sean Casten,11/23/71,53,1/3/19,80,6.67,"6 years, 8 months",House,C001117,,
Kathy,Castor,Kathy Castor,8/20/66,59,1/3/07,224,18.67,"18 years, 8 months",House,C001066,,
Joaquin,Castro,Joaquin Castro,9/16/74,51,1/3/13,152,12.67,"12 years, 8 months",House,C001091,,
Sheila,Cherfilus-McCormick,Sheila Cherfilus-McCormick,1/25/79,46,1/18/22,44,3.67,"3 years, 8 months",House,C001127,,
Judy,Chu,Judy Chu,7/7/53,72,7/14/09,194,16.17,"16 years, 2 months",House,C001080,,
Juan,Ciscomani,Juan Ciscomani,8/31/82,43,1/3/23,32,2.67,"2 years, 8 months",House,C001133,,
Gil,Cisneros,Gil Cisneros,2/12/71,54,1/3/25,8,0.67,8 months,House,C001123,Navy,Yes
Katherine,Clark,Katherine Clark,7/17/63,62,12/12/13,141,11.75,"11 years, 9 months",House,C001101,,
Yvette,Clarke,Yvette Clarke,11/21/64,60,1/3/07,224,18.67,"18 years, 8 months",House,C001067,,
Emanuel,Cleaver,Emanuel Cleaver,10/26/44,80,1/3/05,248,20.67,"20 years, 8 months",House,C001061,,
Ben,Cline,Ben Cline,2/29/72,53,1/3/19,80,6.67,"6 years, 8 months",House,C001118,,
Michael,Cloud,Michael Cloud,5/13/75,50,7/10/18,86,7.17,"7 years, 2 months",House,C001115,,
Jim,Clyburn,Jim Clyburn,7/21/40,85,1/3/93,392,32.67,"32 years, 8 months",House,C000537,,
Andrew,Clyde,Andrew Clyde,11/22/63,61,1/3/21,56,4.67,"4 years, 8 months",House,C001116,Navy Navy Reserve,Yes
Steve,Cohen,Steve Cohen,5/24/49,76,1/3/07,224,18.67,"18 years, 8 months",House,C001068,,
Tom,Cole,Tom Cole,4/28/49,76,1/3/03,272,22.67,"22 years, 8 months",House,C001053,,
Bonnie Watson,Coleman,Bonnie Watson Coleman,2/6/45,80,1/3/15,128,10.67,"10 years, 8 months",House,W000822,,
Susan,Collins,Susan Collins,12/7/52,72,1/3/97,344,28.67,"28 years, 8 months",Senate,C001035,,
Mike,Collins,Mike Collins,7/2/67,58,1/3/23,32,2.67,"2 years, 8 months",House,C001129,,
James,Comer,James Comer,8/19/72,53,11/8/16,106,8.83,"8 years, 10 months",House,C001108,,
Herb,Conaway,Herb Conaway,1/30/63,62,1/3/25,8,0.67,8 months,House,C001136,Air Force,Yes
Chris,Coons,Chris Coons,9/9/63,62,11/15/10,178,14.83,"14 years, 10 months",Senate,C001088,,
John,Cornyn,John Cornyn,2/2/52,73,12/2/02,273,22.75,"22 years, 9 months",Senate,C001056,,
Lou,Correa,Lou Correa,1/24/58,67,1/3/17,104,8.67,"8 years, 8 months",House,C001110,,
Catherine,Cortez Masto,Catherine Cortez Masto,3/29/64,61,1/3/17,104,8.67,"8 years, 8 months",Senate,C001113,,
Jim,Costa,Jim Costa,4/13/52,73,1/3/05,248,20.67,"20 years, 8 months",House,C001059,,
Tom,Cotton,Tom Cotton,5/13/77,48,1/3/15,128,10.67,"10 years, 8 months",Senate,C001095,,
Joe,Courtney,Joe Courtney,4/6/53,72,1/3/07,224,18.67,"18 years, 8 months",House,C001069,,
Angie,Craig,Angie Craig,2/14/72,53,1/3/19,80,6.67,"6 years, 8 months",House,C001119,,
Kevin,Cramer,Kevin Cramer,1/21/61,64,1/3/19,80,6.67,"6 years, 8 months",Senate,C001096,,
Eli,Crane,Eli Crane,1/3/80,45,1/3/23,32,2.67,"2 years, 8 months",House,C001132,Navy,Yes
Jeff,Crank,Jeff Crank,1/28/67,58,1/3/25,8,0.67,8 months,House,C001137,,
Mike,Crapo,Mike Crapo,5/20/51,74,1/3/99,320,26.67,"26 years, 8 months",Senate,C000880,,
Rick,Crawford,Rick Crawford,1/22/66,59,1/3/11,176,14.67,"14 years, 8 months",House,C001087,Army,Yes
Dan,Crenshaw,Dan Crenshaw,3/14/84,41,1/3/19,80,6.67,"6 years, 8 months",House,C001120,Navy,Yes
Jasmine,Crockett,Jasmine Crockett,3/29/81,44,1/3/23,32,2.67,"2 years, 8 months",House,C001130,,
Jason,Crow,Jason Crow,3/15/79,46,1/3/19,80,6.67,"6 years, 8 months",House,C001121,Army Army National Guard,Yes
Ted,Cruz,Ted Cruz,12/22/70,54,1/3/13,152,12.67,"12 years, 8 months",Senate,C001098,,
Monica De La,Cruz,Monica De La Cruz,11/11/74,50,1/3/23,32,2.67,"2 years, 8 months",House,D000594,,
Henry,Cuellar,Henry Cuellar,9/19/55,70,1/3/05,248,20.67,"20 years, 8 months",House,C001063,,
John,Curtis,John Curtis,5/10/60,65,1/3/25,8,0.67,8 months,Senate,C001114,,
Mario,Díaz-Balart,Mario Díaz-Balart,9/25/61,64,1/3/03,272,22.67,"22 years, 8 months",House,D000600,,
Steve,Daines,Steve Daines,8/20/62,63,1/3/15,128,10.67,"10 years, 8 months",Senate,D000618,,
Sharice,Davids,Sharice Davids,5/22/80,45,1/3/19,80,6.67,"6 years, 8 months",House,D000629,,
Warren,Davidson,Warren Davidson,3/1/70,55,6/9/16,111,9.25,"9 years, 3 months",House,D000626,Army,Yes
Danny,Davis,Danny Davis,9/6/41,84,1/3/97,344,28.67,"28 years, 8 months",House,D000096,,
Don,Davis,Don Davis,8/29/71,54,1/3/23,32,2.67,"2 years, 8 months",House,D000230,Air Force,Yes
Madeleine,Dean,Madeleine Dean,6/6/59,66,1/3/19,80,6.67,"6 years, 8 months",House,D000631,,
Diana,DeGette,Diana DeGette,7/29/57,68,1/3/97,344,28.67,"28 years, 8 months",House,D000197,,
April McClain,Delaney,April McClain Delaney,5/28/64,61,1/3/25,8,0.67,8 months,House,M001232,,
Rosa,DeLauro,Rosa DeLauro,3/2/43,82,1/3/91,416,34.67,"34 years, 8 months",House,D000216,,
Suzan,DelBene,Suzan DelBene,2/17/62,63,11/13/12,154,12.83,"12 years, 10 months",House,D000617,,
Chris,Deluzio,Chris Deluzio,7/13/84,41,1/3/23,32,2.67,"2 years, 8 months",House,D000530,Navy,Yes
Mark,DeSaulnier,Mark DeSaulnier,3/31/52,73,1/3/15,128,10.67,"10 years, 8 months",House,D000623,,
Scott,DesJarlais,Scott DesJarlais,2/21/64,61,1/3/11,176,14.67,"14 years, 8 months",House,D000616,,
Maxine,Dexter,Maxine Dexter,12/5/72,52,1/3/25,8,0.67,8 months,House,D000635,,
Debbie,Dingell,Debbie Dingell,11/23/53,71,1/3/15,128,10.67,"10 years, 8 months",House,D000624,,
Lloyd,Doggett,Lloyd Doggett,10/6/46,78,1/3/95,368,30.67,"30 years, 8 months",House,D000399,,
Byron,Donalds,Byron Donalds,10/26/78,46,1/3/21,56,4.67,"4 years, 8 months",House,D000032,,
Troy,Downing,Troy Downing,3/4/67,58,1/3/25,8,0.67,8 months,House,D000634,Air Force Air National Guard,Yes
Jeff Van,Drew,Jeff Van Drew,2/23/53,72,1/3/19,80,6.67,"6 years, 8 months",House,V000133,,
Tammy,Duckworth,Tammy Duckworth,3/12/68,57,1/3/17,104,8.67,"8 years, 8 months",Senate,D000622,,
Neal,Dunn,Neal Dunn,2/16/53,72,1/3/17,104,8.67,"8 years, 8 months",House,D000628,Army,Yes
Dick,Durbin,Dick Durbin,11/21/44,80,1/3/97,344,28.67,"28 years, 8 months",Senate,D000563,,
Beth Van,Duyne,Beth Van Duyne,11/16/70,54,1/3/21,56,4.67,"4 years, 8 months",House,V000134,,
Chuck,Edwards,Chuck Edwards,9/13/60,65,1/3/23,32,2.67,"2 years, 8 months",House,E000246,,
Sarah,Elfreth,Sarah Elfreth,9/9/88,37,1/3/25,8,0.67,8 months,House,E000301,,
Jake,Ellzey,Jake Ellzey,1/24/70,55,7/30/21,49,4.08,"4 years, 1 month",House,E000071,Navy,Yes
Tom,Emmer,Tom Emmer,3/3/61,64,1/3/15,128,10.67,"10 years, 8 months",House,E000294,,
Joni,Ernst,Joni Ernst,7/1/70,55,1/3/15,128,10.67,"10 years, 8 months",Senate,E000295,,
Veronica,Escobar,Veronica Escobar,9/15/69,56,1/3/19,80,6.67,"6 years, 8 months",House,E000299,,
Adriano,Espaillat,Adriano Espaillat,9/27/54,71,1/3/17,104,8.67,"8 years, 8 months",House,E000297,,
Ron,Estes,Ron Estes,7/19/56,69,4/25/17,101,8.42,"8 years, 5 months",House,E000298,,
Gabe,Evans,Gabe Evans,7/28/86,39,1/3/25,8,0.67,8 months,House,E000300,Army Colorado Army National Guard Virginia Army National Guard,Yes
Dwight,Evans,Dwight Evans,5/16/54,71,11/14/16,106,8.83,"8 years, 10 months",House,E000296,,
Mike,Ezell,Mike Ezell,4/6/59,66,1/3/23,32,2.67,"2 years, 8 months",House,E000235,,
Pat,Fallon,Pat Fallon,12/19/67,57,1/3/21,56,4.67,"4 years, 8 months",House,F000246,Air Force,Yes
Julie,Fedorchak,Julie Fedorchak,9/28/68,57,1/3/25,8,0.67,8 months,House,F000482,,
Randy,Feenstra,Randy Feenstra,1/14/69,56,1/3/21,56,4.67,"4 years, 8 months",House,F000446,,
Teresa Leger,Fernandez,Teresa Leger Fernandez,7/1/59,66,1/3/21,56,4.67,"4 years, 8 months",House,L000273,,
John,Fetterman,John Fetterman,8/15/69,56,1/3/23,32,2.67,"2 years, 8 months",Senate,F000479,,
Cleo,Fields,Cleo Fields,11/22/62,62,1/3/25,8,0.67,8 months,House,F000110,,
Shomari,Figures,Shomari Figures,9/3/85,40,1/3/25,8,0.67,8 months,House,F000481,,
Randy,Fine,Randy Fine,4/20/74,51,4/2/25,5,0.42,5 months,House,F000484,,
Brad,Finstad,Brad Finstad,5/30/76,49,8/12/22,37,3.08,"3 years, 1 month",House,F000475,,
Michelle,Fischbach,Michelle Fischbach,11/3/65,59,1/3/21,56,4.67,"4 years, 8 months",House,F000470,,
Deb,Fischer,Deb Fischer,3/1/51,74,1/3/13,152,12.67,"12 years, 8 months",Senate,F000463,,
Scott,Fitzgerald,Scott Fitzgerald,11/16/63,61,1/3/21,56,4.67,"4 years, 8 months",House,F000471,Army Reserve,Yes
Brian,Fitzpatrick,Brian Fitzpatrick,12/17/73,51,1/3/17,104,8.67,"8 years, 8 months",House,F000466,,
Chuck,Fleischmann,Chuck Fleischmann,10/11/62,62,1/3/11,176,14.67,"14 years, 8 months",House,F000459,,
Lizzie,Fletcher,Lizzie Fletcher,2/13/75,50,1/3/19,80,6.67,"6 years, 8 months",House,F000468,,
Mike,Flood,Mike Flood,2/23/75,50,7/12/22,38,3.17,"3 years, 2 months",House,F000474,,
Vince,Fong,Vince Fong,10/24/79,45,6/3/24,15,1.25,"1 year, 3 months",House,F000480,,
Bill,Foster,Bill Foster,10/7/55,69,1/3/13,152,12.67,"12 years, 8 months",House,F000454,,
Valerie,Foushee,Valerie Foushee,5/7/56,69,1/3/23,32,2.67,"2 years, 8 months",House,F000477,,
Lois,Frankel,Lois Frankel,5/16/48,77,1/3/13,152,12.67,"12 years, 8 months",House,F000462,,
Scott,Franklin,Scott Franklin,8/23/64,61,1/3/21,56,4.67,"4 years, 8 months",House,F000472,Navy Navy Reserve,Yes
Laura,Friedman,Laura Friedman,12/3/66,58,1/3/25,8,0.67,8 months,House,F000483,,
Maxwell,Frost,Maxwell Frost,1/17/97,28,1/3/23,32,2.67,"2 years, 8 months",House,F000476,,
Russell,Fry,Russell Fry,1/31/85,40,1/3/23,32,2.67,"2 years, 8 months",House,F000478,,
Russ,Fulcher,Russ Fulcher,3/9/62,63,1/3/19,80,6.67,"6 years, 8 months",House,F000469,,
Ruben,Gallego,Ruben Gallego,11/20/79,45,1/3/25,8,0.67,8 months,Senate,G000574,,
John,Garamendi,John Garamendi,1/24/45,80,11/5/09,190,15.83,"15 years, 10 months",House,G000559,,
Andrew,Garbarino,Andrew Garbarino,9/27/84,41,1/3/21,56,4.67,"4 years, 8 months",House,G000597,,
Chuy,García,Chuy García,4/12/56,69,1/3/19,80,6.67,"6 years, 8 months",House,G000586,,
Robert,Garcia,Robert Garcia,12/2/77,47,1/3/23,32,2.67,"2 years, 8 months",House,G000598,,
Sylvia,Garcia,Sylvia Garcia,9/6/50,75,1/3/19,80,6.67,"6 years, 8 months",House,G000587,,
Brandon,Gill,Brandon Gill,2/26/94,31,1/3/25,8,0.67,8 months,House,G000603,,
Laura,Gillen,Laura Gillen,7/10/69,56,1/3/25,8,0.67,8 months,House,G000602,,
Kirsten,Gillibrand,Kirsten Gillibrand,12/9/66,58,1/26/09,200,16.67,"16 years, 8 months",Senate,G000555,,
Carlos,Giménez,Carlos Giménez,1/17/54,71,1/3/21,56,4.67,"4 years, 8 months",House,G000593,,
Jared,Golden,Jared Golden,7/25/82,43,1/3/19,80,6.67,"6 years, 8 months",House,G000592,Marine Corps,Yes
Dan,Goldman,Dan Goldman,2/26/76,49,1/3/23,32,2.67,"2 years, 8 months",House,G000599,,
Craig,Goldman,Craig Goldman,10/3/68,56,1/3/25,8,0.67,8 months,House,G000601,,
Jimmy,Gomez,Jimmy Gomez,11/25/74,50,7/11/17,98,8.17,"8 years, 2 months",House,G000585,,
Tony,Gonzales,Tony Gonzales,10/10/80,44,1/3/21,56,4.67,"4 years, 8 months",House,G000594,Navy,Yes
Vicente,Gonzalez,Vicente Gonzalez,9/4/67,58,1/3/17,104,8.67,"8 years, 8 months",House,G000581,,
Lance,Gooden,Lance Gooden,12/1/82,42,1/3/19,80,6.67,"6 years, 8 months",House,G000589,,
Maggie,Goodlander,Maggie Goodlander,11/4/86,38,1/3/25,8,0.67,8 months,House,G000604,Navy Reserve,Yes
Paul,Gosar,Paul Gosar,11/27/58,66,1/3/11,176,14.67,"14 years, 8 months",House,G000565,,
Josh,Gottheimer,Josh Gottheimer,3/8/75,50,1/3/17,104,8.67,"8 years, 8 months",House,G000583,,
Lindsey,Graham,Lindsey Graham,7/9/55,70,1/3/03,272,22.67,"22 years, 8 months",Senate,G000359,,
Chuck,Grassley,Chuck Grassley,9/17/33,92,1/3/81,536,44.67,"44 years, 8 months",Senate,G000386,,
Sam,Graves,Sam Graves,11/7/63,61,1/3/01,296,24.67,"24 years, 8 months",House,G000546,,
Adam,Gray,Adam Gray,9/23/77,48,1/3/25,8,0.67,8 months,House,G000605,,
Al,Green,Al Green,9/1/47,78,1/3/05,248,20.67,"20 years, 8 months",House,G000553,,
Marjorie Taylor,Greene,Marjorie Taylor Greene,5/27/74,51,1/3/21,56,4.67,"4 years, 8 months",House,G000596,,
Morgan,Griffith,Morgan Griffith,3/15/58,67,1/3/11,176,14.67,"14 years, 8 months",House,G000568,,
Glenn,Grothman,Glenn Grothman,7/3/55,70,1/3/15,128,10.67,"10 years, 8 months",House,G000576,,
Michael,Guest,Michael Guest,2/4/70,55,1/3/19,80,6.67,"6 years, 8 months",House,G000591,,
Brett,Guthrie,Brett Guthrie,2/18/64,61,1/3/09,200,16.67,"16 years, 8 months",House,G000558,Army Army Reserve,Yes
Harriet,Hageman,Harriet Hageman,10/18/62,62,1/3/23,32,2.67,"2 years, 8 months",House,H001096,,
Bill,Hagerty,Bill Hagerty,8/14/59,66,1/3/21,56,4.67,"4 years, 8 months",Senate,H000601,,
Abraham,Hamadeh,Abraham Hamadeh,5/15/91,34,1/3/25,8,0.67,8 months,House,H001098,Army Reserve,Yes
Josh,Harder,Josh Harder,8/1/86,39,1/3/19,80,6.67,"6 years, 8 months",House,H001090,,
Mike,Haridopolos,Mike Haridopolos,3/15/70,55,1/3/25,8,0.67,8 months,House,H001099,,
Pat,Harrigan,Pat Harrigan,6/21/87,38,1/3/25,8,0.67,8 months,House,H001101,Army,Yes
Andy,Harris,Andy Harris,1/25/57,68,1/3/11,176,14.67,"14 years, 8 months",House,H001052,Navy Reserve,Yes
Mark,Harris,Mark Harris,4/24/66,59,1/3/25,8,0.67,8 months,House,H001102,,
Diana,Harshbarger,Diana Harshbarger,1/1/60,65,1/3/21,56,4.67,"4 years, 8 months",House,H001086,,
Maggie,Hassan,Maggie Hassan,2/27/58,67,1/3/17,104,8.67,"8 years, 8 months",Senate,H001076,,
Josh,Hawley,Josh Hawley,12/31/79,45,1/3/19,80,6.67,"6 years, 8 months",Senate,H001089,,
Jahana,Hayes,Jahana Hayes,3/8/73,52,1/3/19,80,6.67,"6 years, 8 months",House,H001081,,
Martin,Heinrich,Martin Heinrich,10/17/71,53,1/3/13,152,12.67,"12 years, 8 months",Senate,H001046,,
Kevin,Hern,Kevin Hern,12/4/61,63,11/13/18,82,6.83,"6 years, 10 months",House,H001082,,
John,Hickenlooper,John Hickenlooper,2/7/52,73,1/3/21,56,4.67,"4 years, 8 months",Senate,H000273,,
Clay,Higgins,Clay Higgins,8/24/61,64,1/3/17,104,8.67,"8 years, 8 months",House,H001077,Army Louisiana National Guard,Yes
French,Hill,French Hill,12/5/56,68,1/3/15,128,10.67,"10 years, 8 months",House,H001072,,
Jim,Himes,Jim Himes,7/5/66,59,1/3/09,200,16.67,"16 years, 8 months",House,H001047,,
Ashley,Hinson,Ashley Hinson,6/27/83,42,1/3/21,56,4.67,"4 years, 8 months",House,H001091,,
Mazie,Hirono,Mazie Hirono,11/3/47,77,1/3/13,152,12.67,"12 years, 8 months",Senate,H001042,,
John,Hoeven,John Hoeven,3/13/57,68,1/3/11,176,14.67,"14 years, 8 months",Senate,H001061,,
Steven,Horsford,Steven Horsford,4/29/73,52,1/3/19,80,6.67,"6 years, 8 months",House,H001066,,
Erin,Houchin,Erin Houchin,9/24/76,49,1/3/23,32,2.67,"2 years, 8 months",House,H001093,,
Chrissy,Houlahan,Chrissy Houlahan,6/5/67,58,1/3/19,80,6.67,"6 years, 8 months",House,H001085,Air Force Air Force Reserve,Yes
Steny,Hoyer,Steny Hoyer,6/14/39,86,5/19/81,532,44.33,"44 years, 4 months",House,H000874,,
Val,Hoyle,Val Hoyle,2/14/64,61,1/3/23,32,2.67,"2 years, 8 months",House,H001094,,
Richard,Hudson,Richard Hudson,11/4/71,53,1/3/13,152,12.67,"12 years, 8 months",House,H001067,,
Jared,Huffman,Jared Huffman,2/18/64,61,1/3/13,152,12.67,"12 years, 8 months",House,H001068,,
Bill,Huizenga,Bill Huizenga,1/31/69,56,1/3/11,176,14.67,"14 years, 8 months",House,H001058,,
Wesley,Hunt,Wesley Hunt,11/13/81,43,1/3/23,32,2.67,"2 years, 8 months",House,H001095,Army,Yes
Jeff,Hurd,Jeff Hurd,8/15/79,46,1/3/25,8,0.67,8 months,House,H001100,,
Jon,Husted,Jon Husted,8/25/67,58,1/21/25,8,0.67,8 months,Senate,H001104,,
Cindy,Hyde-Smith,Cindy Hyde-Smith,5/10/59,66,4/9/18,89,7.42,"7 years, 5 months",Senate,H001079,,
Nick Begich,III,Nick Begich III,10/27/77,47,1/3/25,8,0.67,8 months,House,B001323,,
Darrell,Issa,Darrell Issa,11/1/53,71,1/3/21,56,4.67,"4 years, 8 months",House,I000056,Army,Yes
Glenn,Ivey,Glenn Ivey,2/27/61,64,1/3/23,32,2.67,"2 years, 8 months",House,I000058,,
Brian,Jack,Brian Jack,2/17/88,37,1/3/25,8,0.67,8 months,House,J000311,,
Jonathan,Jackson,Jonathan Jackson,1/7/66,59,1/3/23,32,2.67,"2 years, 8 months",House,J000309,,
Ronny,Jackson,Ronny Jackson,5/4/67,58,1/3/21,56,4.67,"4 years, 8 months",House,J000304,Navy Navy Reserve,Yes
Sara,Jacobs,Sara Jacobs,2/1/89,36,1/3/21,56,4.67,"4 years, 8 months",House,J000305,,
John,James,John James,6/8/81,44,1/3/23,32,2.67,"2 years, 8 months",House,J000307,Army,Yes
Pramila,Jayapal,Pramila Jayapal,9/21/65,60,1/3/17,104,8.67,"8 years, 8 months",House,J000298,,
Hakeem,Jeffries,Hakeem Jeffries,8/4/70,55,1/3/13,152,12.67,"12 years, 8 months",House,J000294,,
Ron,Johnson,Ron Johnson,4/8/55,70,1/3/11,176,14.67,"14 years, 8 months",Senate,J000293,,
Hank,Johnson,Hank Johnson,10/2/54,70,1/3/07,224,18.67,"18 years, 8 months",House,J000288,,
Mike,Johnson,Mike Johnson,1/30/72,53,1/3/17,104,8.67,"8 years, 8 months",House,J000299,,
Dusty,Johnson,Dusty Johnson,9/30/76,48,1/3/19,80,6.67,"6 years, 8 months",House,J000301,,
Julie,Johnson,Julie Johnson,5/2/66,59,1/3/25,8,0.67,8 months,House,J000310,,
Jim,Jordan,Jim Jordan,2/17/64,61,1/3/07,224,18.67,"18 years, 8 months",House,J000289,,
David,Joyce,David Joyce,3/17/57,68,1/3/13,152,12.67,"12 years, 8 months",House,J000295,,
John,Joyce,John Joyce,2/8/57,68,1/3/19,80,6.67,"6 years, 8 months",House,J000302,,
Thomas Kean,Jr.,Thomas Kean Jr.,9/5/68,57,1/3/23,32,2.67,"2 years, 8 months",House,K000398,,
Jim,Justice,Jim Justice,4/27/51,74,1/14/25,8,0.67,8 months,Senate,J000312,,
Tim,Kaine,Tim Kaine,2/26/58,67,1/3/13,152,12.67,"12 years, 8 months",Senate,K000384,,
Sydney,Kamlager-Dove,Sydney Kamlager-Dove,7/20/72,53,1/3/23,32,2.67,"2 years, 8 months",House,K000400,,
Marcy,Kaptur,Marcy Kaptur,6/17/46,79,1/3/83,512,42.67,"42 years, 8 months",House,K000009,,
Bill,Keating,Bill Keating,9/6/52,73,1/3/11,176,14.67,"14 years, 8 months",House,K000375,,
Mark,Kelly,Mark Kelly,2/21/64,61,12/2/20,57,4.75,"4 years, 9 months",Senate,K000377,,
Robin,Kelly,Robin Kelly,4/30/56,69,4/11/13,149,12.42,"12 years, 5 months",House,K000385,,
Trent,Kelly,Trent Kelly,3/1/66,59,6/2/15,123,10.25,"10 years, 3 months",House,K000388,Mississippi Army National Guard,Yes
Mike,Kelly,Mike Kelly,5/10/48,77,1/3/11,176,14.67,"14 years, 8 months",House,K000376,,
John,Kennedy,John Kennedy,11/21/51,73,1/3/17,104,8.67,"8 years, 8 months",Senate,K000393,,
Tim,Kennedy,Tim Kennedy,10/20/76,48,5/6/24,16,1.33,"1 year, 4 months",House,K000402,,
Mike,Kennedy,Mike Kennedy,2/2/69,56,1/3/25,8,0.67,8 months,House,K000403,,
Ro,Khanna,Ro Khanna,9/13/76,49,1/3/17,104,8.67,"8 years, 8 months",House,K000389,,
Jen,Kiggans,Jen Kiggans,6/18/71,54,1/3/23,32,2.67,"2 years, 8 months",House,K000399,Navy,Yes
Kevin,Kiley,Kevin Kiley,1/30/85,40,1/3/23,32,2.67,"2 years, 8 months",House,K000401,,
Andy,Kim,Andy Kim,7/12/82,43,12/8/24,9,0.75,9 months,Senate,K000394,,
Young,Kim,Young Kim,10/18/62,62,1/3/21,56,4.67,"4 years, 8 months",House,K000397,,
Angus,King,Angus King,3/31/44,81,1/3/13,152,12.67,"12 years, 8 months",Senate,K000383,,
Amy,Klobuchar,Amy Klobuchar,5/25/60,65,1/3/07,224,18.67,"18 years, 8 months",Senate,K000367,,
Brad,Knott,Brad Knott,4/17/86,39,1/3/25,8,0.67,8 months,House,K000405,,
Raja,Krishnamoorthi,Raja Krishnamoorthi,7/19/73,52,1/3/17,104,8.67,"8 years, 8 months",House,K000391,,
David,Kustoff,David Kustoff,10/8/66,58,1/3/17,104,8.67,"8 years, 8 months",House,K000392,,
Darin,LaHood,Darin LaHood,7/5/68,57,9/17/15,120,10,10 years,House,L000585,,
Nick,LaLota,Nick LaLota,6/23/78,47,1/3/23,32,2.67,"2 years, 8 months",House,L000598,Navy,Yes
Doug,LaMalfa,Doug LaMalfa,7/2/60,65,1/3/13,152,12.67,"12 years, 8 months",House,L000578,,
Greg,Landsman,Greg Landsman,12/4/76,48,1/3/23,32,2.67,"2 years, 8 months",House,L000601,,
Nick,Langworthy,Nick Langworthy,2/27/81,44,1/3/23,32,2.67,"2 years, 8 months",House,L000600,,
James,Lankford,James Lankford,3/4/68,57,1/3/15,128,10.67,"10 years, 8 months",Senate,L000575,,
Rick,Larsen,Rick Larsen,6/15/65,60,1/3/01,296,24.67,"24 years, 8 months",House,L000560,,
John B.,Larson,John B. Larson,7/22/48,77,1/3/99,320,26.67,"26 years, 8 months",House,L000557,,
George,Latimer,George Latimer,11/22/53,71,1/3/25,8,0.67,8 months,House,L000606,,
Bob,Latta,Bob Latta,4/18/56,69,12/13/07,213,17.75,"17 years, 9 months",House,L000566,,
Mike,Lawler,Mike Lawler,9/9/86,39,1/3/23,32,2.67,"2 years, 8 months",House,L000599,,
Mike,Lee,Mike Lee,6/4/71,54,1/3/11,176,14.67,"14 years, 8 months",Senate,L000577,,
Laurel,Lee,Laurel Lee,3/26/74,51,1/3/23,32,2.67,"2 years, 8 months",House,L000597,,
Susie,Lee,Susie Lee,11/7/66,58,1/3/19,80,6.67,"6 years, 8 months",House,L000590,,
Summer,Lee,Summer Lee,11/26/87,37,1/3/23,32,2.67,"2 years, 8 months",House,L000602,,
Julia,Letlow,Julia Letlow,3/16/81,44,4/14/21,53,4.42,"4 years, 5 months",House,L000595,,
Mike,Levin,Mike Levin,10/20/78,46,1/3/19,80,6.67,"6 years, 8 months",House,L000593,,
Sam,Liccardo,Sam Liccardo,4/16/70,55,1/3/25,8,0.67,8 months,House,L000607,,
Ted,Lieu,Ted Lieu,3/29/69,56,1/3/15,128,10.67,"10 years, 8 months",House,L000582,Air Force Air Force Reserve,Yes
Zoe,Lofgren,Zoe Lofgren,12/21/47,77,1/3/95,368,30.67,"30 years, 8 months",House,L000397,,
Barry,Loudermilk,Barry Loudermilk,12/22/63,61,1/3/15,128,10.67,"10 years, 8 months",House,L000583,Air Force,Yes
Frank,Lucas,Frank Lucas,1/6/60,65,5/10/94,376,31.33,"31 years, 4 months",House,L000491,,
Ben Ray,Luján,Ben Ray Luján,6/7/72,53,1/3/21,56,4.67,"4 years, 8 months",Senate,L000570,,
Cynthia,Lummis,Cynthia Lummis,9/10/54,71,1/3/21,56,4.67,"4 years, 8 months",Senate,L000571,,
Anna Paulina,Luna,Anna Paulina Luna,5/6/89,36,1/3/23,32,2.67,"2 years, 8 months",House,L000596,Air Force Oregon Air National Guard,Yes
Morgan,Luttrell,Morgan Luttrell,11/7/75,49,1/3/23,32,2.67,"2 years, 8 months",House,L000603,Navy,Yes
Stephen F.,Lynch,Stephen F. Lynch,3/31/55,70,10/16/01,287,23.92,"23 years, 11 months",House,L000562,,
Nancy,Mace,Nancy Mace,12/4/77,47,1/3/21,56,4.67,"4 years, 8 months",House,M000194,,
Ryan,Mackenzie,Ryan Mackenzie,8/3/82,43,1/3/25,8,0.67,8 months,House,M001230,,
Seth,Magaziner,Seth Magaziner,7/22/83,42,1/3/23,32,2.67,"2 years, 8 months",House,M001223,,
Nicole,Malliotakis,Nicole Malliotakis,11/11/80,44,1/3/21,56,4.67,"4 years, 8 months",House,M000317,,
Celeste,Maloy,Celeste Maloy,5/22/81,44,11/28/23,22,1.83,"1 year, 10 months",House,M001228,,
Tracey,Mann,Tracey Mann,12/17/76,48,1/3/21,56,4.67,"4 years, 8 months",House,M000871,,
John,Mannion,John Mannion,7/8/68,57,1/3/25,8,0.67,8 months,House,M001231,,
Ed,Markey,Ed Markey,7/11/46,79,7/16/13,146,12.17,"12 years, 2 months",Senate,M000133,,
Roger,Marshall,Roger Marshall,8/9/60,65,1/3/21,56,4.67,"4 years, 8 months",Senate,M001198,,
Thomas,Massie,Thomas Massie,1/13/71,54,11/13/12,154,12.83,"12 years, 10 months",House,M001184,,
Brian,Mast,Brian Mast,7/10/80,45,1/3/17,104,8.67,"8 years, 8 months",House,M001199,Army,Yes
Doris,Matsui,Doris Matsui,9/25/44,81,3/10/05,246,20.5,"20 years, 6 months",House,M001163,,
Lucy,McBath,Lucy McBath,6/1/60,65,1/3/19,80,6.67,"6 years, 8 months",House,M001208,,
Sarah,McBride,Sarah McBride,8/9/90,35,1/3/25,8,0.67,8 months,House,M001238,,
Michael,McCaul,Michael McCaul,1/14/62,63,1/3/05,248,20.67,"20 years, 8 months",House,M001157,,
Lisa,McClain,Lisa McClain,4/7/66,59,1/3/21,56,4.67,"4 years, 8 months",House,M001136,,
Jennifer,McClellan,Jennifer McClellan,12/28/72,52,3/7/23,30,2.5,"2 years, 6 months",House,M001227,,
Tom,McClintock,Tom McClintock,7/10/56,69,1/3/09,200,16.67,"16 years, 8 months",House,M001177,,
Betty,McCollum,Betty McCollum,7/12/54,71,1/3/01,296,24.67,"24 years, 8 months",House,M001143,,
Mitch,McConnell,Mitch McConnell,2/20/42,83,1/3/85,488,40.67,"40 years, 8 months",Senate,M000355,,
Dave,McCormick,Dave McCormick,8/17/65,60,1/3/25,8,0.67,8 months,Senate,M001243,,
Rich,McCormick,Rich McCormick,10/7/68,56,1/3/23,32,2.67,"2 years, 8 months",House,M001218,Marine Corps Navy,Yes
Addison,McDowell,Addison McDowell,1/21/94,31,1/3/25,8,0.67,8 months,House,M001240,,
Morgan,McGarvey,Morgan McGarvey,12/23/79,45,1/3/23,32,2.67,"2 years, 8 months",House,M001220,,
Jim,McGovern,Jim McGovern,11/20/59,65,1/3/97,344,28.67,"28 years, 8 months",House,M000312,,
John,McGuire,John McGuire,8/24/68,57,1/3/25,8,0.67,8 months,House,M001239,Navy,Yes
LaMonica,McIver,LaMonica McIver,6/20/86,39,9/23/24,12,1,1 year,House,M001229,,
Gregory,Meeks,Gregory Meeks,9/25/53,72,2/5/98,331,27.58,"27 years, 7 months",House,M001137,,
Rob,Menendez,Rob Menendez,7/12/85,40,1/3/23,32,2.67,"2 years, 8 months",House,M001226,,
Grace,Meng,Grace Meng,10/1/75,49,1/3/13,152,12.67,"12 years, 8 months",House,M001188,,
Jeff,Merkley,Jeff Merkley,10/24/56,68,1/3/09,200,16.67,"16 years, 8 months",Senate,M001176,,
Mark,Messmer,Mark Messmer,12/16/67,57,1/3/25,8,0.67,8 months,House,M001233,,
Dan,Meuser,Dan Meuser,2/10/64,61,1/3/19,80,6.67,"6 years, 8 months",House,M001204,,
Kweisi,Mfume,Kweisi Mfume,10/24/48,76,5/5/20,64,5.33,"5 years, 4 months",House,M000687,,
Mary,Miller,Mary Miller,8/27/59,66,1/3/21,56,4.67,"4 years, 8 months",House,M001211,,
Max,Miller,Max Miller,11/13/88,36,1/3/23,32,2.67,"2 years, 8 months",House,M001222,Marine Corps Reserve,Yes
Carol,Miller,Carol Miller,11/4/50,74,1/3/19,80,6.67,"6 years, 8 months",House,M001205,,
Mariannette,Miller-Meeks,Mariannette Miller-Meeks,9/6/55,70,1/3/21,56,4.67,"4 years, 8 months",House,M001215,Army Army Reserve,Yes
Cory,Mills,Cory Mills,7/13/80,45,1/3/23,32,2.67,"2 years, 8 months",House,M001216,Army,Yes
Dave,Min,Dave Min,3/5/76,49,1/3/25,8,0.67,8 months,House,M001241,,
Ashley,Moody,Ashley Moody,3/28/75,50,1/21/25,8,0.67,8 months,Senate,M001244,,
John,Moolenaar,John Moolenaar,5/8/61,64,1/3/15,128,10.67,"10 years, 8 months",House,M001194,,
Barry,Moore,Barry Moore,9/26/66,59,1/3/21,56,4.67,"4 years, 8 months",House,M001212,Alabama National Guard Alabama Reserve,Yes
Tim,Moore,Tim Moore,10/2/70,54,1/3/25,8,0.67,8 months,House,M001236,,
Blake,Moore,Blake Moore,6/22/80,45,1/3/21,56,4.67,"4 years, 8 months",House,M001213,,
Riley,Moore,Riley Moore,7/1/80,45,1/3/25,8,0.67,8 months,House,M001235,,
Gwen,Moore,Gwen Moore,4/18/51,74,1/3/05,248,20.67,"20 years, 8 months",House,M001160,,
Jerry,Moran,Jerry Moran,5/29/54,71,1/3/11,176,14.67,"14 years, 8 months",Senate,M000934,,
Nathaniel,Moran,Nathaniel Moran,9/23/74,51,1/3/23,32,2.67,"2 years, 8 months",House,M001224,,
Joseph,Morelle,Joseph Morelle,4/29/57,68,11/13/18,82,6.83,"6 years, 10 months",House,M001206,,
Bernie,Moreno,Bernie Moreno,2/14/67,58,1/3/25,8,0.67,8 months,Senate,M001242,,
Kelly,Morrison,Kelly Morrison,2/2/69,56,1/3/25,8,0.67,8 months,House,M001234,,
Jared,Moskowitz,Jared Moskowitz,12/18/80,44,1/3/23,32,2.67,"2 years, 8 months",House,M001217,,
Seth,Moulton,Seth Moulton,10/24/78,46,1/3/15,128,10.67,"10 years, 8 months",House,M001196,Marine Corps,Yes
Frank J.,Mrvan,Frank J. Mrvan,4/16/69,56,1/3/21,56,4.67,"4 years, 8 months",House,M001214,,
Markwayne,Mullin,Markwayne Mullin,7/26/77,48,1/3/23,32,2.67,"2 years, 8 months",Senate,M001190,,
Kevin,Mullin,Kevin Mullin,6/15/70,55,1/3/23,32,2.67,"2 years, 8 months",House,M001225,,
Lisa,Murkowski,Lisa Murkowski,5/22/57,68,12/20/02,273,22.75,"22 years, 9 months",Senate,M001153,,
Chris,Murphy,Chris Murphy,8/3/73,52,1/3/13,152,12.67,"12 years, 8 months",Senate,M001169,,
Greg,Murphy,Greg Murphy,3/5/63,62,9/17/19,72,6,6 years,House,M001210,,
Patty,Murray,Patty Murray,10/11/50,74,1/3/93,392,32.67,"32 years, 8 months",Senate,M001111,,
Jerry,Nadler,Jerry Nadler,6/13/47,78,11/3/92,394,32.83,"32 years, 10 months",House,N000002,,
Richard,Neal,Richard Neal,2/14/49,76,1/3/89,440,36.67,"36 years, 8 months",House,N000015,,
Joe,Neguse,Joe Neguse,5/13/84,41,1/3/19,80,6.67,"6 years, 8 months",House,N000191,,
Troy,Nehls,Troy Nehls,4/7/68,57,1/3/21,56,4.67,"4 years, 8 months",House,N000026,Army Reserve Wisconsin National Guard,Yes
Dan,Newhouse,Dan Newhouse,7/10/55,70,1/3/15,128,10.67,"10 years, 8 months",House,N000189,,
Donald,Norcross,Donald Norcross,12/13/58,66,11/12/14,130,10.83,"10 years, 10 months",House,N000188,,
Ralph,Norman,Ralph Norman,6/20/53,72,6/20/17,99,8.25,"8 years, 3 months",House,N000190,,
Zach,Nunn,Zach Nunn,5/4/79,46,1/3/23,32,2.67,"2 years, 8 months",House,N000193,Air Force Air Force Reserve Iowa Air National Guard,Yes
Jay,Obernolte,Jay Obernolte,8/18/70,55,1/3/21,56,4.67,"4 years, 8 months",House,O000019,,
Alexandria,Ocasio-Cortez,Alexandria Ocasio-Cortez,10/13/89,35,1/3/19,80,6.67,"6 years, 8 months",House,O000172,,
Andy,Ogles,Andy Ogles,6/18/71,54,1/3/23,32,2.67,"2 years, 8 months",House,O000175,,
Johnny,Olszewski,Johnny Olszewski,9/10/82,43,1/3/25,8,0.67,8 months,House,O000176,,
Ilhan,Omar,Ilhan Omar,10/4/82,42,1/3/19,80,6.67,"6 years, 8 months",House,O000173,,
Bob,Onder,Bob Onder,1/6/62,63,1/3/25,8,0.67,8 months,House,O000177,,
Derrick Van,Orden,Derrick Van Orden,9/15/69,56,1/3/23,32,2.67,"2 years, 8 months",House,V000135,Navy,Yes
Jon,Ossoff,Jon Ossoff,2/16/87,38,1/20/21,56,4.67,"4 years, 8 months",Senate,O000174,,
Burgess,Owens,Burgess Owens,8/2/51,74,1/3/21,56,4.67,"4 years, 8 months",House,O000086,,
Alex,Padilla,Alex Padilla,3/22/73,52,1/20/21,56,4.67,"4 years, 8 months",Senate,P000145,,
Frank,Pallone,Frank Pallone,10/30/51,73,11/8/88,442,36.83,"36 years, 10 months",House,P000034,,
Gary,Palmer,Gary Palmer,5/14/54,71,1/3/15,128,10.67,"10 years, 8 months",House,P000609,,
Jimmy,Panetta,Jimmy Panetta,10/1/69,55,1/3/17,104,8.67,"8 years, 8 months",House,P000613,Navy Reserve,Yes
Chris,Pappas,Chris Pappas,6/4/80,45,1/3/19,80,6.67,"6 years, 8 months",House,P000614,,
Jimmy,Patronis,Jimmy Patronis,4/13/72,53,4/2/25,5,0.42,5 months,House,P000622,,
Rand,Paul,Rand Paul,1/7/63,62,1/3/11,176,14.67,"14 years, 8 months",Senate,P000603,,
Nancy,Pelosi,Nancy Pelosi,3/26/40,85,6/2/87,459,38.25,"38 years, 3 months",House,P000197,,
Marie Gluesenkamp,Perez,Marie Gluesenkamp Perez,6/6/88,37,1/3/23,32,2.67,"2 years, 8 months",House,G000600,,
Scott,Perry,Scott Perry,5/27/62,63,1/3/13,152,12.67,"12 years, 8 months",House,P000605,Army Pennsylvania Army National Guard,Yes
Gary,Peters,Gary Peters,12/1/58,66,1/3/15,128,10.67,"10 years, 8 months",Senate,P000595,,
Scott,Peters,Scott Peters,6/17/58,67,1/3/13,152,12.67,"12 years, 8 months",House,P000608,,
Brittany,Pettersen,Brittany Pettersen,12/6/81,43,1/3/23,32,2.67,"2 years, 8 months",House,P000620,,
August,Pfluger,August Pfluger,12/28/78,46,1/3/21,56,4.67,"4 years, 8 months",House,P000048,Air Force Air Force Reserve,Yes
Chellie,Pingree,Chellie Pingree,4/2/55,70,1/3/09,200,16.67,"16 years, 8 months",House,P000597,,
Mark,Pocan,Mark Pocan,8/14/64,61,1/3/13,152,12.67,"12 years, 8 months",House,P000607,,
Nellie,Pou,Nellie Pou,5/20/56,69,1/3/25,8,0.67,8 months,House,P000621,,
Ayanna,Pressley,Ayanna Pressley,2/3/74,51,1/3/19,80,6.67,"6 years, 8 months",House,P000617,,
Mike,Quigley,Mike Quigley,10/17/58,66,4/7/09,197,16.42,"16 years, 5 months",House,Q000023,,
Delia,Ramirez,Delia Ramirez,6/2/83,42,1/3/23,32,2.67,"2 years, 8 months",House,R000617,,
Emily,Randall,Emily Randall,10/3/85,39,1/3/25,8,0.67,8 months,House,R000621,,
Jamie,Raskin,Jamie Raskin,12/13/62,62,1/3/17,104,8.67,"8 years, 8 months",House,R000606,,
Jack,Reed,Jack Reed,11/12/49,75,1/3/97,344,28.67,"28 years, 8 months",Senate,R000122,,
Guy,Reschenthaler,Guy Reschenthaler,4/17/83,42,1/3/19,80,6.67,"6 years, 8 months",House,R000610,Navy,Yes
Pete,Ricketts,Pete Ricketts,8/19/64,61,1/12/23,32,2.67,"2 years, 8 months",Senate,R000618,,
Josh,Riley,Josh Riley,1/21/81,44,1/3/25,8,0.67,8 months,House,R000622,,
Jim,Risch,Jim Risch,5/3/43,82,1/3/09,200,16.67,"16 years, 8 months",Senate,R000584,,
Luz,Rivas,Luz Rivas,2/6/74,51,1/3/25,8,0.67,8 months,House,R000620,,
Kristen McDonald,Rivet,Kristen McDonald Rivet,7/11/70,55,1/3/25,8,0.67,8 months,House,M001237,,
Mike,Rogers,Mike Rogers,7/16/58,67,1/3/03,272,22.67,"22 years, 8 months",House,R000575,,
Hal,Rogers,Hal Rogers,12/31/37,87,1/3/81,536,44.67,"44 years, 8 months",House,R000395,Kentucky Army National Guard North Carolina Army National Guard,Yes
John,Rose,John Rose,2/23/65,60,1/3/19,80,6.67,"6 years, 8 months",House,R000612,,
Jacky,Rosen,Jacky Rosen,8/2/57,68,1/3/19,80,6.67,"6 years, 8 months",Senate,R000608,,
Deborah,Ross,Deborah Ross,6/20/63,62,1/3/21,56,4.67,"4 years, 8 months",House,R000305,,
Mike,Rounds,Mike Rounds,10/24/54,70,1/3/15,128,10.67,"10 years, 8 months",Senate,R000605,,
David,Rouzer,David Rouzer,2/16/72,53,1/3/15,128,10.67,"10 years, 8 months",House,R000603,,
Chip,Roy,Chip Roy,8/7/72,53,1/3/19,80,6.67,"6 years, 8 months",House,R000614,,
Raul,Ruiz,Raul Ruiz,8/25/72,53,1/3/13,152,12.67,"12 years, 8 months",House,R000599,,
Michael,Rulli,Michael Rulli,3/11/69,56,6/25/24,15,1.25,"1 year, 3 months",House,R000619,,
John,Rutherford,John Rutherford,9/2/52,73,1/3/17,104,8.67,"8 years, 8 months",House,R000609,,
Pat,Ryan,Pat Ryan,3/28/82,43,9/13/22,36,3,3 years,House,R000579,Army,Yes
Linda,Sánchez,Linda Sánchez,1/28/69,56,1/3/03,272,22.67,"22 years, 8 months",House,S001156,,
María Elvira,Salazar,María Elvira Salazar,11/1/61,63,1/3/21,56,4.67,"4 years, 8 months",House,S000168,,
Andrea,Salinas,Andrea Salinas,12/6/69,55,1/3/23,32,2.67,"2 years, 8 months",House,S001226,,
Bernie,Sanders,Bernie Sanders,9/8/41,84,1/3/07,224,18.67,"18 years, 8 months",Senate,S000033,,
Steve,Scalise,Steve Scalise,10/6/65,59,5/3/08,208,17.33,"17 years, 4 months",House,S001176,,
Mary Gay,Scanlon,Mary Gay Scanlon,8/30/59,66,11/13/18,82,6.83,"6 years, 10 months",House,S001205,,
Jan,Schakowsky,Jan Schakowsky,5/26/44,81,1/3/99,320,26.67,"26 years, 8 months",House,S001145,,
Brian,Schatz,Brian Schatz,10/20/72,52,12/26/12,153,12.75,"12 years, 9 months",Senate,S001194,,
Adam,Schiff,Adam Schiff,6/22/60,65,12/8/24,9,0.75,9 months,Senate,S001150,,
Derek,Schmidt,Derek Schmidt,1/23/68,57,1/3/25,8,0.67,8 months,House,S001228,,
Eric,Schmitt,Eric Schmitt,6/20/75,50,1/3/23,32,2.67,"2 years, 8 months",Senate,S001227,,
Brad,Schneider,Brad Schneider,8/20/61,64,1/3/17,104,8.67,"8 years, 8 months",House,S001190,,
Hillary,Scholten,Hillary Scholten,2/22/82,43,1/3/23,32,2.67,"2 years, 8 months",House,S001221,,
Kim,Schrier,Kim Schrier,8/23/68,57,1/3/19,80,6.67,"6 years, 8 months",House,S001216,,
Debbie Wasserman,Schultz,Debbie Wasserman Schultz,9/27/66,59,1/3/05,248,20.67,"20 years, 8 months",House,W000797,,
Chuck,Schumer,Chuck Schumer,11/23/50,74,1/3/99,320,26.67,"26 years, 8 months",Senate,S000148,,
David,Schweikert,David Schweikert,3/3/62,63,1/3/11,176,14.67,"14 years, 8 months",House,S001183,,
Rick,Scott,Rick Scott,12/1/52,72,1/8/19,80,6.67,"6 years, 8 months",Senate,S001217,,
Tim,Scott,Tim Scott,9/19/65,60,1/2/13,152,12.67,"12 years, 8 months",Senate,S001184,,
Austin,Scott,Austin Scott,12/10/69,55,1/3/11,176,14.67,"14 years, 8 months",House,S001189,,
David,Scott,David Scott,6/27/45,80,1/3/03,272,22.67,"22 years, 8 months",House,S001157,,
Bobby,Scott,Bobby Scott,4/30/47,78,1/3/93,392,32.67,"32 years, 8 months",House,S000185,Army Reserve Massachusetts National Guard,Yes
Keith,Self,Keith Self,3/20/53,72,1/3/23,32,2.67,"2 years, 8 months",House,S001224,Army,Yes
Pete,Sessions,Pete Sessions,3/22/55,70,1/3/21,56,4.67,"4 years, 8 months",House,S000250,,
Terri,Sewell,Terri Sewell,1/1/65,60,1/3/11,176,14.67,"14 years, 8 months",House,S001185,,
Jeanne,Shaheen,Jeanne Shaheen,1/28/47,78,1/3/09,200,16.67,"16 years, 8 months",Senate,S001181,,
Tim,Sheehy,Tim Sheehy,11/18/85,39,1/3/25,8,0.67,8 months,Senate,S001232,,
Brad,Sherman,Brad Sherman,10/24/54,70,1/3/97,344,28.67,"28 years, 8 months",House,S000344,,
Mikie,Sherrill,Mikie Sherrill,1/19/72,53,1/3/19,80,6.67,"6 years, 8 months",House,S001207,Navy,Yes
Jefferson,Shreve,Jefferson Shreve,9/24/65,60,1/3/25,8,0.67,8 months,House,S001229,,
Lateefah,Simon,Lateefah Simon,1/29/77,48,1/3/25,8,0.67,8 months,House,S001231,,
Mike,Simpson,Mike Simpson,9/8/50,75,1/3/99,320,26.67,"26 years, 8 months",House,S001148,,
Elissa,Slotkin,Elissa Slotkin,7/10/76,49,1/3/25,8,0.67,8 months,Senate,S001208,,
Tina,Smith,Tina Smith,3/4/58,67,1/3/18,92,7.67,"7 years, 8 months",Senate,S001203,,
Jason,Smith,Jason Smith,6/16/80,45,6/4/13,147,12.25,"12 years, 3 months",House,S001195,,
Adrian,Smith,Adrian Smith,12/19/70,54,1/3/07,224,18.67,"18 years, 8 months",House,S001172,,
Chris,Smith,Chris Smith,3/4/53,72,1/3/81,536,44.67,"44 years, 8 months",House,S000522,,
Adam,Smith,Adam Smith,6/15/65,60,1/3/97,344,28.67,"28 years, 8 months",House,S000510,,
Lloyd,Smucker,Lloyd Smucker,1/23/64,61,1/3/17,104,8.67,"8 years, 8 months",House,S001199,,
Eric,Sorensen,Eric Sorensen,3/18/76,49,1/3/23,32,2.67,"2 years, 8 months",House,S001225,,
Darren,Soto,Darren Soto,2/25/78,47,1/3/17,104,8.67,"8 years, 8 months",House,S001200,,
Victoria,Spartz,Victoria Spartz,10/6/78,46,1/3/21,56,4.67,"4 years, 8 months",House,S000929,,
Melanie,Stansbury,Melanie Stansbury,1/31/79,46,6/14/21,51,4.25,"4 years, 3 months",House,S001218,,
Greg,Stanton,Greg Stanton,3/8/70,55,1/3/19,80,6.67,"6 years, 8 months",House,S001211,,
Pete,Stauber,Pete Stauber,5/10/66,59,1/3/19,80,6.67,"6 years, 8 months",House,S001212,,
Elise,Stefanik,Elise Stefanik,7/2/84,41,1/3/15,128,10.67,"10 years, 8 months",House,S001196,,
Bryan,Steil,Bryan Steil,3/3/81,44,1/3/19,80,6.67,"6 years, 8 months",House,S001213,,
Greg,Steube,Greg Steube,5/19/78,47,1/3/19,80,6.67,"6 years, 8 months",House,S001214,Army,Yes
Haley,Stevens,Haley Stevens,6/24/83,42,1/3/19,80,6.67,"6 years, 8 months",House,S001215,,
Marilyn,Strickland,Marilyn Strickland,9/25/62,63,1/3/21,56,4.67,"4 years, 8 months",House,S001159,,
Dale,Strong,Dale Strong,5/8/70,55,1/3/23,32,2.67,"2 years, 8 months",House,S001220,,
Marlin,Stutzman,Marlin Stutzman,8/31/76,49,1/3/25,8,0.67,8 months,House,S001188,,
Suhas,Subramanyam,Suhas Subramanyam,9/26/86,39,1/3/25,8,0.67,8 months,House,S001230,,
Dan,Sullivan,Dan Sullivan,11/13/64,60,1/3/15,128,10.67,"10 years, 8 months",Senate,S001198,,
Tom,Suozzi,Tom Suozzi,8/31/62,63,2/28/24,19,1.58,"1 year, 7 months",House,S001201,,
Eric,Swalwell,Eric Swalwell,11/16/80,44,1/3/13,152,12.67,"12 years, 8 months",House,S001193,,
Emilia,Sykes,Emilia Sykes,1/4/86,39,1/3/23,32,2.67,"2 years, 8 months",House,S001223,,
Mark,Takano,Mark Takano,12/10/60,64,1/3/13,152,12.67,"12 years, 8 months",House,T000472,,
David,Taylor,David Taylor,11/16/69,55,1/3/25,8,0.67,8 months,House,T000490,,
Claudia,Tenney,Claudia Tenney,2/4/61,64,1/3/21,56,4.67,"4 years, 8 months",House,T000478,,
Shri,Thanedar,Shri Thanedar,2/22/55,70,1/3/23,32,2.67,"2 years, 8 months",House,T000488,,
Mike,Thompson,Mike Thompson,1/24/51,74,1/3/99,320,26.67,"26 years, 8 months",House,T000460,Army,Yes
Bennie,Thompson,Bennie Thompson,1/28/48,77,4/13/93,389,32.42,"32 years, 5 months",House,T000193,,
Glenn,Thompson,Glenn Thompson,7/27/59,66,1/3/09,200,16.67,"16 years, 8 months",House,T000467,,
John,Thune,John Thune,1/7/61,64,1/3/05,248,20.67,"20 years, 8 months",Senate,T000250,,
Tom,Tiffany,Tom Tiffany,12/30/57,67,5/19/20,64,5.33,"5 years, 4 months",House,T000165,,
Thom,Tillis,Thom Tillis,8/30/60,65,1/3/15,128,10.67,"10 years, 8 months",Senate,T000476,,
William,Timmons,William Timmons,4/30/84,41,1/3/19,80,6.67,"6 years, 8 months",House,T000480,South Carolina Air National Guard,Yes
Dina,Titus,Dina Titus,5/23/50,75,1/3/13,152,12.67,"12 years, 8 months",House,T000468,,
Rashida,Tlaib,Rashida Tlaib,7/24/76,49,1/3/19,80,6.67,"6 years, 8 months",House,T000481,,
Jill,Tokuda,Jill Tokuda,3/3/76,49,1/3/23,32,2.67,"2 years, 8 months",House,T000487,,
Paul,Tonko,Paul Tonko,6/18/49,76,1/3/09,200,16.67,"16 years, 8 months",House,T000469,,
Norma,Torres,Norma Torres,4/4/65,60,1/3/15,128,10.67,"10 years, 8 months",House,T000474,,
Ritchie,Torres,Ritchie Torres,3/12/88,37,1/3/21,56,4.67,"4 years, 8 months",House,T000486,,
Lori,Trahan,Lori Trahan,10/27/73,51,1/3/19,80,6.67,"6 years, 8 months",House,T000482,,
Derek,Tran,Derek Tran,12/22/80,44,1/3/25,8,0.67,8 months,House,T000491,Army Army Reserve,Yes
Tommy,Tuberville,Tommy Tuberville,9/18/54,71,1/3/21,56,4.67,"4 years, 8 months",Senate,T000278,,
Mike,Turner,Mike Turner,1/11/60,65,1/3/03,272,22.67,"22 years, 8 months",House,T000463,,
Lauren,Underwood,Lauren Underwood,10/4/86,38,1/3/19,80,6.67,"6 years, 8 months",House,U000040,,
David,Valadao,David Valadao,4/14/77,48,1/3/21,56,4.67,"4 years, 8 months",House,V000129,,
Chris,Van Hollen,Chris Van Hollen,1/10/59,66,1/3/17,104,8.67,"8 years, 8 months",Senate,V000128,,
Juan,Vargas,Juan Vargas,3/7/61,64,1/3/13,152,12.67,"12 years, 8 months",House,V000130,,
Gabe,Vasquez,Gabe Vasquez,8/3/84,41,1/3/23,32,2.67,"2 years, 8 months",House,V000136,,
Marc,Veasey,Marc Veasey,1/3/71,54,1/3/13,152,12.67,"12 years, 8 months",House,V000131,,
Nydia,Velázquez,Nydia Velázquez,3/28/53,72,1/3/93,392,32.67,"32 years, 8 months",House,V000081,,
Eugene,Vindman,Eugene Vindman,6/6/75,50,1/3/25,8,0.67,8 months,House,V000138,Army,Yes
Ann,Wagner,Ann Wagner,9/13/62,63,1/3/13,152,12.67,"12 years, 8 months",House,W000812,,
Tim,Walberg,Tim Walberg,4/12/51,74,1/3/11,176,14.67,"14 years, 8 months",House,W000798,,
James,Walkinshaw,James Walkinshaw,10/2/82,42,9/10/25,0,0,0 months,House,W000831,,
Mark,Warner,Mark Warner,12/15/54,70,1/3/09,200,16.67,"16 years, 8 months",Senate,W000805,,
Raphael,Warnock,Raphael Warnock,7/23/69,56,1/20/21,56,4.67,"4 years, 8 months",Senate,W000790,,
Elizabeth,Warren,Elizabeth Warren,6/22/49,76,1/3/13,152,12.67,"12 years, 8 months",Senate,W000817,,
Maxine,Waters,Maxine Waters,8/15/38,87,1/3/91,416,34.67,"34 years, 8 months",House,W000187,,
Randy,Weber,Randy Weber,7/2/53,72,1/3/13,152,12.67,"12 years, 8 months",House,W000814,,
Daniel,Webster,Daniel Webster,4/27/49,76,1/3/11,176,14.67,"14 years, 8 months",House,W000806,,
Peter,Welch,Peter Welch,5/2/47,78,1/3/23,32,2.67,"2 years, 8 months",Senate,W000800,,
Bruce,Westerman,Bruce Westerman,11/18/67,57,1/3/15,128,10.67,"10 years, 8 months",House,W000821,,
Sheldon,Whitehouse,Sheldon Whitehouse,10/20/55,69,1/3/07,224,18.67,"18 years, 8 months",Senate,W000802,,
George,Whitesides,George Whitesides,3/3/74,51,1/3/25,8,0.67,8 months,House,W000830,,
Roger,Wicker,Roger Wicker,7/5/51,74,12/31/07,212,17.67,"17 years, 8 months",Senate,W000437,,
Tony,Wied,Tony Wied,5/3/76,49,11/12/24,10,0.83,10 months,House,W000829,,
Nikema,Williams,Nikema Williams,7/30/78,47,1/3/21,56,4.67,"4 years, 8 months",House,W000788,,
Roger,Williams,Roger Williams,9/13/49,76,1/3/13,152,12.67,"12 years, 8 months",House,W000816,,
Frederica,Wilson,Frederica Wilson,11/5/42,82,1/3/11,176,14.67,"14 years, 8 months",House,W000808,,
Joe,Wilson,Joe Wilson,7/31/47,78,12/18/01,285,23.75,"23 years, 9 months",House,W000795,Army Reserve South Carolina National Guard,Yes
Rob,Wittman,Rob Wittman,2/3/59,66,12/11/07,213,17.75,"17 years, 9 months",House,W000804,,
Steve,Womack,Steve Womack,2/18/57,68,1/3/11,176,14.67,"14 years, 8 months",House,W000809,Arkansas Army National Guard,Yes
Ron,Wyden,Ron Wyden,5/3/49,76,2/5/96,355,29.58,"29 years, 7 months",Senate,W000779,,
Rudy,Yakym,Rudy Yakym,2/24/84,41,11/14/22,34,2.83,"2 years, 10 months",House,Y000067,,
Todd,Young,Todd Young,8/24/72,53,1/3/17,104,8.67,"8 years, 8 months",Senate,Y000064,,
Ryan,Zinke,Ryan Zinke,11/1/61,63,1/3/23,32,2.67,"2 years, 8 months",House,Z000018,Navy,Yes
