first_name,last_name,BioGuideID,transaction,ticker,range,transaction_date
Marjorie Taylor,Greene,G000596,Purchase,CRWD,"$1,001 - $15,000",2025-09-11
Marjorie Taylor,Greene,G000596,Purchase,ASML,"$1,001 - $15,000",2025-09-11
Marjorie Taylor,Greene,G000596,Purchase,ADBE,"$1,001 - $15,000",2025-09-11
Marjorie Taylor,Greene,G000596,Purchase,IBIT,"$1,001 - $15,000",2025-09-11
Marjorie Taylor,Greene,G000596,Purchase,AMGN,"$1,001 - $15,000",2025-09-11
Marjorie Taylor,Greene,G000596,Purchase,MS,"$1,001 - $15,000",2025-09-11
Marjorie Taylor,Greene,G000596,Purchase,GS,"$1,001 - $15,000",2025-09-11
Marjorie Taylor,Greene,G000596,Purchase,GOOG,"$1,001 - $15,000",2025-09-11
Marjorie Taylor,Greene,G000596,Purchase,DUK,"$1,001 - $15,000",2025-09-11
Marjorie Taylor,Greene,G000596,Purchase,DLR,"$1,001 - $15,000",2025-09-11
David J.,Taylor,T000490,Sale,GOOGL,"$1,001 - $15,000",2025-09-03
David J.,Taylor,T000490,Purchase,CRM,"$1,001 - $15,000",2025-09-03
David J.,Taylor,T000490,Sale,GOOGL,"$1,001 - $15,000",2025-09-03
Gilbert,Cisneros,C001123,Purchase,SMTC,"$1,001 - $15,000",2025-09-02
Gilbert,Cisneros,C001123,Sale,GTLS,"$1,001 - $15,000",2025-09-02
Gilbert,Cisneros,C001123,Purchase,AVNT,"$1,001 - $15,000",2025-09-02
A. Mitchell Jr.,McConnell,M000355,Purchase,WFC,"$1,001 - $15,000",2025-09-01
Lisa,Mcclain,M001136,Sale,TSM,"$50,001 - $100,000",2025-08-28
Sheldon,Whitehouse,W000802,Sale (Full),KVUE,"$1,001 - $15,000",2025-08-28
Sheldon,Whitehouse,W000802,Sale (Full),UNH,"$15,001 - $50,000",2025-08-28
Sheldon,Whitehouse,W000802,Sale (Full),DHR,"$1,001 - $15,000",2025-08-28
Sheldon,Whitehouse,W000802,Sale (Partial),LRCX,"$15,001 - $50,000",2025-08-28
Marjorie Taylor,Greene,G000596,Purchase,FDX,"$15,001 - $50,000",2025-08-28
Marjorie Taylor,Greene,G000596,Purchase,EXC,"$15,001 - $50,000",2025-08-28
Marjorie Taylor,Greene,G000596,Purchase,NVO,"$1,001 - $15,000",2025-08-28
Marjorie Taylor,Greene,G000596,Purchase,MELI,"$1,001 - $15,000",2025-08-28
Marjorie Taylor,Greene,G000596,Purchase,SO,"$1,001 - $15,000",2025-08-28
Marjorie Taylor,Greene,G000596,Purchase,MS,"$1,001 - $15,000",2025-08-28
Marjorie Taylor,Greene,G000596,Purchase,UPS,"$1,001 - $15,000",2025-08-28
Marjorie Taylor,Greene,G000596,Purchase,GOOG,"$1,001 - $15,000",2025-08-28
Marjorie Taylor,Greene,G000596,Purchase,PEP,"$1,001 - $15,000",2025-08-28
Marjorie Taylor,Greene,G000596,Purchase,MRK,"$1,001 - $15,000",2025-08-28
Marjorie Taylor,Greene,G000596,Purchase,UNH,"$1,001 - $15,000",2025-08-28
Marjorie Taylor,Greene,G000596,Purchase,RHP,"$15,001 - $50,000",2025-08-28
Gilbert,Cisneros,C001123,Sale,DOX,"$1,001 - $15,000",2025-08-27
Valerie,Hoyle,H001094,Sale,WBA,"$1,001 - $15,000",2025-08-27
Gilbert,Cisneros,C001123,Purchase,INTA,"$1,001 - $15,000",2025-08-26
Gilbert,Cisneros,C001123,Sale,FTV,"$1,001 - $15,000",2025-08-26
Gilbert,Cisneros,C001123,Purchase,WAT,"$1,001 - $15,000",2025-08-26
Gilbert,Cisneros,C001123,Sale,GDDY,"$1,001 - $15,000",2025-08-26
Gilbert,Cisneros,C001123,Purchase,SMTC,"$1,001 - $15,000",2025-08-26
Gilbert,Cisneros,C001123,Sale,DOX,"$1,001 - $15,000",2025-08-26
Gilbert,Cisneros,C001123,Purchase,APG,"$1,001 - $15,000",2025-08-26
Laura,Friedman,F000483,Sale,DIS,"$1,001 - $15,000",2025-08-26
Jonathan,Jackson,J000309,Purchase,DOCS,"$15,001 - $50,000",2025-08-25
Thomas H.,Kean,K000398,Sale,MSFT,"$1,001 - $15,000",2025-08-25
Thomas H.,Kean,K000398,Sale,SYK,"$1,001 - $15,000",2025-08-25
April Mcclain,Delaney,M001232,Purchase,BJ,"$1,001 - $15,000",2025-08-25
Thomas H.,Kean,K000398,Purchase,CP,"$1,001 - $15,000",2025-08-22
John,Boozman,B001236,Sale (Partial),MU,"$1,001 - $15,000",2025-08-22
John,Boozman,B001236,Sale (Partial),ABBV,"$1,001 - $15,000",2025-08-22
John,Boozman,B001236,Purchase,NVDA,"$1,001 - $15,000",2025-08-22
John,Boozman,B001236,Purchase,LLY,"$1,001 - $15,000",2025-08-22
Josh,Gottheimer,G000583,Purchase,NTRA,"$1,001 - $15,000",2025-08-22
Cleo,Fields,F000110,Purchase,NVDA,"$15,001 - $50,000",2025-08-22
Cleo,Fields,F000110,Purchase,NVDA,"$15,001 - $50,000",2025-08-22
Josh,Gottheimer,G000583,Sale,SSMXY,"$1,001 - $15,000",2025-08-21
April Mcclain,Delaney,M001232,Purchase,MKL,"$15,001 - $50,000",2025-08-21
Andrew,Garbarino,G000597,Sale,GAP,"$1,001 - $15,000",2025-08-21
Cleo,Fields,F000110,Purchase,NVDA,"$15,001 - $50,000",2025-08-20
Valerie,Hoyle,H001094,Sale,JCI,"$1,001 - $15,000",2025-08-19
Valerie,Hoyle,H001094,Sale,NOW,"$1,001 - $15,000",2025-08-19
Lisa,Mcclain,M001136,Purchase,HCA,"$1,001 - $15,000",2025-08-19
Richard W.,Allen,A000372,Purchase,ATO,"$15,001 - $50,000",2025-08-19
Richard W.,Allen,A000372,Sale,ACN,"$1,001 - $15,000",2025-08-19
Valerie,Hoyle,H001094,Purchase,UBER,"$1,001 - $15,000",2025-08-19
Valerie,Hoyle,H001094,Sale,PANW,"$1,001 - $15,000",2025-08-19
Lisa,Mcclain,M001136,Purchase,ACIW,"$1,001 - $15,000",2025-08-19
Valerie,Hoyle,H001094,Sale,CPRT,"$1,001 - $15,000",2025-08-19
Kelly Louise,Morrison,M001234,Sale,JNJ,"$1,001 - $15,000",2025-08-19
Kelly Louise,Morrison,M001234,Sale,TMO,"$15,001 - $50,000",2025-08-19
Kelly Louise,Morrison,M001234,Sale,ACN,"$15,001 - $50,000",2025-08-19
Kelly Louise,Morrison,M001234,Sale,TMO,"$1,001 - $15,000",2025-08-19
Kelly Louise,Morrison,M001234,Sale,TMO,"$1,001 - $15,000",2025-08-19
Kelly Louise,Morrison,M001234,Sale,TMO,"$15,001 - $50,000",2025-08-19
Kelly Louise,Morrison,M001234,Sale,VZ,"$1,001 - $15,000",2025-08-19
Kelly Louise,Morrison,M001234,Sale,ACN,"$1,001 - $15,000",2025-08-19
Kelly Louise,Morrison,M001234,Sale,ACN,"$1,001 - $15,000",2025-08-19
Kelly Louise,Morrison,M001234,Sale,ACN,"$15,001 - $50,000",2025-08-19
Kelly Louise,Morrison,M001234,Sale,ACN,"$1,001 - $15,000",2025-08-19
Virginia,Foxx,F000450,Purchase,HTGC,"$1,001 - $15,000",2025-08-19
April Mcclain,Delaney,M001232,Sale,DAY,"$15,001 - $50,000",2025-08-19
Judy,Chu,C001080,Purchase,ASTH,"$100,001 - $250,000",2025-08-19
Judy,Chu,C001080,Sale,ASTH,"$100,001 - $250,000",2025-08-19
Marjorie Taylor,Greene,G000596,Purchase,NVO,"$15,001 - $50,000",2025-08-19
Dan,Newhouse,N000189,Purchase,XOM,"$1,001 - $15,000",2025-08-18
Dan,Newhouse,N000189,Purchase,OKE,"$1,001 - $15,000",2025-08-18
Dan,Newhouse,N000189,Sale,RTX,"$1,001 - $15,000",2025-08-18
Dan,Newhouse,N000189,Purchase,UPS,"$1,001 - $15,000",2025-08-18
Dan,Newhouse,N000189,Purchase,GIS,"$1,001 - $15,000",2025-08-18
Dan,Newhouse,N000189,Purchase,TGT,"$1,001 - $15,000",2025-08-18
Dan,Newhouse,N000189,Purchase,AME,"$1,001 - $15,000",2025-08-18
Dan,Newhouse,N000189,Purchase,AMAT,"$1,001 - $15,000",2025-08-18
Dan,Newhouse,N000189,Purchase,SPGI,"$1,001 - $15,000",2025-08-18
Dan,Newhouse,N000189,Purchase,ROST,"$1,001 - $15,000",2025-08-18
Dan,Newhouse,N000189,Purchase,COP,"$1,001 - $15,000",2025-08-18
Dan,Newhouse,N000189,Purchase,AMD,"$1,001 - $15,000",2025-08-18
Dan,Newhouse,N000189,Purchase,ADP,"$1,001 - $15,000",2025-08-18
Dan,Newhouse,N000189,Purchase,PLD,"$1,001 - $15,000",2025-08-18
Dan,Newhouse,N000189,Purchase,BRO,"$1,001 - $15,000",2025-08-18
Dan,Newhouse,N000189,Sale,BLK,"$1,001 - $15,000",2025-08-18
Lisa,Mcclain,M001136,Sale,AMED,"$1,001 - $15,000",2025-08-18
Tim,Moore,M001236,Sale,CNC,"$100,001 - $250,000",2025-08-18
Jake,Auchincloss,A000148,Sale,STT,"$15,001 - $50,000",2025-08-18
Thomas H.,Kean,K000398,Purchase,AMCR,"$1,001 - $15,000",2025-08-15
Gilbert,Cisneros,C001123,Purchase,INTA,"$1,001 - $15,000",2025-08-15
Gilbert,Cisneros,C001123,Purchase,CVLT,"$1,001 - $15,000",2025-08-15
Gilbert,Cisneros,C001123,Sale,STRL,"$1,001 - $15,000",2025-08-15
Cleo,Fields,F000110,Purchase,AVGO,"$15,001 - $50,000",2025-08-15
Cleo,Fields,F000110,Purchase,AVGO,"$15,001 - $50,000",2025-08-15
Tim,Moore,M001236,Sale,UNH,"$50,001 - $100,000",2025-08-15
Cleo,Fields,F000110,Purchase,TSM,"$15,001 - $50,000",2025-08-15
Cleo,Fields,F000110,Purchase,NVDA,"$15,001 - $50,000",2025-08-15
Cleo,Fields,F000110,Purchase,TSM,"$15,001 - $50,000",2025-08-15
Cleo,Fields,F000110,Purchase,AMZN,"$50,001 - $100,000",2025-08-15
Cleo,Fields,F000110,Purchase,NVDA,"$100,001 - $250,000",2025-08-15
Cleo,Fields,F000110,Purchase,AMD,"$15,001 - $50,000",2025-08-15
Cleo,Fields,F000110,Purchase,AMZN,"$15,001 - $50,000",2025-08-15
Debbie Wasserman,Schultz,W000797,Purchase,SSYS,"$1,001 - $15,000",2025-08-15
John,Boozman,B001236,Sale (Full),EMRZX,"$15,001 - $50,000",2025-08-14
John,Boozman,B001236,Purchase,RNWGX,"$15,001 - $50,000",2025-08-14
Julie,Johnson,J000310,Sale,COP,"$1,001 - $15,000",2025-08-14
Julie,Johnson,J000310,Sale,XEL,"$1,001 - $15,000",2025-08-14
Julie,Johnson,J000310,Sale,TXN,"$1,001 - $15,000",2025-08-14
Julie,Johnson,J000310,Sale,PEP,"$1,001 - $15,000",2025-08-14
Julie,Johnson,J000310,Sale,GS,"$1,001 - $15,000",2025-08-14
Julie,Johnson,J000310,Sale,AXP,"$1,001 - $15,000",2025-08-14
Julie,Johnson,J000310,Sale,CME,"$1,001 - $15,000",2025-08-14
Julie,Johnson,J000310,Sale,EOG,"$1,001 - $15,000",2025-08-14
Julie,Johnson,J000310,Sale,PKG,"$1,001 - $15,000",2025-08-14
Julie,Johnson,J000310,Sale,NSC,"$1,001 - $15,000",2025-08-14
Julie,Johnson,J000310,Sale,PH,"$1,001 - $15,000",2025-08-14
Julie,Johnson,J000310,Sale,MS,"$1,001 - $15,000",2025-08-14
Julie,Johnson,J000310,Sale,NXPI,"$1,001 - $15,000",2025-08-14
Julie,Johnson,J000310,Sale,MRK,"$1,001 - $15,000",2025-08-14
Julie,Johnson,J000310,Sale,UNP,"$1,001 - $15,000",2025-08-14
Julie,Johnson,J000310,Sale,UNH,"$1,001 - $15,000",2025-08-14
Julie,Johnson,J000310,Sale,BK,"$1,001 - $15,000",2025-08-14
Julie,Johnson,J000310,Sale,PG,"$1,001 - $15,000",2025-08-14
Julie,Johnson,J000310,Sale,ADI,"$1,001 - $15,000",2025-08-14
Julie,Johnson,J000310,Sale,BAC,"$1,001 - $15,000",2025-08-14
Julie,Johnson,J000310,Sale,PM,"$1,001 - $15,000",2025-08-14
Julie,Johnson,J000310,Sale,CI,"$1,001 - $15,000",2025-08-14
Julie,Johnson,J000310,Sale,ABT,"$1,001 - $15,000",2025-08-14
Julie,Johnson,J000310,Sale,BX,"$1,001 - $15,000",2025-08-14
Julie,Johnson,J000310,Sale,MMM,"$1,001 - $15,000",2025-08-14
Julie,Johnson,J000310,Sale,DOV,"$1,001 - $15,000",2025-08-14
Julie,Johnson,J000310,Sale,LLY,"$1,001 - $15,000",2025-08-14
Julie,Johnson,J000310,Sale,DE,"$1,001 - $15,000",2025-08-14
Julie,Johnson,J000310,Sale,MCD,"$1,001 - $15,000",2025-08-14
Julie,Johnson,J000310,Sale,FIS,"$1,001 - $15,000",2025-08-14
Julie,Johnson,J000310,Sale,ETN,"$1,001 - $15,000",2025-08-14
Julie,Johnson,J000310,Sale,WMT,"$1,001 - $15,000",2025-08-14
Julie,Johnson,J000310,Sale,MDT,"$1,001 - $15,000",2025-08-14
Julie,Johnson,J000310,Sale,PGR,"$1,001 - $15,000",2025-08-14
Julie,Johnson,J000310,Sale,RSG,"$1,001 - $15,000",2025-08-14
Julie,Johnson,J000310,Sale,CMCSA,"$1,001 - $15,000",2025-08-14
Julie,Johnson,J000310,Sale,WFC,"$1,001 - $15,000",2025-08-14
Julie,Johnson,J000310,Sale,GD,"$1,001 - $15,000",2025-08-14
Julie,Johnson,J000310,Sale,AJG,"$1,001 - $15,000",2025-08-14
Julie,Johnson,J000310,Sale,HD,"$1,001 - $15,000",2025-08-14
Julie,Johnson,J000310,Sale,TJX,"$1,001 - $15,000",2025-08-14
Julie,Johnson,J000310,Sale,STX,"$1,001 - $15,000",2025-08-14
Julie,Johnson,J000310,Sale,XOM,"$1,001 - $15,000",2025-08-14
Julie,Johnson,J000310,Sale,CVX,"$1,001 - $15,000",2025-08-14
Julie,Johnson,J000310,Sale,COF,"$1,001 - $15,000",2025-08-14
Julie,Johnson,J000310,Sale,JNJ,"$1,001 - $15,000",2025-08-14
Julie,Johnson,J000310,Sale,RTX,"$1,001 - $15,000",2025-08-14
Julie,Johnson,J000310,Sale,APD,"$1,001 - $15,000",2025-08-14
Julie,Johnson,J000310,Sale,MSFT,"$1,001 - $15,000",2025-08-14
Julie,Johnson,J000310,Sale,NEE,"$1,001 - $15,000",2025-08-14
Julie,Johnson,J000310,Sale,ABBV,"$1,001 - $15,000",2025-08-14
Julie,Johnson,J000310,Sale,BMY,"$1,001 - $15,000",2025-08-14
Julie,Johnson,J000310,Sale,MDLZ,"$1,001 - $15,000",2025-08-14
Julie,Johnson,J000310,Sale,IBM,"$1,001 - $15,000",2025-08-14
Julie,Johnson,J000310,Sale,SCHW,"$1,001 - $15,000",2025-08-14
Julie,Johnson,J000310,Sale,CMS,"$1,001 - $15,000",2025-08-14
Julie,Johnson,J000310,Sale,VZ,"$1,001 - $15,000",2025-08-14
Julie,Johnson,J000310,Sale,PNC,"$1,001 - $15,000",2025-08-14
Virginia,Foxx,F000450,Purchase,ARLP,"$1,001 - $15,000",2025-08-14
Cleo,Fields,F000110,Purchase,AAPL,"$1,001 - $15,000",2025-08-14
David J.,Taylor,T000490,Purchase,PLD,"$1,001 - $15,000",2025-08-14
David J.,Taylor,T000490,Purchase,MPC,"$1,001 - $15,000",2025-08-14
David J.,Taylor,T000490,Purchase,LLY,"$1,001 - $15,000",2025-08-14
David J.,Taylor,T000490,Purchase,LLY,"$15,001 - $50,000",2025-08-14
Jonathan,Jackson,J000309,Sale,IBM,"$1,001 - $15,000",2025-08-13
Jonathan,Jackson,J000309,Purchase,LRCX,"$1,001 - $15,000",2025-08-13
Lisa,Mcclain,M001136,Sale,ELV,"$1,001 - $15,000",2025-08-13
Lisa,Mcclain,M001136,Purchase,TXRH,"$1,001 - $15,000",2025-08-13
Gilbert,Cisneros,C001123,Purchase,WAT,"$1,001 - $15,000",2025-08-13
Lisa,Mcclain,M001136,Purchase,BL,"$1,001 - $15,000",2025-08-13
Lisa,Mcclain,M001136,Sale,IBN,"$1,001 - $15,000",2025-08-13
Lisa,Mcclain,M001136,Purchase,KRG,"$1,001 - $15,000",2025-08-13
Lisa,Mcclain,M001136,Purchase,LI,"$1,001 - $15,000",2025-08-13
Lisa,Mcclain,M001136,Purchase,UNH,"$1,001 - $15,000",2025-08-13
Lisa,Mcclain,M001136,Purchase,CART,"$1,001 - $15,000",2025-08-13
Lisa,Mcclain,M001136,Purchase,CL,"$1,001 - $15,000",2025-08-13
Lisa,Mcclain,M001136,Purchase,FCX,"$1,001 - $15,000",2025-08-13
Lisa,Mcclain,M001136,Purchase,TYL,"$1,001 - $15,000",2025-08-13
Lisa,Mcclain,M001136,Sale,SAP,"$1,001 - $15,000",2025-08-13
Lisa,Mcclain,M001136,Purchase,IBKR,"$1,001 - $15,000",2025-08-13
Lisa,Mcclain,M001136,Sale,DUOL,"$1,001 - $15,000",2025-08-13
Lisa,Mcclain,M001136,Purchase,CSGP,"$1,001 - $15,000",2025-08-13
Lisa,Mcclain,M001136,Purchase,ANET,"$1,001 - $15,000",2025-08-13
Lisa,Mcclain,M001136,Sale,INFY,"$1,001 - $15,000",2025-08-13
Lisa,Mcclain,M001136,Sale,CUBE,"$1,001 - $15,000",2025-08-13
Lisa,Mcclain,M001136,Purchase,FTNT,"$1,001 - $15,000",2025-08-13
Lisa,Mcclain,M001136,Sale,NNN,"$1,001 - $15,000",2025-08-13
Lisa,Mcclain,M001136,Purchase,NWG,"$1,001 - $15,000",2025-08-13
Lisa,Mcclain,M001136,Purchase,FCN,"$1,001 - $15,000",2025-08-13
Gilbert,Cisneros,C001123,Sale,AVTR,"$1,001 - $15,000",2025-08-13
Lisa,Mcclain,M001136,Purchase,EXPO,"$1,001 - $15,000",2025-08-13
Lisa,Mcclain,M001136,Purchase,ADC,"$1,001 - $15,000",2025-08-13
Lisa,Mcclain,M001136,Purchase,TTE,"$1,001 - $15,000",2025-08-13
Lisa,Mcclain,M001136,Purchase,DDOG,"$1,001 - $15,000",2025-08-13
Lisa,Mcclain,M001136,Sale,VRSK,"$1,001 - $15,000",2025-08-13
Lisa,Mcclain,M001136,Sale,USFD,"$1,001 - $15,000",2025-08-13
Lisa,Mcclain,M001136,Sale,LNT,"$1,001 - $15,000",2025-08-13
Lisa,Mcclain,M001136,Sale,GWRE,"$1,001 - $15,000",2025-08-13
Lisa,Mcclain,M001136,Purchase,JD,"$1,001 - $15,000",2025-08-13
Lisa,Mcclain,M001136,Purchase,TM,"$1,001 - $15,000",2025-08-13
Lisa,Mcclain,M001136,Sale,TPL,"$1,001 - $15,000",2025-08-13
Lisa,Mcclain,M001136,Purchase,INTU,"$1,001 - $15,000",2025-08-13
Lisa,Mcclain,M001136,Purchase,AKAM,"$1,001 - $15,000",2025-08-13
Gilbert,Cisneros,C001123,Purchase,RVTY,"$1,001 - $15,000",2025-08-13
Lisa,Mcclain,M001136,Purchase,DPZ,"$1,001 - $15,000",2025-08-13
Lisa,Mcclain,M001136,Sale,EQNR,"$1,001 - $15,000",2025-08-13
Lisa,Mcclain,M001136,Sale,TTD,"$1,001 - $15,000",2025-08-13
Lisa,Mcclain,M001136,Purchase,SNPS,"$1,001 - $15,000",2025-08-13
Lisa,Mcclain,M001136,Sale,FUN,"$1,001 - $15,000",2025-08-13
Lisa,Mcclain,M001136,Sale,BILL,"$1,001 - $15,000",2025-08-13
Lisa,Mcclain,M001136,Sale,YUM,"$1,001 - $15,000",2025-08-13
Lisa,Mcclain,M001136,Purchase,APPF,"$1,001 - $15,000",2025-08-13
Lisa,Mcclain,M001136,Purchase,OGE,"$1,001 - $15,000",2025-08-13
Lisa,Mcclain,M001136,Purchase,CVLT,"$1,001 - $15,000",2025-08-13
Lisa,Mcclain,M001136,Sale,NOW,"$1,001 - $15,000",2025-08-13
Lisa,Mcclain,M001136,Purchase,BURL,"$1,001 - $15,000",2025-08-13
Lisa,Mcclain,M001136,Purchase,PFGC,"$1,001 - $15,000",2025-08-13
Lisa,Mcclain,M001136,Sale,WSO,"$1,001 - $15,000",2025-08-13
Tim,Moore,M001236,Sale,HY,"$50,001 - $100,000",2025-08-13
Cleo,Fields,F000110,Purchase,TSM,"$250,001 - $500,000",2025-08-13
Cleo,Fields,F000110,Purchase,META,"$100,001 - $250,000",2025-08-13
Cleo,Fields,F000110,Purchase,NVDA,"$100,001 - $250,000",2025-08-13
Cleo,Fields,F000110,Purchase,NVDA,"$100,001 - $250,000",2025-08-13
Tim,Moore,M001236,Sale,INTC,"$100,001 - $250,000",2025-08-13
Cleo,Fields,F000110,Purchase,PLTR,"$50,001 - $100,000",2025-08-13
Cleo,Fields,F000110,Purchase,TSM,"$1,001 - $15,000",2025-08-13
Cleo,Fields,F000110,Purchase,NVDA,"$100,001 - $250,000",2025-08-13
Cleo,Fields,F000110,Purchase,AVGO,"$50,001 - $100,000",2025-08-13
David J.,Taylor,T000490,Purchase,V,"$1,001 - $15,000",2025-08-13
David J.,Taylor,T000490,Purchase,PG,"$1,001 - $15,000",2025-08-13
David J.,Taylor,T000490,Purchase,V,"$1,001 - $15,000",2025-08-13
April Mcclain,Delaney,M001232,Sale,VIK,"$1,001 - $15,000",2025-08-13
David J.,Taylor,T000490,Sale,IBP,"$1,001 - $15,000",2025-08-13
Gilbert,Cisneros,C001123,Sale,AVTR,"$1,001 - $15,000",2025-08-12
Gilbert,Cisneros,C001123,Purchase,WAT,"$1,001 - $15,000",2025-08-12
Josh,Gottheimer,G000583,Sale,V,"$1,001 - $15,000",2025-08-12
Josh,Gottheimer,G000583,Sale,IBM,"$1,001 - $15,000",2025-08-12
Tim,Moore,M001236,Purchase,HY,"$15,001 - $50,000",2025-08-12
John,Boozman,B001236,Sale (Partial),ABBV,"$1,001 - $15,000",2025-08-11
John,Boozman,B001236,Purchase,LLY,"$1,001 - $15,000",2025-08-11
Julie,Johnson,J000310,Purchase,CME,"$1,001 - $15,000",2025-08-11
Julie,Johnson,J000310,Sale,BLK,"$1,001 - $15,000",2025-08-11
Tim,Moore,M001236,Purchase,INTC,"$15,001 - $50,000",2025-08-11
April Mcclain,Delaney,M001232,Sale,CNM,"$15,001 - $50,000",2025-08-11
Gilbert,Cisneros,C001123,Purchase,MBFJF,"$1,001 - $15,000",2025-08-08
Gilbert,Cisneros,C001123,Sale,INSM,"$1,001 - $15,000",2025-08-08
Gilbert,Cisneros,C001123,Purchase,RARE,"$1,001 - $15,000",2025-08-08
Gilbert,Cisneros,C001123,Purchase,BBIO,"$1,001 - $15,000",2025-08-08
Tim,Moore,M001236,Purchase,INTC,"$15,001 - $50,000",2025-08-08
Tim,Moore,M001236,Purchase,CNC,"$1,001 - $15,000",2025-08-08
Tim,Moore,M001236,Purchase,UNH,"$15,001 - $50,000",2025-08-08
Adam,Smith,S000510,Sale,ABBNY,"$1,001 - $15,000",2025-08-08
Adam,Smith,S000510,Sale,NEM,"$1,001 - $15,000",2025-08-08
Adam,Smith,S000510,Sale,DIS,"$1,001 - $15,000",2025-08-08
Adam,Smith,S000510,Sale,PG,"$1,001 - $15,000",2025-08-08
John,Boozman,B001236,Sale (Partial),EMRZX,"$15,001 - $50,000",2025-08-07
John,Boozman,B001236,Purchase,RNWGX,"$15,001 - $50,000",2025-08-07
John,Boozman,B001236,Purchase,AMD,"$1,001 - $15,000",2025-08-07
Valerie,Hoyle,H001094,Purchase,TYL,"$1,001 - $15,000",2025-08-07
Gilbert,Cisneros,C001123,Purchase,HESAF,"$1,001 - $15,000",2025-08-07
Valerie,Hoyle,H001094,Sale,BNTX,"$1,001 - $15,000",2025-08-07
Lisa,Mcclain,M001136,Purchase,BBAI,"$15,001 - $50,000",2025-08-07
Valerie,Hoyle,H001094,Purchase,URI,"$1,001 - $15,000",2025-08-07
Laura,Friedman,F000483,Exchange,PSKY,"$1,001 - $15,000",2025-08-07
Byron,Donalds,D000032,Sale,DECK,"$1,001 - $15,000",2025-08-07
Byron,Donalds,D000032,Sale,DECK,"$1,001 - $15,000",2025-08-07
Byron,Donalds,D000032,Purchase,LRCX,"$1,001 - $15,000",2025-08-07
Byron,Donalds,D000032,Purchase,LRCX,"$1,001 - $15,000",2025-08-07
Byron,Donalds,D000032,Sale,HWM,"$1,001 - $15,000",2025-08-07
Tim,Moore,M001236,Purchase,CNC,"$15,001 - $50,000",2025-08-07
Tim,Moore,M001236,Purchase,HY,"$15,001 - $50,000",2025-08-07
April Mcclain,Delaney,M001232,Sale,IDXX,"$1,001 - $15,000",2025-08-07
April Mcclain,Delaney,M001232,Purchase,JLL,"$1,001 - $15,000",2025-08-07
David J.,Taylor,T000490,Purchase,CRM,"$1,001 - $15,000",2025-08-07
David J.,Taylor,T000490,Purchase,PLD,"$1,001 - $15,000",2025-08-07
David J.,Taylor,T000490,Purchase,VRTX,"$1,001 - $15,000",2025-08-07
April Mcclain,Delaney,M001232,Sale,CLH,"$1,001 - $15,000",2025-08-07
David J.,Taylor,T000490,Sale,IBP,"$1,001 - $15,000",2025-08-07
David J.,Taylor,T000490,Purchase,PG,"$1,001 - $15,000",2025-08-07
April Mcclain,Delaney,M001232,Purchase,MKL,"$1,001 - $15,000",2025-08-07
Gilbert,Cisneros,C001123,Sale,CP,"$1,001 - $15,000",2025-08-06
Gilbert,Cisneros,C001123,Purchase,STRC,"$15,001 - $50,000",2025-08-06
Gilbert,Cisneros,C001123,Sale,BRK.B,"$1,001 - $15,000",2025-08-06
Gilbert,Cisneros,C001123,Sale,MDLZ,"$1,001 - $15,000",2025-08-06
Gilbert,Cisneros,C001123,Sale,MET,"$1,001 - $15,000",2025-08-06
Gilbert,Cisneros,C001123,Purchase,LB,"$50,001 - $100,000",2025-08-06
Gilbert,Cisneros,C001123,Sale,VLO,"$1,001 - $15,000",2025-08-06
Cleo,Fields,F000110,Purchase,NVDA,"$50,001 - $100,000",2025-08-06
Gilbert,Cisneros,C001123,Sale,ZTS,"$1,001 - $15,000",2025-08-05
Gilbert,Cisneros,C001123,Purchase,CAG,"$1,001 - $15,000",2025-08-05
Gilbert,Cisneros,C001123,Sale,SLB,"$1,001 - $15,000",2025-08-05
Gilbert,Cisneros,C001123,Purchase,OXY,"$1,001 - $15,000",2025-08-05
Gilbert,Cisneros,C001123,Sale,UNH,"$15,001 - $50,000",2025-08-05
Gilbert,Cisneros,C001123,Purchase,MRK,"$1,001 - $15,000",2025-08-05
Gilbert,Cisneros,C001123,Purchase,CHRW,"$1,001 - $15,000",2025-08-05
Gilbert,Cisneros,C001123,Sale,GIS,"$1,001 - $15,000",2025-08-05
Gilbert,Cisneros,C001123,Sale,CMCSA,"$1,001 - $15,000",2025-08-05
Gilbert,Cisneros,C001123,Purchase,TSLA,"$1,001 - $15,000",2025-08-05
Gilbert,Cisneros,C001123,Purchase,O,"$1,001 - $15,000",2025-08-05
Gilbert,Cisneros,C001123,Purchase,CNC,"$1,001 - $15,000",2025-08-05
Gilbert,Cisneros,C001123,Sale,CDNS,"$1,001 - $15,000",2025-08-05
Gilbert,Cisneros,C001123,Sale,KMI,"$1,001 - $15,000",2025-08-05
Gilbert,Cisneros,C001123,Sale,ADBE,"$1,001 - $15,000",2025-08-05
Gilbert,Cisneros,C001123,Sale,UPS,"$1,001 - $15,000",2025-08-05
Gilbert,Cisneros,C001123,Purchase,LMT,"$1,001 - $15,000",2025-08-05
Gilbert,Cisneros,C001123,Purchase,HUM,"$1,001 - $15,000",2025-08-05
Gilbert,Cisneros,C001123,Purchase,MOH,"$1,001 - $15,000",2025-08-05
Gilbert,Cisneros,C001123,Sale,CI,"$1,001 - $15,000",2025-08-05
Gilbert,Cisneros,C001123,Purchase,TAP,"$1,001 - $15,000",2025-08-05
Gilbert,Cisneros,C001123,Sale,LUV,"$1,001 - $15,000",2025-08-05
Gilbert,Cisneros,C001123,Purchase,K,"$1,001 - $15,000",2025-08-05
Gilbert,Cisneros,C001123,Purchase,MSFT,"$1,001 - $15,000",2025-08-05
Gilbert,Cisneros,C001123,Sale,PSA,"$1,001 - $15,000",2025-08-05
Gilbert,Cisneros,C001123,Sale,PFE,"$1,001 - $15,000",2025-08-05
Gilbert,Cisneros,C001123,Purchase,HAL,"$1,001 - $15,000",2025-08-05
Gilbert,Cisneros,C001123,Purchase,APA,"$1,001 - $15,000",2025-08-05
Gilbert,Cisneros,C001123,Purchase,ELV,"$1,001 - $15,000",2025-08-05
Gilbert,Cisneros,C001123,Sale,MCK,"$1,001 - $15,000",2025-08-05
Debbie Wasserman,Schultz,W000797,Purchase,ICHR,"$1,001 - $15,000",2025-08-05
Thomas H.,Kean,K000398,Purchase,CHKP,"$1,001 - $15,000",2025-08-04
Lisa,Mcclain,M001136,Sale,HON,"$1,001 - $15,000",2025-08-04
Lisa,Mcclain,M001136,Sale,TXN,"$1,001 - $15,000",2025-08-04
Lisa,Mcclain,M001136,Sale,PFE,"$1,001 - $15,000",2025-08-04
Lisa,Mcclain,M001136,Sale,GS,"$1,001 - $15,000",2025-08-04
Lisa,Mcclain,M001136,Sale,THC,"$1,001 - $15,000",2025-08-04
Lisa,Mcclain,M001136,Sale,MEDP,"$1,001 - $15,000",2025-08-04
Lisa,Mcclain,M001136,Sale,PECO,"$1,001 - $15,000",2025-08-04
Lisa,Mcclain,M001136,Purchase,CHD,"$1,001 - $15,000",2025-08-04
Lisa,Mcclain,M001136,Purchase,JNJ,"$1,001 - $15,000",2025-08-04
Lisa,Mcclain,M001136,Sale,ROP,"$1,001 - $15,000",2025-08-04
Lisa,Mcclain,M001136,Sale,GPI,"$1,001 - $15,000",2025-08-04
Lisa,Mcclain,M001136,Purchase,FLO,"$1,001 - $15,000",2025-08-04
Lisa,Mcclain,M001136,Purchase,SAP,"$1,001 - $15,000",2025-08-04
Lisa,Mcclain,M001136,Purchase,BRO,"$1,001 - $15,000",2025-08-04
Lisa,Mcclain,M001136,Purchase,RHP,"$1,001 - $15,000",2025-08-04
Lisa,Mcclain,M001136,Purchase,FLEX,"$1,001 - $15,000",2025-08-04
Lisa,Mcclain,M001136,Sale,FR,"$1,001 - $15,000",2025-08-04
Lisa,Mcclain,M001136,Purchase,IEX,"$1,001 - $15,000",2025-08-04
Lisa,Mcclain,M001136,Purchase,LNT,"$1,001 - $15,000",2025-08-04
Lisa,Mcclain,M001136,Purchase,OTIS,"$1,001 - $15,000",2025-08-04
Lisa,Mcclain,M001136,Sale,NOG,"$1,001 - $15,000",2025-08-04
Lisa,Mcclain,M001136,Sale,ORLY,"$1,001 - $15,000",2025-08-04
Lisa,Mcclain,M001136,Sale,NYT,"$1,001 - $15,000",2025-08-04
Lisa,Mcclain,M001136,Purchase,INFY,"$1,001 - $15,000",2025-08-04
Lisa,Mcclain,M001136,Sale,HWM,"$1,001 - $15,000",2025-08-04
Lisa,Mcclain,M001136,Purchase,ALGN,"$1,001 - $15,000",2025-08-04
Lisa,Mcclain,M001136,Purchase,MKSI,"$1,001 - $15,000",2025-08-04
Lisa,Mcclain,M001136,Sale,BUD,"$1,001 - $15,000",2025-08-04
Lisa,Mcclain,M001136,Sale,DBX,"$1,001 - $15,000",2025-08-04
Lisa,Mcclain,M001136,Sale,BSX,"$1,001 - $15,000",2025-08-04
Lisa,Mcclain,M001136,Sale,DEO,"$1,001 - $15,000",2025-08-04
Lisa,Mcclain,M001136,Sale,CAG,"$1,001 - $15,000",2025-08-04
Lisa,Mcclain,M001136,Purchase,PYPL,"$1,001 - $15,000",2025-08-04
Lisa,Mcclain,M001136,Purchase,EQNR,"$1,001 - $15,000",2025-08-04
Lisa,Mcclain,M001136,Purchase,CARR,"$1,001 - $15,000",2025-08-04
Lisa,Mcclain,M001136,Sale,DLB,"$1,001 - $15,000",2025-08-04
Lisa,Mcclain,M001136,Purchase,BTI,"$1,001 - $15,000",2025-08-04
Lisa,Mcclain,M001136,Sale,GGG,"$1,001 - $15,000",2025-08-04
Lisa,Mcclain,M001136,Sale,CSL,"$1,001 - $15,000",2025-08-04
Lisa,Mcclain,M001136,Purchase,SNY,"$1,001 - $15,000",2025-08-04
Lisa,Mcclain,M001136,Purchase,BHLB,"$1,001 - $15,000",2025-08-04
Lisa,Mcclain,M001136,Sale,HDB,"$1,001 - $15,000",2025-08-04
Lisa,Mcclain,M001136,Sale,WHR,"$1,001 - $15,000",2025-08-04
Lisa,Mcclain,M001136,Sale,EPAM,"$1,001 - $15,000",2025-08-04
Lisa,Mcclain,M001136,Sale,LAD,"$1,001 - $15,000",2025-08-04
Lisa,Mcclain,M001136,Sale,CSCO,"$1,001 - $15,000",2025-08-04
Lisa,Mcclain,M001136,Sale,EMN,"$1,001 - $15,000",2025-08-04
Lisa,Mcclain,M001136,Sale,CNH,"$1,001 - $15,000",2025-08-04
Lisa,Mcclain,M001136,Purchase,TXT,"$1,001 - $15,000",2025-08-04
Lisa,Mcclain,M001136,Sale,XPO,"$1,001 - $15,000",2025-08-04
Lisa,Mcclain,M001136,Sale,BHP,"$1,001 - $15,000",2025-08-04
Lisa,Mcclain,M001136,Sale,FCPT,"$1,001 - $15,000",2025-08-04
Lisa,Mcclain,M001136,Sale,DOC,"$1,001 - $15,000",2025-08-04
Lisa,Mcclain,M001136,Purchase,GSK,"$1,001 - $15,000",2025-08-04
Lisa,Mcclain,M001136,Sale,MRK,"$1,001 - $15,000",2025-08-04
Lisa,Mcclain,M001136,Purchase,CUBE,"$1,001 - $15,000",2025-08-04
Lisa,Mcclain,M001136,Purchase,GWRE,"$1,001 - $15,000",2025-08-04
Lisa,Mcclain,M001136,Sale,PAYX,"$1,001 - $15,000",2025-08-04
Lisa,Mcclain,M001136,Sale,MORN,"$1,001 - $15,000",2025-08-04
Lisa,Mcclain,M001136,Purchase,APD,"$1,001 - $15,000",2025-08-04
Lisa,Mcclain,M001136,Purchase,SONY,"$1,001 - $15,000",2025-08-04
Lisa,Mcclain,M001136,Sale,NVO,"$1,001 - $15,000",2025-08-04
Lisa,Mcclain,M001136,Purchase,UNM,"$1,001 - $15,000",2025-08-04
Lisa,Mcclain,M001136,Sale,WDAY,"$1,001 - $15,000",2025-08-04
Lisa,Mcclain,M001136,Purchase,VRSK,"$1,001 - $15,000",2025-08-04
Lisa,Mcclain,M001136,Sale,DOCU,"$1,001 - $15,000",2025-08-04
Lisa,Mcclain,M001136,Sale,UL,"$1,001 - $15,000",2025-08-04
Lisa,Mcclain,M001136,Sale,ZTS,"$1,001 - $15,000",2025-08-04
Lisa,Mcclain,M001136,Sale,CRWD,"$1,001 - $15,000",2025-08-04
Lisa,Mcclain,M001136,Purchase,RS,"$1,001 - $15,000",2025-08-04
Lisa,Mcclain,M001136,Purchase,UPS,"$1,001 - $15,000",2025-08-04
Lisa,Mcclain,M001136,Sale,RRC,"$1,001 - $15,000",2025-08-04
Lisa,Mcclain,M001136,Sale,MU,"$1,001 - $15,000",2025-08-04
Lisa,Mcclain,M001136,Sale,MKC,"$1,001 - $15,000",2025-08-04
Lisa,Mcclain,M001136,Sale,RGLD,"$1,001 - $15,000",2025-08-04
Lisa,Mcclain,M001136,Purchase,MGY,"$1,001 - $15,000",2025-08-04
Lisa,Mcclain,M001136,Purchase,AVB,"$1,001 - $15,000",2025-08-04
Lisa,Mcclain,M001136,Sale,UNP,"$1,001 - $15,000",2025-08-04
Lisa,Mcclain,M001136,Purchase,ENTG,"$1,001 - $15,000",2025-08-04
Lisa,Mcclain,M001136,Sale,MT,"$1,001 - $15,000",2025-08-04
Lisa,Mcclain,M001136,Sale,NTES,"$1,001 - $15,000",2025-08-04
Lisa,Mcclain,M001136,Purchase,HIMS,"$1,001 - $15,000",2025-08-04
Lisa,Mcclain,M001136,Sale,BAX,"$1,001 - $15,000",2025-08-04
Lisa,Mcclain,M001136,Purchase,NOW,"$1,001 - $15,000",2025-08-04
Lisa,Mcclain,M001136,Purchase,BCC,"$1,001 - $15,000",2025-08-04
Lisa,Mcclain,M001136,Sale,NOVT,"$1,001 - $15,000",2025-08-04
Julie,Johnson,J000310,Purchase,PKG,"$1,001 - $15,000",2025-08-04
Shelley Moore,Capito,C001047,Sale (Partial),BLK,"$1,001 - $15,000",2025-08-04
Tim,Moore,M001236,Purchase,DNUT,"$1,001 - $15,000",2025-08-04
Marjorie Taylor,Greene,G000596,Purchase,UNH,"$1,001 - $15,000",2025-08-04
Marjorie Taylor,Greene,G000596,Purchase,ABBV,"$1,001 - $15,000",2025-08-04
Marjorie Taylor,Greene,G000596,Purchase,UPS,"$1,001 - $15,000",2025-08-04
Scott Scott,Franklin,F000472,Purchase,NVO,"$1,001 - $15,000",2025-08-04
Scott Scott,Franklin,F000472,Purchase,NVO,"$1,001 - $15,000",2025-08-04
Scott Scott,Franklin,F000472,Sale,CMCSA,"$1,001 - $15,000",2025-08-04
Scott Scott,Franklin,F000472,Sale,CMCSA,"$1,001 - $15,000",2025-08-04
Scott Scott,Franklin,F000472,Sale,CMCSA,"$15,001 - $50,000",2025-08-04
Scott Scott,Franklin,F000472,Purchase,NVO,"$1,001 - $15,000",2025-08-04
Scott Scott,Franklin,F000472,Purchase,NVO,"$15,001 - $50,000",2025-08-04
Lisa,Mcclain,M001136,Sale,ALV,"$1,001 - $15,000",2025-08-04
Lisa,Mcclain,M001136,Sale,AMAT,"$1,001 - $15,000",2025-08-04
Lisa,Mcclain,M001136,Sale,AJG,"$1,001 - $15,000",2025-08-04
Lisa,Mcclain,M001136,Sale,AMZN,"$1,001 - $15,000",2025-08-04
April Mcclain,Delaney,M001232,Purchase,MORN,"$15,001 - $50,000",2025-08-02
John,Boozman,B001236,Sale (Partial),EMRZX,"$1,001 - $15,000",2025-08-01
John,Boozman,B001236,Sale (Partial),GEM,"$1,001 - $15,000",2025-08-01
John,Boozman,B001236,Sale (Partial),EFA,"$1,001 - $15,000",2025-08-01
John,Boozman,B001236,Sale (Partial),TBLL,"$15,001 - $50,000",2025-08-01
John,Boozman,B001236,Sale (Partial),URNM,"$1,001 - $15,000",2025-08-01
John,Boozman,B001236,Sale (Partial),PALL,"$1,001 - $15,000",2025-08-01
John,Boozman,B001236,Sale (Partial),VEA,"$1,001 - $15,000",2025-08-01
John,Boozman,B001236,Sale (Partial),GIGB,"$1,001 - $15,000",2025-08-01
John,Boozman,B001236,Sale (Partial),PPLT,"$1,001 - $15,000",2025-08-01
John,Boozman,B001236,Sale (Partial),SLV,"$1,001 - $15,000",2025-08-01
John,Boozman,B001236,Sale (Partial),EMLP,"$1,001 - $15,000",2025-08-01
John,Boozman,B001236,Sale (Partial),IVV,"$1,001 - $15,000",2025-08-01
John,Boozman,B001236,Purchase,JMBS,"$1,001 - $15,000",2025-08-01
John,Boozman,B001236,Purchase,SHY,"$1,001 - $15,000",2025-08-01
John,Boozman,B001236,Purchase,IEI,"$1,001 - $15,000",2025-08-01
John,Boozman,B001236,Purchase,WWSYX,"$1,001 - $15,000",2025-08-01
John,Boozman,B001236,Purchase,RNWGX,"$1,001 - $15,000",2025-08-01
John,Boozman,B001236,Purchase,CMBS,"$1,001 - $15,000",2025-08-01
John,Boozman,B001236,Purchase,TLT,"$1,001 - $15,000",2025-08-01
John,Boozman,B001236,Purchase,SCHP,"$1,001 - $15,000",2025-08-01
John,Boozman,B001236,Purchase,IWM,"$1,001 - $15,000",2025-08-01
John,Boozman,B001236,Purchase,TLH,"$1,001 - $15,000",2025-08-01
John,Boozman,B001236,Purchase,AGZ,"$1,001 - $15,000",2025-08-01
John,Boozman,B001236,Purchase,MBB,"$1,001 - $15,000",2025-08-01
John,Boozman,B001236,Purchase,GEM,"$1,001 - $15,000",2025-08-01
John,Boozman,B001236,Purchase,VNQI,"$1,001 - $15,000",2025-08-01
John,Boozman,B001236,Purchase,IEF,"$1,001 - $15,000",2025-08-01
Josh,Gottheimer,G000583,Sale,V,"$1,001 - $15,000",2025-08-01
Shelley Moore,Capito,C001047,Purchase,SHW,"$1,001 - $15,000",2025-08-01
Shelley Moore,Capito,C001047,Purchase,PLD,"$1,001 - $15,000",2025-08-01
Cleo,Fields,F000110,Purchase,MSFT,"$100,001 - $250,000",2025-08-01
Cleo,Fields,F000110,Purchase,META,"$100,001 - $250,000",2025-08-01
Cleo,Fields,F000110,Purchase,META,"$100,001 - $250,000",2025-08-01
Cleo,Fields,F000110,Purchase,AMD,"$15,001 - $50,000",2025-08-01
Cleo,Fields,F000110,Purchase,MSFT,"$50,001 - $100,000",2025-08-01
Cleo,Fields,F000110,Purchase,AAPL,"$15,001 - $50,000",2025-08-01
Cleo,Fields,F000110,Purchase,MSFT,"$100,001 - $250,000",2025-08-01
Cleo,Fields,F000110,Purchase,GOOG,"$100,001 - $250,000",2025-08-01
Tim,Moore,M001236,Purchase,INTC,"$15,001 - $50,000",2025-08-01
Cleo,Fields,F000110,Purchase,TSM,"$100,001 - $250,000",2025-08-01
Cleo,Fields,F000110,Purchase,AMZN,"$100,001 - $250,000",2025-08-01
Tim,Moore,M001236,Purchase,UNH,"$1,001 - $15,000",2025-08-01
Tim,Moore,M001236,Purchase,DNUT,"$1,001 - $15,000",2025-08-01
Cleo,Fields,F000110,Purchase,TSM,"$1,001 - $15,000",2025-08-01
Cleo,Fields,F000110,Purchase,NVDA,"$50,001 - $100,000",2025-08-01
Tim,Moore,M001236,Sale,VZ,"$15,001 - $50,000",2025-08-01
Cleo,Fields,F000110,Purchase,NVDA,"$100,001 - $250,000",2025-08-01
April Mcclain,Delaney,M001232,Purchase,MKL,"$15,001 - $50,000",2025-08-01
April Mcclain,Delaney,M001232,Sale,TECH,"$1,001 - $15,000",2025-08-01
April Mcclain,Delaney,M001232,Sale,MLM,"$1,001 - $15,000",2025-08-01
April Mcclain,Delaney,M001232,Purchase,PTC,"$15,001 - $50,000",2025-08-01
Markwayne,Mullin,M001190,Sale (Partial),UNH,"$15,001 - $50,000",2025-08-01
Thomas H.,Kean,K000398,Sale,JNJ,"$15,001 - $50,000",2025-07-31
Thomas H.,Kean,K000398,Sale,SYK,"$15,001 - $50,000",2025-07-31
Gilbert,Cisneros,C001123,Sale,WRB,"$1,001 - $15,000",2025-07-31
Gilbert,Cisneros,C001123,Purchase,DAY,"$1,001 - $15,000",2025-07-31
Gilbert,Cisneros,C001123,Purchase,CSGP,"$1,001 - $15,000",2025-07-31
Gilbert,Cisneros,C001123,Sale,BSX,"$1,001 - $15,000",2025-07-31
John,Boozman,B001236,Sale (Partial),GD,"$1,001 - $15,000",2025-07-31
John,Boozman,B001236,Sale (Partial),MDLZ,"$1,001 - $15,000",2025-07-31
John,Boozman,B001236,Purchase,GE,"$1,001 - $15,000",2025-07-31
John,Boozman,B001236,Purchase,WMT,"$1,001 - $15,000",2025-07-31
Shelley Moore,Capito,C001047,Sale (Full),CL,"$1,001 - $15,000",2025-07-31
Shelley Moore,Capito,C001047,Sale (Full),PPG,"$1,001 - $15,000",2025-07-31
Shelley Moore,Capito,C001047,Sale (Partial),GD,"$1,001 - $15,000",2025-07-31
Cleo,Fields,F000110,Purchase,AMD,"$15,001 - $50,000",2025-07-30
Cleo,Fields,F000110,Purchase,GOOG,"$100,001 - $250,000",2025-07-30
Tim,Moore,M001236,Purchase,CNC,"$15,001 - $50,000",2025-07-30
Tim,Moore,M001236,Purchase,HOG,"$15,001 - $50,000",2025-07-30
Tim,Moore,M001236,Purchase,DNUT,"$15,001 - $50,000",2025-07-30
Shelley Moore,Capito,C001047,Sale (Partial),PPG,"$1,001 - $15,000",2025-07-30
Thomas H.,Kean,K000398,Purchase,CHKP,"$15,001 - $50,000",2025-07-29
Thomas H.,Kean,K000398,Sale,ADBE,"$1,001 - $15,000",2025-07-29
Julie,Johnson,J000310,Sale,STX,"$1,001 - $15,000",2025-07-29
Julie,Johnson,J000310,Sale,MSFT,"$1,001 - $15,000",2025-07-29
Cleo,Fields,F000110,Purchase,GOOG,"$50,001 - $100,000",2025-07-29
Cleo,Fields,F000110,Purchase,AVGO,"$15,001 - $50,000",2025-07-29
Cleo,Fields,F000110,Purchase,AAPL,"$100,001 - $250,000",2025-07-29
Cleo,Fields,F000110,Purchase,NVDA,"$50,001 - $100,000",2025-07-29
Cleo,Fields,F000110,Purchase,META,"$50,001 - $100,000",2025-07-29
Cleo,Fields,F000110,Purchase,META,"$50,001 - $100,000",2025-07-29
Cleo,Fields,F000110,Purchase,AMZN,"$100,001 - $250,000",2025-07-29
Cleo,Fields,F000110,Purchase,MSFT,"$100,001 - $250,000",2025-07-29
Cleo,Fields,F000110,Purchase,NVDA,"$250,001 - $500,000",2025-07-29
Cleo,Fields,F000110,Purchase,GOOG,"$50,001 - $100,000",2025-07-29
Cleo,Fields,F000110,Purchase,MCD,"$15,001 - $50,000",2025-07-29
Cleo,Fields,F000110,Purchase,META,"$50,001 - $100,000",2025-07-29
Cleo,Fields,F000110,Purchase,MSFT,"$50,001 - $100,000",2025-07-29
Tim,Moore,M001236,Purchase,DNUT,"$1,001 - $15,000",2025-07-29
Tim,Moore,M001236,Purchase,VZ,"$15,001 - $50,000",2025-07-29
Tim,Moore,M001236,Purchase,INTC,"$15,001 - $50,000",2025-07-29
Tim,Moore,M001236,Purchase,CNC,"$15,001 - $50,000",2025-07-29
Shelley Moore,Capito,C001047,Purchase,META,"$1,001 - $15,000",2025-07-29
Shelley Moore,Capito,C001047,Purchase,GOOGL,"$1,001 - $15,000",2025-07-29
Valerie,Hoyle,H001094,Sale,MMM,"$1,001 - $15,000",2025-07-28
Valerie,Hoyle,H001094,Purchase,NTRS,"$1,001 - $15,000",2025-07-28
Valerie,Hoyle,H001094,Purchase,KR,"$1,001 - $15,000",2025-07-28
Valerie,Hoyle,H001094,Sale,GS,"$1,001 - $15,000",2025-07-28
Valerie,Hoyle,H001094,Purchase,KLAC,"$1,001 - $15,000",2025-07-28
Robert B.,Aderholt,A000055,Sale,GSK,"$1,001 - $15,000",2025-07-28
Josh,Gottheimer,G000583,Sale,WMT,"$1,001 - $15,000",2025-07-28
Cleo,Fields,F000110,Purchase,PLTR,"$50,001 - $100,000",2025-07-28
Cleo,Fields,F000110,Purchase,MSFT,"$100,001 - $250,000",2025-07-28
Cleo,Fields,F000110,Sale,BMNR,"$50,001 - $100,000",2025-07-28
April Mcclain,Delaney,M001232,Sale,ENTG,"$1,001 - $15,000",2025-07-28
Julie,Johnson,J000310,Purchase,CVX,"$1,001 - $15,000",2025-07-25
Julie,Johnson,J000310,Sale,PH,"$1,001 - $15,000",2025-07-25
Julie,Johnson,J000310,Sale,XOM,"$1,001 - $15,000",2025-07-25
Julie,Johnson,J000310,Purchase,PKG,"$1,001 - $15,000",2025-07-25
Josh,Gottheimer,G000583,Sale,IBM,"$1,001 - $15,000",2025-07-25
April Mcclain,Delaney,M001232,Purchase,BRO,"$1,001 - $15,000",2025-07-25
April Mcclain,Delaney,M001232,Purchase,MKL,"$1,001 - $15,000",2025-07-25
John,Boozman,B001236,Sale (Partial),JPM,"$1,001 - $15,000",2025-07-24
Angus,King,K000383,Purchase,XOM,"$1,001 - $15,000",2025-07-21
Angus,King,K000383,Purchase,JPM,"$1,001 - $15,000",2025-07-21
Angus,King,K000383,Purchase,BAC,"$1,001 - $15,000",2025-07-21
Angus,King,K000383,Purchase,GOOGL,"$1,001 - $15,000",2025-07-21
Angus,King,K000383,Purchase,PWR,"$1,001 - $15,000",2025-07-21
Angus,King,K000383,Purchase,NFLX,"$1,001 - $15,000",2025-07-21
Angus,King,K000383,Purchase,VRT,"$1,001 - $15,000",2025-07-21
Angus,King,K000383,Purchase,MRVL,"$1,001 - $15,000",2025-07-21
Angus,King,K000383,Purchase,AMAT,"$1,001 - $15,000",2025-07-21
Angus,King,K000383,Purchase,ADSK,"$1,001 - $15,000",2025-07-21
Angus,King,K000383,Purchase,LOW,"$1,001 - $15,000",2025-07-21
Angus,King,K000383,Purchase,ANET,"$1,001 - $15,000",2025-07-21
Angus,King,K000383,Purchase,META,"$1,001 - $15,000",2025-07-21
Angus,King,K000383,Purchase,ONON,"$1,001 - $15,000",2025-07-21
Angus,King,K000383,Purchase,UBER,"$1,001 - $15,000",2025-07-21
Angus,King,K000383,Purchase,PYPL,"$1,001 - $15,000",2025-07-21
Angus,King,K000383,Purchase,MSFT,"$1,001 - $15,000",2025-07-21
Angus,King,K000383,Purchase,BX,"$1,001 - $15,000",2025-07-21
Angus,King,K000383,Purchase,KEX,"$1,001 - $15,000",2025-07-21
Angus,King,K000383,Purchase,NVDA,"$1,001 - $15,000",2025-07-21
Angus,King,K000383,Purchase,AMD,"$1,001 - $15,000",2025-07-21
Angus,King,K000383,Sale (Full),TMO,"$1,001 - $15,000",2025-07-21
Shelley Moore,Capito,C001047,Sale (Partial),AFL,"$1,001 - $15,000",2025-07-18
Shelley Moore,Capito,C001047,Sale (Partial),AVGO,"$1,001 - $15,000",2025-07-18
Shelley Moore,Capito,C001047,Sale (Partial),MSFT,"$1,001 - $15,000",2025-07-18
Shelley Moore,Capito,C001047,Sale (Partial),JPM,"$1,001 - $15,000",2025-07-18
Shelley Moore,Capito,C001047,Sale (Partial),AAPL,"$1,001 - $15,000",2025-07-18
Shelley Moore,Capito,C001047,Sale (Partial),CB,"$1,001 - $15,000",2025-07-17
Angus,King,K000383,Sale (Full),UNH,"$1,001 - $15,000",2025-07-15
John,Boozman,B001236,Sale (Full),HYG,"$1,001 - $15,000",2025-07-08
John,Boozman,B001236,Purchase,GIGB,"$1,001 - $15,000",2025-07-08
Sheldon,Whitehouse,W000802,Sale (Partial),NVDA,"$15,001 - $50,000",2025-07-07
Sheldon,Whitehouse,W000802,Sale (Full),ADI,"$15,001 - $50,000",2025-07-03
John,Boozman,B001236,Sale (Partial),MU,"$1,001 - $15,000",2025-07-01
Shelley Moore,Capito,C001047,Purchase,AXP,"$15,001 - $50,000",2025-07-01
Lindsey,Graham,G000359,Purchase,BSCV,"$15,001 - $50,000",2025-06-30
Lindsey,Graham,G000359,Purchase,XONE,"$15,001 - $50,000",2025-06-30
A. Mitchell Jr.,McConnell,M000355,Sale (Partial),LAZR,"$15,001 - $50,000",2025-06-26
Shelley Moore,Capito,C001047,Sale (Full),UNH,"$1,001 - $15,000",2025-06-23
Shelley Moore,Capito,C001047,Sale (Partial),ADI,"$1,001 - $15,000",2025-06-18
Shelley Moore,Capito,C001047,Sale (Partial),C,"$1,001 - $15,000",2025-06-18
Shelley Moore,Capito,C001047,Sale (Partial),MSFT,"$1,001 - $15,000",2025-06-18
Shelley Moore,Capito,C001047,Sale (Partial),XOM,"$1,001 - $15,000",2025-06-18
Shelley Moore,Capito,C001047,Sale (Full),WFC,"$1,001 - $15,000",2025-06-18
John,Hickenlooper,H000273,Sale (Partial),CMG,"$100,001 - $250,000",2025-06-12
John,Boozman,B001236,Sale (Full),UNH,"$1,001 - $15,000",2025-06-11
John,Boozman,B001236,Sale (Partial),MU,"$1,001 - $15,000",2025-06-11
John,Boozman,B001236,Purchase,TBLL,"$1,001 - $15,000",2025-06-11
John,Boozman,B001236,Purchase,AVGO,"$1,001 - $15,000",2025-06-11
Ron,Wyden,W000779,Sale (Full),PFE,"$1,001 - $15,000",2025-06-03
A. Mitchell Jr.,McConnell,M000355,Purchase,WFC,"$1,001 - $15,000",2025-06-01
John,Boozman,B001236,Sale (Full),FBIN,"$1,001 - $15,000",2025-05-30
John,Boozman,B001236,Purchase,META,"$1,001 - $15,000",2025-05-30
John,Boozman,B001236,Purchase,RTX,"$1,001 - $15,000",2025-05-30
John,Boozman,B001236,Sale (Partial),GD,"$1,001 - $15,000",2025-05-20
John,Boozman,B001236,Sale (Full),DTE,"$1,001 - $15,000",2025-05-20
John,Boozman,B001236,Sale (Partial),LOW,"$1,001 - $15,000",2025-05-20
John,Boozman,B001236,Sale (Partial),NRG,"$1,001 - $15,000",2025-05-20
John,Boozman,B001236,Purchase,GOOGL,"$1,001 - $15,000",2025-05-20
John,Boozman,B001236,Purchase,HD,"$1,001 - $15,000",2025-05-20
John,Boozman,B001236,Purchase,ATO,"$1,001 - $15,000",2025-05-20
John,Hickenlooper,H000273,Purchase,LBRDK,"$250,001 - $500,000",2025-05-19
John,Boozman,B001236,Sale (Partial),TBLL,"$1,001 - $15,000",2025-05-16
John,Boozman,B001236,Purchase,AMZN,"$1,001 - $15,000",2025-05-16
John,Boozman,B001236,Purchase,META,"$1,001 - $15,000",2025-05-16
John,Boozman,B001236,Purchase,HD,"$1,001 - $15,000",2025-05-16
John,Fetterman,F000479,Purchase,GOOG,"$1,001 - $15,000",2025-05-15
John,Boozman,B001236,Sale (Full),VLO,"$1,001 - $15,000",2025-05-13
John,Boozman,B001236,Purchase,NVDA,"$1,001 - $15,000",2025-05-13
Markwayne,Mullin,M001190,Purchase,TMO,"$15,001 - $50,000",2025-05-13
Markwayne,Mullin,M001190,Purchase,CSX,"$15,001 - $50,000",2025-05-13
Markwayne,Mullin,M001190,Purchase,LHX,"$15,001 - $50,000",2025-05-13
Markwayne,Mullin,M001190,Sale (Full),SPY,"$500,001 - $1,000,000",2025-05-13
Markwayne,Mullin,M001190,Purchase,TXN,"$15,001 - $50,000",2025-05-13
Markwayne,Mullin,M001190,Purchase,LRCX,"$15,001 - $50,000",2025-05-13
Markwayne,Mullin,M001190,Purchase,ADBE,"$15,001 - $50,000",2025-05-13
Markwayne,Mullin,M001190,Purchase,COP,"$15,001 - $50,000",2025-05-13
Markwayne,Mullin,M001190,Purchase,VLO,"$50,001 - $100,000",2025-05-13
Markwayne,Mullin,M001190,Purchase,LPLA,"$15,001 - $50,000",2025-05-13
Markwayne,Mullin,M001190,Purchase,CVX,"$50,001 - $100,000",2025-05-13
Markwayne,Mullin,M001190,Purchase,ZTS,"$50,001 - $100,000",2025-05-13
Markwayne,Mullin,M001190,Purchase,AMAT,"$15,001 - $50,000",2025-05-13
John,Hickenlooper,H000273,Purchase,FWONK,"$100,001 - $250,000",2025-05-09
John,Hickenlooper,H000273,Sale (Full),LBRDK,"$250,001 - $500,000",2025-05-09
John,Hickenlooper,H000273,Purchase,LBRDK,"$250,001 - $500,000",2025-05-09
John,Hickenlooper,H000273,Purchase,LBRDK,"$100,001 - $250,000",2025-05-09
John,Hickenlooper,H000273,Sale (Full),FWONK,"$250,001 - $500,000",2025-05-09
John,Hickenlooper,H000273,Sale (Full),LBRDK,"$100,001 - $250,000",2025-05-09
John,Hickenlooper,H000273,Sale (Partial),FWONK,"$15,001 - $50,000",2025-05-09
Jerry,Moran,M000934,Purchase,GOOG,"$1,001 - $15,000",2025-05-08
Jerry,Moran,M000934,Purchase,GOOG,"$1,001 - $15,000",2025-05-08
Jerry,Moran,M000934,Purchase,GOOG,"$1,001 - $15,000",2025-05-08
Jerry,Moran,M000934,Purchase,GOOG,"$1,001 - $15,000",2025-05-08
Shelley Moore,Capito,C001047,Purchase,GOOGL,"$1,001 - $15,000",2025-05-08
David H.,McCormick,M001243,Sale (Partial),IJR,"$1,001 - $15,000",2025-05-06
Sheldon,Whitehouse,W000802,Sale (Full),EL,"$1,001 - $15,000",2025-04-29
Shelley Moore,Capito,C001047,Purchase,GOOGL,"$1,001 - $15,000",2025-04-29
John,Hickenlooper,H000273,Sale (Partial),SIRI,"$50,001 - $100,000",2025-04-25
John,Boozman,B001236,Sale (Partial),CRM,"$1,001 - $15,000",2025-04-22
John,Boozman,B001236,Purchase,MSFT,"$1,001 - $15,000",2025-04-22
John,Kennedy,K000393,Purchase,NLY,"$1,001 - $15,000",2025-04-21
John,Boozman,B001236,Sale (Partial),AMAT,"$1,001 - $15,000",2025-04-16
John,Boozman,B001236,Sale (Partial),LRCX,"$1,001 - $15,000",2025-04-16
John,Boozman,B001236,Sale (Full),GILD,"$1,001 - $15,000",2025-04-16
John,Boozman,B001236,Purchase,MSFT,"$1,001 - $15,000",2025-04-16
John,Boozman,B001236,Purchase,ORCL,"$1,001 - $15,000",2025-04-16
John,Boozman,B001236,Purchase,UNH,"$1,001 - $15,000",2025-04-16
Tommy,Tuberville,T000278,Sale (Full),DUK,"$15,001 - $50,000",2025-04-15
Tommy,Tuberville,T000278,Sale (Full),GOOGL,"$15,001 - $50,000",2025-04-15
Tommy,Tuberville,T000278,Sale (Full),CSX,"$15,001 - $50,000",2025-04-15
Tommy,Tuberville,T000278,Sale (Full),STZ,"$15,001 - $50,000",2025-04-15
Tommy,Tuberville,T000278,Sale (Full),ADM,"$15,001 - $50,000",2025-04-15
Tommy,Tuberville,T000278,Sale (Full),JPM,"$15,001 - $50,000",2025-04-15
Tommy,Tuberville,T000278,Sale (Full),AMGN,"$15,001 - $50,000",2025-04-15
Tommy,Tuberville,T000278,Sale (Full),PYPL,"$15,001 - $50,000",2025-04-15
Tommy,Tuberville,T000278,Sale (Full),LLY,"$15,001 - $50,000",2025-04-15
Tommy,Tuberville,T000278,Sale (Full),BMY,"$1,001 - $15,000",2025-04-15
Tommy,Tuberville,T000278,Sale (Full),AAPL,"$15,001 - $50,000",2025-04-15
Tommy,Tuberville,T000278,Sale (Full),MA,"$15,001 - $50,000",2025-04-15
Tommy,Tuberville,T000278,Purchase,USIG,"$50,001 - $100,000",2025-04-15
Tommy,Tuberville,T000278,Sale (Full),MSFT,"$15,001 - $50,000",2025-04-15
Tommy,Tuberville,T000278,Sale (Full),GS,"$15,001 - $50,000",2025-04-15
John,Boozman,B001236,Sale (Partial),BAC,"$1,001 - $15,000",2025-04-15
John,Boozman,B001236,Purchase,META,"$1,001 - $15,000",2025-04-15
Sheldon,Whitehouse,W000802,Sale (Partial),NVDA,"$15,001 - $50,000",2025-04-14
Sheldon,Whitehouse,W000802,Sale (Partial),AAPL,"$15,001 - $50,000",2025-04-14
Sheldon,Whitehouse,W000802,Sale (Partial),SBUX,"$15,001 - $50,000",2025-04-14
Sheldon,Whitehouse,W000802,Sale (Partial),SBUX,"$1,001 - $15,000",2025-04-11
Sheldon,Whitehouse,W000802,Sale (Partial),SBUX,"$1,001 - $15,000",2025-04-11
Shelley Moore,Capito,C001047,Sale (Full),TGT,"$1,001 - $15,000",2025-04-11
Shelley Moore,Capito,C001047,Sale (Full),NKE,"$1,001 - $15,000",2025-04-10
John,Boozman,B001236,Sale (Partial),SHY,"$1,001 - $15,000",2025-04-09
John,Boozman,B001236,Purchase,HYG,"$1,001 - $15,000",2025-04-09
David H.,McCormick,M001243,Purchase,BITB,"$15,001 - $50,000",2025-04-09
John,Boozman,B001236,Sale (Partial),JPM,"$1,001 - $15,000",2025-04-08
John,Boozman,B001236,Sale (Full),IVW,"$1,001 - $15,000",2025-04-08
John,Boozman,B001236,Purchase,COLPAL,"$1,001 - $15,000",2025-04-08
John,Boozman,B001236,Purchase,FTGC,"$1,001 - $15,000",2025-04-08
John,Boozman,B001236,Purchase,AVGO,"$1,001 - $15,000",2025-04-08
Markwayne,Mullin,M001190,Sale (Full),CVX,"$15,001 - $50,000",2025-04-08
Markwayne,Mullin,M001190,Sale (Full),ADBE,"$15,001 - $50,000",2025-04-08
Markwayne,Mullin,M001190,Sale (Partial),AMAT,"$50,001 - $100,000",2025-04-08
Markwayne,Mullin,M001190,Sale (Full),TXN,"$15,001 - $50,000",2025-04-08
Markwayne,Mullin,M001190,Sale (Full),VLO,"$50,001 - $100,000",2025-04-08
Markwayne,Mullin,M001190,Sale (Full),TMO,"$50,001 - $100,000",2025-04-08
Markwayne,Mullin,M001190,Sale (Full),CSX,"$15,001 - $50,000",2025-04-08
Markwayne,Mullin,M001190,Sale (Full),ZTS,"$15,001 - $50,000",2025-04-08
Markwayne,Mullin,M001190,Sale (Partial),LRCX,"$50,001 - $100,000",2025-04-08
Markwayne,Mullin,M001190,Sale (Full),COP,"$15,001 - $50,000",2025-04-08
David H.,McCormick,M001243,Purchase,BITB,"$15,001 - $50,000",2025-04-07
Ashley B.,Moody,M001244,Purchase,JPM,"$15,001 - $50,000",2025-04-04
Ashley B.,Moody,M001244,Purchase,ARCC,"$15,001 - $50,000",2025-04-04
Ashley B.,Moody,M001244,Purchase,HWM,"$15,001 - $50,000",2025-04-04
Ashley B.,Moody,M001244,Purchase,ET,"$15,001 - $50,000",2025-04-04
Sheldon,Whitehouse,W000802,Sale (Full),HON,"$15,001 - $50,000",2025-04-03
David H.,McCormick,M001243,Purchase,BITB,"$15,001 - $50,000",2025-04-03
David H.,McCormick,M001243,Purchase,BITB,"$15,001 - $50,000",2025-04-02
David H.,McCormick,M001243,Purchase,BITB,"$15,001 - $50,000",2025-03-31
David H.,McCormick,M001243,Purchase,BITB,"$50,001 - $100,000",2025-03-27
Shelley Moore,Capito,C001047,Purchase,META,"$1,001 - $15,000",2025-03-26
Shelley Moore,Capito,C001047,Purchase,CEG,"$1,001 - $15,000",2025-03-26
David H.,McCormick,M001243,Purchase,BITB,"$50,001 - $100,000",2025-03-25
Ashley B.,Moody,M001244,Purchase,SMCI,"$100,001 - $250,000",2025-03-25
David H.,McCormick,M001243,Purchase,BITB,"$15,001 - $50,000",2025-03-24
Ashley B.,Moody,M001244,Sale (Partial),SMCI,"$15,001 - $50,000",2025-03-24
Ashley B.,Moody,M001244,Purchase,NVDA,"$15,001 - $50,000",2025-03-21
Ashley B.,Moody,M001244,Purchase,NVDA,"$100,001 - $250,000",2025-03-20
David H.,McCormick,M001243,Purchase,BITB,"$50,001 - $100,000",2025-03-20
John,Boozman,B001236,Sale (Full),DTE,"$1,001 - $15,000",2025-03-19
John,Boozman,B001236,Sale (Partial),IVW,"$1,001 - $15,000",2025-03-19
John,Boozman,B001236,Purchase,TBLL,"$1,001 - $15,000",2025-03-19
John,Boozman,B001236,Purchase,AMAT,"$1,001 - $15,000",2025-03-19
Markwayne,Mullin,M001190,Purchase,COF,"$15,001 - $50,000",2025-03-19
John,Hickenlooper,H000273,Sale (Partial),FWONK,"$50,001 - $100,000",2025-03-18
Bernardo,Moreno,M001242,Sale (Full),BEEP,"$15,001 - $50,000",2025-03-17
David H.,McCormick,M001243,Purchase,BITB,"$15,001 - $50,000",2025-03-13
David H.,McCormick,M001243,Purchase,BITB,"$15,001 - $50,000",2025-03-11
David H.,McCormick,M001243,Purchase,BITB,"$50,001 - $100,000",2025-03-10
Ashley B.,Moody,M001244,Purchase,LLY,"$100,001 - $250,000",2025-03-06
John,Boozman,B001236,Purchase,TBLL,"$1,001 - $15,000",2025-03-05
David H.,McCormick,M001243,Purchase,BITB,"$15,001 - $50,000",2025-03-05
David H.,McCormick,M001243,Purchase,BITB,"$50,001 - $100,000",2025-03-03
A. Mitchell Jr.,McConnell,M000355,Purchase,WFC,"$1,001 - $15,000",2025-03-03
David H.,McCormick,M001243,Purchase,BITB,"$15,001 - $50,000",2025-02-28
David H.,McCormick,M001243,Sale (Partial),GS,"$1,000,001 - $5,000,000",2025-02-28
David H.,McCormick,M001243,Purchase,BITB,"$50,001 - $100,000",2025-02-27
John,Boozman,B001236,Sale (Partial),EMLP,"$1,001 - $15,000",2025-02-26
John,Boozman,B001236,Sale (Partial),FTGC,"$1,001 - $15,000",2025-02-26
John,Boozman,B001236,Sale (Partial),IVW,"$1,001 - $15,000",2025-02-26
John,Boozman,B001236,Purchase,ECL,"$1,001 - $15,000",2025-02-26
John,Boozman,B001236,Purchase,AXP,"$1,001 - $15,000",2025-02-26
John,Boozman,B001236,Purchase,LITP,"$1,001 - $15,000",2025-02-26
John,Boozman,B001236,Purchase,AMZN,"$1,001 - $15,000",2025-02-26
John,Boozman,B001236,Purchase,TBLL,"$1,001 - $15,000",2025-02-26
John,Boozman,B001236,Purchase,MSI,"$1,001 - $15,000",2025-02-26
John,Boozman,B001236,Purchase,NVDA,"$1,001 - $15,000",2025-02-26
David H.,McCormick,M001243,Purchase,BITB,"$15,001 - $50,000",2025-02-26
John,Boozman,B001236,Purchase,URNM,"$1,001 - $15,000",2025-02-25
David H.,McCormick,M001243,Purchase,BITB,"$50,001 - $100,000",2025-02-25
Ashley B.,Moody,M001244,Purchase,AMD,"$100,001 - $250,000",2025-02-24
Ashley B.,Moody,M001244,Sale (Partial),SMCI,"$50,001 - $100,000",2025-02-24
Ashley B.,Moody,M001244,Purchase,GENI,"$1,001 - $15,000",2025-02-24
Ashley B.,Moody,M001244,Purchase,ASML,"$50,001 - $100,000",2025-02-24
Ashley B.,Moody,M001244,Sale (Full),HWM,"$50,001 - $100,000",2025-02-24
Ashley B.,Moody,M001244,Sale (Partial),SMCI,"$15,001 - $50,000",2025-02-24
Shelley Moore,Capito,C001047,Sale (Partial),ABT,"$1,001 - $15,000",2025-02-24
Shelley Moore,Capito,C001047,Sale (Partial),ACN,"$1,001 - $15,000",2025-02-24
Shelley Moore,Capito,C001047,Sale (Full),CMCSA,"$1,001 - $15,000",2025-02-24
Ashley B.,Moody,M001244,Sale (Full),KPTI,"$1,001 - $15,000",2025-02-20
Ashley B.,Moody,M001244,Sale (Full),DM,"$1,001 - $15,000",2025-02-20
Ashley B.,Moody,M001244,Sale (Full),ADCT,"$1,001 - $15,000",2025-02-20
James E.,Banks,B001299,Sale (Full),YUM,"$1,001 - $15,000",2025-02-18
John,Boozman,B001236,Sale (Partial),IVW,"$1,001 - $15,000",2025-02-14
John,Boozman,B001236,Purchase,MSFT,"$1,001 - $15,000",2025-02-14
John,Boozman,B001236,Sale (Full),PFE,"$1,001 - $15,000",2025-02-13
John,Boozman,B001236,Sale (Full),DIS,"$1,001 - $15,000",2025-02-13
John,Boozman,B001236,Purchase,GOOGL,"$1,001 - $15,000",2025-02-13
John,Boozman,B001236,Purchase,BSX,"$1,001 - $15,000",2025-02-13
Markwayne,Mullin,M001190,Purchase,TJX,"$15,001 - $50,000",2025-02-13
Markwayne,Mullin,M001190,Purchase,PM,"$15,001 - $50,000",2025-02-13
Markwayne,Mullin,M001190,Sale (Full),VAW,"$100,001 - $250,000",2025-02-13
Markwayne,Mullin,M001190,Purchase,MSFT,"$50,001 - $100,000",2025-02-13
Markwayne,Mullin,M001190,Purchase,ACN,"$50,001 - $100,000",2025-02-13
Markwayne,Mullin,M001190,Sale (Full),HON,"$15,001 - $50,000",2025-02-13
Markwayne,Mullin,M001190,Sale (Full),DHR,"$15,001 - $50,000",2025-02-13
Markwayne,Mullin,M001190,Sale (Partial),BRK,"$15,001 - $50,000",2025-02-13
Markwayne,Mullin,M001190,Sale (Full),AMD,"$50,001 - $100,000",2025-02-13
Markwayne,Mullin,M001190,Sale (Partial),STZ,"$15,001 - $50,000",2025-02-13
Markwayne,Mullin,M001190,Purchase,AMZN,"$15,001 - $50,000",2025-02-13
Markwayne,Mullin,M001190,Purchase,LHX,"$15,001 - $50,000",2025-02-13
Markwayne,Mullin,M001190,Purchase,IQV,"$15,001 - $50,000",2025-02-13
Markwayne,Mullin,M001190,Purchase,LPLA,"$50,001 - $100,000",2025-02-13
Tina,Smith,S001203,Sale (Full),GIS,"$100,001 - $250,000",2025-02-11
Tina,Smith,S001203,Sale (Full),PEP,"$100,001 - $250,000",2025-02-11
Ron,Wyden,W000779,Sale (Full),LLY,"$50,001 - $100,000",2025-02-10
Ron,Wyden,W000779,Sale (Full),IRBT,"$1,001 - $15,000",2025-02-06
Ron,Wyden,W000779,Sale (Full),SOLV,"$1,001 - $15,000",2025-02-06
John,Boozman,B001236,Sale (Partial),LRCX,"$1,001 - $15,000",2025-02-05
John,Boozman,B001236,Sale (Partial),BAC,"$1,001 - $15,000",2025-02-05
John,Boozman,B001236,Sale (Partial),JPM,"$1,001 - $15,000",2025-02-05
John,Boozman,B001236,Purchase,MSFT,"$1,001 - $15,000",2025-02-05
John,Boozman,B001236,Purchase,MA,"$1,001 - $15,000",2025-02-05
John,Boozman,B001236,Purchase,AXP,"$1,001 - $15,000",2025-02-05
Shelley Moore,Capito,C001047,Sale (Partial),AAPL,"$1,001 - $15,000",2025-02-05
John,Boozman,B001236,Sale (Full),QSR,"$1,001 - $15,000",2025-02-04
John,Boozman,B001236,Purchase,AMZN,"$1,001 - $15,000",2025-02-04
Shelley Moore,Capito,C001047,Sale (Partial),MSFT,"$1,001 - $15,000",2025-02-04
Shelley Moore,Capito,C001047,Purchase,CEG,"$1,001 - $15,000",2025-02-04
Markwayne,Mullin,M001190,Purchase,CRDO,"$1,001 - $15,000",2025-02-03
Markwayne,Mullin,M001190,Purchase,IRM,"$1,001 - $15,000",2025-02-03
Markwayne,Mullin,M001190,Purchase,GS,"$1,001 - $15,000",2025-02-03
Markwayne,Mullin,M001190,Purchase,LRN,"$1,001 - $15,000",2025-02-03
Markwayne,Mullin,M001190,Purchase,DELL,"$1,001 - $15,000",2025-02-03
Markwayne,Mullin,M001190,Purchase,MTZ,"$1,001 - $15,000",2025-02-03
Markwayne,Mullin,M001190,Purchase,COHR,"$1,001 - $15,000",2025-02-03
Markwayne,Mullin,M001190,Purchase,PRMB,"$1,001 - $15,000",2025-02-03
Markwayne,Mullin,M001190,Purchase,WAB,"$1,001 - $15,000",2025-02-03
Markwayne,Mullin,M001190,Purchase,AIT,"$1,001 - $15,000",2025-02-03
John,Boozman,B001236,Sale (Partial),IVW,"$1,001 - $15,000",2025-01-28
John,Boozman,B001236,Sale (Full),HPQ,"$1,001 - $15,000",2025-01-28
John,Boozman,B001236,Purchase,TBLL,"$1,001 - $15,000",2025-01-28
John,Boozman,B001236,Purchase,NRG,"$1,001 - $15,000",2025-01-28
Ashley B.,Moody,M001244,Purchase,AMAT,"$100,001 - $250,000",2025-01-27
Ashley B.,Moody,M001244,Purchase,AMAT,"$100,001 - $250,000",2025-01-22
Ashley B.,Moody,M001244,Purchase,HWM,"$50,001 - $100,000",2025-01-22
Ashley B.,Moody,M001244,Purchase,MU,"$50,001 - $100,000",2025-01-22
Ron,Wyden,W000779,Purchase,LLY,"$50,001 - $100,000",2025-01-22
Ashley B.,Moody,M001244,Sale (Full),OKTA,"$50,001 - $100,000",2025-01-21
Shelley Moore,Capito,C001047,Sale (Partial),AFL,"$1,001 - $15,000",2025-01-17
Shelley Moore,Capito,C001047,Sale (Partial),CB,"$1,001 - $15,000",2025-01-17
Shelley Moore,Capito,C001047,Sale (Partial),BLK,"$1,001 - $15,000",2025-01-17
Shelley Moore,Capito,C001047,Sale (Partial),JPM,"$1,001 - $15,000",2025-01-17
Shelley Moore,Capito,C001047,Sale (Partial),AAPL,"$1,001 - $15,000",2025-01-17
Shelley Moore,Capito,C001047,Sale (Partial),LOW,"$1,001 - $15,000",2025-01-17
Shelley Moore,Capito,C001047,Sale (Partial),MSFT,"$1,001 - $15,000",2025-01-17
Shelley Moore,Capito,C001047,Sale (Partial),PSX,"$1,001 - $15,000",2025-01-17
Shelley Moore,Capito,C001047,Sale (Partial),ITW,"$1,001 - $15,000",2025-01-17
Shelley Moore,Capito,C001047,Sale (Partial),GWW,"$1,001 - $15,000",2025-01-17
David H.,McCormick,M001243,Sale (Full),RUM,"$1,000,001 - $5,000,000",2025-01-16
John,Boozman,B001236,Sale (Full),SPY,"$1,001 - $15,000",2025-01-16
John,Boozman,B001236,Purchase,TBLL,"$1,001 - $15,000",2025-01-16
John,Boozman,B001236,Sale (Full),EBAY,"$1,001 - $15,000",2025-01-14
John,Boozman,B001236,Sale (Full),QQQ,"$1,001 - $15,000",2025-01-14
John,Boozman,B001236,Sale (Full),CSCO,"$1,001 - $15,000",2025-01-14
John,Boozman,B001236,Purchase,MA,"$1,001 - $15,000",2025-01-14
John,Boozman,B001236,Purchase,NVDA,"$1,001 - $15,000",2025-01-14
John,Boozman,B001236,Purchase,CRM,"$1,001 - $15,000",2025-01-14
Tommy,Tuberville,T000278,Sale (Full),DEO,"$15,001 - $50,000",2025-01-10
Tommy,Tuberville,T000278,Sale (Full),AAPL,"$15,001 - $50,000",2025-01-10
Tommy,Tuberville,T000278,Sale (Full),MSFT,"$15,001 - $50,000",2025-01-10
Tommy,Tuberville,T000278,Sale (Full),TSCO,"$15,001 - $50,000",2025-01-10
Tommy,Tuberville,T000278,Sale (Full),CARR,"$1,001 - $15,000",2025-01-10
Tommy,Tuberville,T000278,Sale (Full),TXN,"$15,001 - $50,000",2025-01-10
Markwayne,Mullin,M001190,Sale (Partial),IEFA,"$15,001 - $50,000",2025-01-08
Markwayne,Mullin,M001190,Sale (Full),ABT,"$1,001 - $15,000",2025-01-08
Markwayne,Mullin,M001190,Sale (Partial),EZU,"$15,001 - $50,000",2025-01-08
Marco,Rubio,R000595,Sale (Full),KO,"$1,001 - $15,000",2025-01-07
Marco,Rubio,R000595,Sale (Full),CSCO,"$1,001 - $15,000",2025-01-07
Sheldon,Whitehouse,W000802,Sale (Partial),NVDA,"$15,001 - $50,000",2025-01-06
Shelley Moore,Capito,C001047,Sale (Partial),MSFT,"$1,001 - $15,000",2025-01-03
Markwayne,Mullin,M001190,Purchase,PRMB,"$15,001 - $50,000",2025-01-02
Markwayne,Mullin,M001190,Purchase,LRN,"$15,001 - $50,000",2025-01-02
Markwayne,Mullin,M001190,Purchase,CRDO,"$15,001 - $50,000",2025-01-02
Markwayne,Mullin,M001190,Purchase,PRMB,"$15,001 - $50,000",2025-01-02
Markwayne,Mullin,M001190,Purchase,MTZ,"$15,001 - $50,000",2025-01-02
Markwayne,Mullin,M001190,Purchase,GS,"$15,001 - $50,000",2025-01-02
Markwayne,Mullin,M001190,Purchase,DELL,"$15,001 - $50,000",2025-01-02
Markwayne,Mullin,M001190,Purchase,DELL,"$15,001 - $50,000",2025-01-02
Markwayne,Mullin,M001190,Purchase,LRN,"$15,001 - $50,000",2025-01-02
Markwayne,Mullin,M001190,Purchase,MTZ,"$15,001 - $50,000",2025-01-02
Markwayne,Mullin,M001190,Purchase,AIT,"$15,001 - $50,000",2025-01-02
Markwayne,Mullin,M001190,Purchase,WAB,"$15,001 - $50,000",2025-01-02
Markwayne,Mullin,M001190,Purchase,IRM,"$15,001 - $50,000",2025-01-02
Markwayne,Mullin,M001190,Purchase,GS,"$15,001 - $50,000",2025-01-02
Markwayne,Mullin,M001190,Purchase,COHR,"$15,001 - $50,000",2025-01-02
Markwayne,Mullin,M001190,Purchase,COHR,"$15,001 - $50,000",2025-01-02
Markwayne,Mullin,M001190,Purchase,IRM,"$15,001 - $50,000",2025-01-02
Markwayne,Mullin,M001190,Purchase,CRDO,"$15,001 - $50,000",2025-01-02
Markwayne,Mullin,M001190,Purchase,AIT,"$15,001 - $50,000",2025-01-02
Markwayne,Mullin,M001190,Purchase,WAB,"$15,001 - $50,000",2025-01-02
Bill,Hagerty,H000601,Sale (Full),AHL.C,"$15,001 - $50,000",2025-01-02
Shelley Moore,Capito,C001047,Purchase,GE,"$1,001 - $15,000",2024-12-27
Markwayne,Mullin,M001190,Purchase,IEMG,"$50,001 - $100,000",2024-12-26
Markwayne,Mullin,M001190,Purchase,GICIX,"$50,001 - $100,000",2024-12-26
Markwayne,Mullin,M001190,Purchase,VNQ,"$1,001 - $15,000",2024-12-26
Markwayne,Mullin,M001190,Purchase,PCLPX,"$250,001 - $500,000",2024-12-26
Markwayne,Mullin,M001190,Sale (Full),PDBC,"$250,001 - $500,000",2024-12-26
Markwayne,Mullin,M001190,Purchase,CFSSX,"$100,001 - $250,000",2024-12-26
John,Boozman,B001236,Sale (Partial),AMAT,"$1,001 - $15,000",2024-12-23
Shelley Moore,Capito,C001047,Sale (Partial),UNH,"$1,001 - $15,000",2024-12-20
Sheldon,Whitehouse,W000802,Sale (Partial),AAPL,"$15,001 - $50,000",2024-12-19
Sheldon,Whitehouse,W000802,Sale (Full),LRCX,"$15,001 - $50,000",2024-12-19
Markwayne,Mullin,M001190,Sale (Full),LRN,"$1,001 - $15,000",2024-12-18
Markwayne,Mullin,M001190,Sale (Full),LRN,"$15,001 - $50,000",2024-12-18
Markwayne,Mullin,M001190,Sale (Full),CYBR,"$15,001 - $50,000",2024-12-18
Markwayne,Mullin,M001190,Sale (Full),FRPT,"$15,001 - $50,000",2024-12-18
Markwayne,Mullin,M001190,Sale (Full),OLLI,"$15,001 - $50,000",2024-12-18
Markwayne,Mullin,M001190,Sale (Full),ELF,"$1,001 - $15,000",2024-12-18
Markwayne,Mullin,M001190,Sale (Full),GS,"$1,001 - $15,000",2024-12-18
Markwayne,Mullin,M001190,Sale (Full),GS,"$15,001 - $50,000",2024-12-18
Markwayne,Mullin,M001190,Sale (Full),SFM,"$15,001 - $50,000",2024-12-18
Markwayne,Mullin,M001190,Sale (Full),ETN,"$15,001 - $50,000",2024-12-18
Markwayne,Mullin,M001190,Sale (Full),FRPT,"$15,001 - $50,000",2024-12-18
Markwayne,Mullin,M001190,Sale (Full),AXON,"$15,001 - $50,000",2024-12-18
Markwayne,Mullin,M001190,Sale (Full),BMI,"$1,001 - $15,000",2024-12-18
Markwayne,Mullin,M001190,Sale (Full),ELF,"$1,001 - $15,000",2024-12-18
Markwayne,Mullin,M001190,Sale (Full),SFM,"$15,001 - $50,000",2024-12-18
Markwayne,Mullin,M001190,Sale (Full),CYBR,"$1,001 - $15,000",2024-12-18
Markwayne,Mullin,M001190,Sale (Full),BMI,"$15,001 - $50,000",2024-12-18
Markwayne,Mullin,M001190,Sale (Full),AXON,"$15,001 - $50,000",2024-12-18
Markwayne,Mullin,M001190,Sale (Full),OLLI,"$15,001 - $50,000",2024-12-18
Markwayne,Mullin,M001190,Sale (Full),ETN,"$1,001 - $15,000",2024-12-18
Jerry,Moran,M000934,Purchase,BRK.B,"$1,001 - $15,000",2024-12-16
Shelley Moore,Capito,C001047,Sale (Partial),MSFT,"$1,001 - $15,000",2024-12-16
Shelley Moore,Capito,C001047,Sale (Partial),LOW,"$1,001 - $15,000",2024-12-13
Thomas R.,Carper,C000174,Sale (Full),AY,"$1,001 - $15,000",2024-12-13
Bill,Hagerty,H000601,Sale (Full),EQC,"$1,001 - $15,000",2024-12-13
Shelley Moore,Capito,C001047,Purchase,AVGO,"$1,001 - $15,000",2024-12-12
Markwayne,Mullin,M001190,Purchase,LLY,"$50,001 - $100,000",2024-12-11
Markwayne,Mullin,M001190,Sale (Full),PEP,"$15,001 - $50,000",2024-12-11
Markwayne,Mullin,M001190,Purchase,AMAT,"$15,001 - $50,000",2024-12-11
Markwayne,Mullin,M001190,Sale (Partial),ABT,"$15,001 - $50,000",2024-12-11
A. Mitchell Jr.,McConnell,M000355,Purchase,WFC,"$1,001 - $15,000",2024-12-02
Markwayne,Mullin,M001190,Purchase,IEMG,"$1,001 - $15,000",2024-11-27
Markwayne,Mullin,M001190,Purchase,EZU,"$100,001 - $250,000",2024-11-27
Markwayne,Mullin,M001190,Purchase,IEFA,"$100,001 - $250,000",2024-11-27
John,Boozman,B001236,Sale (Full),SWKS,"$1,001 - $15,000",2024-11-20
John,Boozman,B001236,Sale (Partial),VWO,"$1,001 - $15,000",2024-11-20
John,Boozman,B001236,Sale (Partial),BBEU,"$1,001 - $15,000",2024-11-20
John,Boozman,B001236,Purchase,AAXJ,"$1,001 - $15,000",2024-11-20
Sheldon,Whitehouse,W000802,Sale (Full),MET,"$1,001 - $15,000",2024-11-19
Sheldon,Whitehouse,W000802,Sale (Full),KVUE,"$1,001 - $15,000",2024-11-18
John,Boozman,B001236,Purchase,SPY,"$1,001 - $15,000",2024-11-13
Markwayne,Mullin,M001190,Sale (Partial),PCLPX,"$15,001 - $50,000",2024-11-12
Tina,Smith,S001203,Purchase,TCMD,"$50,001 - $100,000",2024-11-12
Gary,Peters,P000595,Sale (Full),LEG,"$1,001 - $15,000",2024-10-31
Gary,Peters,P000595,Sale (Full),LW,"$1,001 - $15,000",2024-10-31
Sheldon,Whitehouse,W000802,Purchase,LLY,"$15,001 - $50,000",2024-10-30
Markwayne,Mullin,M001190,Purchase,HIYS,"$250,001 - $500,000",2024-10-29
Tommy,Tuberville,T000278,Sale (Full),CTVA,"$1,001 - $15,000",2024-10-29
Tommy,Tuberville,T000278,Sale (Full),TRV,"$15,001 - $50,000",2024-10-29
Tommy,Tuberville,T000278,Sale (Full),HON,"$15,001 - $50,000",2024-10-29
Tommy,Tuberville,T000278,Sale (Full),OC,"$15,001 - $50,000",2024-10-29
Tommy,Tuberville,T000278,Sale (Full),MSFT,"$15,001 - $50,000",2024-10-29
Tommy,Tuberville,T000278,Sale (Full),AAPL,"$15,001 - $50,000",2024-10-29
Tommy,Tuberville,T000278,Sale (Full),MCD,"$15,001 - $50,000",2024-10-29
Tommy,Tuberville,T000278,Sale (Full),KMB,"$15,001 - $50,000",2024-10-29
Tommy,Tuberville,T000278,Sale (Full),ADBE,"$15,001 - $50,000",2024-10-29
Tommy,Tuberville,T000278,Sale (Full),JNJ,"$15,001 - $50,000",2024-10-29
Sheldon,Whitehouse,W000802,Sale (Partial),SBUX,"$1,001 - $15,000",2024-10-29
Sheldon,Whitehouse,W000802,Sale (Partial),VZ,"$1,001 - $15,000",2024-10-29
Sheldon,Whitehouse,W000802,Sale (Partial),MA,"$1,001 - $15,000",2024-10-29
Sheldon,Whitehouse,W000802,Sale (Partial),VZ,"$1,001 - $15,000",2024-10-29
Sheldon,Whitehouse,W000802,Sale (Full),DIS,"$1,001 - $15,000",2024-10-29
Sheldon,Whitehouse,W000802,Sale (Partial),SBUX,"$1,001 - $15,000",2024-10-29
Sheldon,Whitehouse,W000802,Sale (Partial),HON,"$1,001 - $15,000",2024-10-29
Sheldon,Whitehouse,W000802,Sale (Partial),MA,"$1,001 - $15,000",2024-10-29
Sheldon,Whitehouse,W000802,Sale (Full),TSLA,"$100,001 - $250,000",2024-10-28
Sheldon,Whitehouse,W000802,Sale (Full),TSLA,"$15,001 - $50,000",2024-10-28
Gary,Peters,P000595,Sale (Full),IVZ,"$1,001 - $15,000",2024-10-17
Sheldon,Whitehouse,W000802,Sale (Partial),TSLA,"$15,001 - $50,000",2024-10-11
John,Boozman,B001236,Sale (Partial),IWM,"$1,001 - $15,000",2024-10-09
Shelley Moore,Capito,C001047,Purchase,CSL,"$1,001 - $15,000",2024-10-08
Sheldon,Whitehouse,W000802,Sale (Full),CELH,"$1,001 - $15,000",2024-10-08
Sheldon,Whitehouse,W000802,Purchase,KO,"$1,001 - $15,000",2024-10-08
John,Boozman,B001236,Sale (Partial),IVV,"$1,001 - $15,000",2024-10-06
John,Boozman,B001236,Sale (Partial),FI,"$1,001 - $15,000",2024-09-26
Shelley Moore,Capito,C001047,Sale (Full),NSC,"$1,001 - $15,000",2024-09-25
Shelley Moore,Capito,C001047,Sale (Partial),ACN,"$1,001 - $15,000",2024-09-20
Shelley Moore,Capito,C001047,Sale (Partial),AAPL,"$1,001 - $15,000",2024-09-20
Shelley Moore,Capito,C001047,Sale (Partial),GWW,"$1,001 - $15,000",2024-09-20
Shelley Moore,Capito,C001047,Sale (Partial),NKE,"$1,001 - $15,000",2024-09-20
Shelley Moore,Capito,C001047,Sale (Partial),MSFT,"$1,001 - $15,000",2024-09-20
Sheldon,Whitehouse,W000802,Sale (Partial),AMGN,"$1,001 - $15,000",2024-09-17
John,Hickenlooper,H000273,Sale (Partial),CMG,"$100,001 - $250,000",2024-09-12
John,Boozman,B001236,Sale (Partial),MDY,"$1,001 - $15,000",2024-09-09
John,Boozman,B001236,Sale (Partial),VEA,"$1,001 - $15,000",2024-09-09
John,Boozman,B001236,Sale (Partial),EFA,"$1,001 - $15,000",2024-09-09
John,Hickenlooper,H000273,Exchange,LSXMK,"$100,001 - $250,000",2024-09-09
John,Boozman,B001236,Sale (Partial),EMLP,"$1,001 - $15,000",2024-09-06
John,Boozman,B001236,Sale (Partial),TPYP,"$15,001 - $50,000",2024-09-06
John,Boozman,B001236,Sale (Partial),WWSYX,"$1,001 - $15,000",2024-09-06
John,Boozman,B001236,Sale (Partial),VNQI,"$1,001 - $15,000",2024-09-06
John,Boozman,B001236,Purchase,AGZ,"$1,001 - $15,000",2024-09-06
John,Boozman,B001236,Purchase,IEI,"$1,001 - $15,000",2024-09-06
John,Boozman,B001236,Purchase,IVV,"$1,001 - $15,000",2024-09-06
John,Boozman,B001236,Purchase,MBB,"$1,001 - $15,000",2024-09-06
John,Boozman,B001236,Purchase,PPLT,"$1,001 - $15,000",2024-09-06
John,Boozman,B001236,Purchase,SHY,"$1,001 - $15,000",2024-09-06
John,Boozman,B001236,Purchase,TLH,"$1,001 - $15,000",2024-09-06
John,Boozman,B001236,Purchase,GIGB,"$1,001 - $15,000",2024-09-06
John,Boozman,B001236,Purchase,TBLL,"$15,001 - $50,000",2024-09-06
John,Boozman,B001236,Purchase,TLT,"$1,001 - $15,000",2024-09-06
John,Boozman,B001236,Purchase,CMBS,"$1,001 - $15,000",2024-09-06
John,Boozman,B001236,Purchase,PALL,"$1,001 - $15,000",2024-09-06
John,Boozman,B001236,Purchase,JMBS,"$1,001 - $15,000",2024-09-06
John,Boozman,B001236,Purchase,SCHP,"$1,001 - $15,000",2024-09-06
John,Boozman,B001236,Purchase,FTGC,"$15,001 - $50,000",2024-09-06
John,Boozman,B001236,Purchase,IEF,"$1,001 - $15,000",2024-09-06
John,Hickenlooper,H000273,Sale (Partial),LSXMK,"$100,001 - $250,000",2024-09-06
A. Mitchell Jr.,McConnell,M000355,Purchase,WFC,"$1,001 - $15,000",2024-09-01
John,Hickenlooper,H000273,Sale (Full),BATRK,"$50,001 - $100,000",2024-08-30
