first_name,last_name,full_name,date_of_birth,age,assumed_office,tenure_months,tenure_years,tenure_pretty,chamber
Alma,Adams,Alma Adams,5/27/46,79,11/12/14,130,10.83,"10 years, 10 months",House
Robert,Aderholt,Robert Aderholt,7/22/65,60,1/3/97,344,28.67,"28 years, 8 months",House
Pete,Aguilar,Pete Aguilar,6/19/79,46,1/3/15,128,10.67,"10 years, 8 months",House
Mark,Alford,Mark Alford,10/4/63,61,1/3/23,32,2.67,"2 years, 8 months",House
Rick,Allen,Rick Allen,11/7/51,73,1/3/15,128,10.67,"10 years, 8 months",House
Angela,Alsobrooks,Angela Alsobrooks,2/23/71,54,1/3/25,8,0.67,8 months,Senate
Gabe,Amo,Gabe Amo,12/11/87,37,11/13/23,22,1.83,"1 year, 10 months",House
Mark,Amodei,Mark Amodei,6/12/58,67,9/13/11,168,14,14 years,House
Yassamin,Ansari,Yassamin Ansari,4/7/92,33,1/3/25,8,0.67,8 months,House
Jodey,Arrington,Jodey Arrington,3/9/72,53,1/3/17,104,8.67,"8 years, 8 months",House
Jake,Auchincloss,Jake Auchincloss,1/29/88,37,1/3/21,56,4.67,"4 years, 8 months",House
Brian,Babin,Brian Babin,3/23/48,77,1/3/15,128,10.67,"10 years, 8 months",House
Don,Bacon,Don Bacon,8/16/63,62,1/3/17,104,8.67,"8 years, 8 months",House
Jim,Baird,Jim Baird,6/4/45,80,1/3/19,80,6.67,"6 years, 8 months",House
Troy,Balderson,Troy Balderson,1/16/62,63,9/5/18,84,7,7 years,House
Tammy,Baldwin,Tammy Baldwin,2/11/62,63,1/3/13,152,12.67,"12 years, 8 months",Senate
Becca,Balint,Becca Balint,5/4/68,57,1/3/23,32,2.67,"2 years, 8 months",House
Jim,Banks,Jim Banks,7/16/79,46,1/3/25,8,0.67,8 months,Senate
Andy,Barr,Andy Barr,7/24/73,52,1/3/13,152,12.67,"12 years, 8 months",House
Nanette,Barragán,Nanette Barragán,9/15/76,49,1/3/17,104,8.67,"8 years, 8 months",House
John,Barrasso,John Barrasso,7/21/52,73,6/25/07,219,18.25,"18 years, 3 months",Senate
Tom,Barrett,Tom Barrett,4/30/81,44,1/3/25,8,0.67,8 months,House
Michael,Baumgartner,Michael Baumgartner,12/13/75,49,1/3/25,8,0.67,8 months,House
Aaron,Bean,Aaron Bean,1/25/67,58,1/3/23,32,2.67,"2 years, 8 months",House
Joyce,Beatty,Joyce Beatty,3/12/50,75,1/3/13,152,12.67,"12 years, 8 months",House
Wesley,Bell,Wesley Bell,11/5/74,50,1/3/25,8,0.67,8 months,House
Michael,Bennet,Michael Bennet,11/28/64,60,1/21/09,200,16.67,"16 years, 8 months",Senate
Cliff,Bentz,Cliff Bentz,1/12/52,73,1/3/21,56,4.67,"4 years, 8 months",House
Ami,Bera,Ami Bera,3/2/65,60,1/3/13,152,12.67,"12 years, 8 months",House
Jack,Bergman,Jack Bergman,2/2/47,78,1/3/17,104,8.67,"8 years, 8 months",House
Don,Beyer,Don Beyer,6/20/50,75,1/3/15,128,10.67,"10 years, 8 months",House
Stephanie,Bice,Stephanie Bice,11/11/73,51,1/3/21,56,4.67,"4 years, 8 months",House
Andy,Biggs,Andy Biggs,11/7/58,66,1/3/17,104,8.67,"8 years, 8 months",House
Sheri,Biggs,Sheri Biggs,3/28/70,55,1/3/25,8,0.67,8 months,House
Gus,Bilirakis,Gus Bilirakis,2/8/63,62,1/3/07,224,18.67,"18 years, 8 months",House
Sanford,Bishop,Sanford Bishop,2/4/47,78,1/3/93,392,32.67,"32 years, 8 months",House
Marsha,Blackburn,Marsha Blackburn,6/6/52,73,1/3/19,80,6.67,"6 years, 8 months",Senate
Richard,Blumenthal,Richard Blumenthal,2/13/46,79,1/3/11,176,14.67,"14 years, 8 months",Senate
Lisa,Blunt Rochester,Lisa Blunt Rochester,2/10/62,63,1/3/25,8,0.67,8 months,Senate
Lauren,Boebert,Lauren Boebert,12/15/86,38,1/3/21,56,4.67,"4 years, 8 months",House
Suzanne,Bonamici,Suzanne Bonamici,10/14/54,70,1/31/12,163,13.58,"13 years, 7 months",House
Cory,Booker,Cory Booker,4/27/69,56,10/31/13,142,11.83,"11 years, 10 months",Senate
John,Boozman,John Boozman,12/10/50,74,1/3/11,176,14.67,"14 years, 8 months",Senate
Mike,Bost,Mike Bost,12/30/60,64,1/3/15,128,10.67,"10 years, 8 months",House
Brendan,Boyle,Brendan Boyle,2/6/77,48,1/3/15,128,10.67,"10 years, 8 months",House
Josh,Brecheen,Josh Brecheen,6/19/79,46,1/3/23,32,2.67,"2 years, 8 months",House
Rob,Bresnahan,Rob Bresnahan,4/22/90,35,1/3/25,8,0.67,8 months,House
Katie,Britt,Katie Britt,2/2/82,43,1/3/23,32,2.67,"2 years, 8 months",Senate
Shontel,Brown,Shontel Brown,6/24/75,50,11/4/21,46,3.83,"3 years, 10 months",House
Julia,Brownley,Julia Brownley,8/28/52,73,1/3/13,152,12.67,"12 years, 8 months",House
Vern,Buchanan,Vern Buchanan,5/8/51,74,1/3/07,224,18.67,"18 years, 8 months",House
Ted,Budd,Ted Budd,10/21/71,53,1/3/23,32,2.67,"2 years, 8 months",Senate
Nikki,Budzinski,Nikki Budzinski,3/11/77,48,1/3/23,32,2.67,"2 years, 8 months",House
Tim,Burchett,Tim Burchett,8/25/64,61,1/3/19,80,6.67,"6 years, 8 months",House
Eric,Burlison,Eric Burlison,10/2/76,48,1/3/23,32,2.67,"2 years, 8 months",House
Janelle,Bynum,Janelle Bynum,1/31/75,50,1/3/25,8,0.67,8 months,House
Ken,Calvert,Ken Calvert,6/8/53,72,1/3/93,392,32.67,"32 years, 8 months",House
Kat,Cammack,Kat Cammack,2/16/88,37,1/3/21,56,4.67,"4 years, 8 months",House
Maria,Cantwell,Maria Cantwell,10/13/58,66,1/3/01,296,24.67,"24 years, 8 months",Senate
Shelley Moore,Capito,Shelley Moore Capito,11/26/53,71,1/3/15,128,10.67,"10 years, 8 months",Senate
Salud,Carbajal,Salud Carbajal,11/18/64,60,1/3/17,104,8.67,"8 years, 8 months",House
Mike,Carey,Mike Carey,3/13/71,54,11/4/21,46,3.83,"3 years, 10 months",House
André,Carson,André Carson,10/16/74,50,3/11/08,210,17.5,"17 years, 6 months",House
Buddy,Carter,Buddy Carter,9/6/57,68,1/3/15,128,10.67,"10 years, 8 months",House
Troy,Carter,Troy Carter,10/26/63,61,5/11/21,52,4.33,"4 years, 4 months",House
John,Carter,John Carter,11/6/41,83,1/3/03,272,22.67,"22 years, 8 months",House
Greg,Casar,Greg Casar,5/4/89,36,1/3/23,32,2.67,"2 years, 8 months",House
Ed,Case,Ed Case,9/27/52,73,1/3/19,80,6.67,"6 years, 8 months",House
Bill,Cassidy,Bill Cassidy,9/28/57,68,1/3/15,128,10.67,"10 years, 8 months",Senate
Sean,Casten,Sean Casten,11/23/71,53,1/3/19,80,6.67,"6 years, 8 months",House
Kathy,Castor,Kathy Castor,8/20/66,59,1/3/07,224,18.67,"18 years, 8 months",House
Joaquin,Castro,Joaquin Castro,9/16/74,51,1/3/13,152,12.67,"12 years, 8 months",House
Sheila,Cherfilus-McCormick,Sheila Cherfilus-McCormick,1/25/79,46,1/18/22,44,3.67,"3 years, 8 months",House
Judy,Chu,Judy Chu,7/7/53,72,7/14/09,194,16.17,"16 years, 2 months",House
Juan,Ciscomani,Juan Ciscomani,8/31/82,43,1/3/23,32,2.67,"2 years, 8 months",House
Gil,Cisneros,Gil Cisneros,2/12/71,54,1/3/25,8,0.67,8 months,House
Katherine,Clark,Katherine Clark,7/17/63,62,12/12/13,141,11.75,"11 years, 9 months",House
Yvette,Clarke,Yvette Clarke,11/21/64,60,1/3/07,224,18.67,"18 years, 8 months",House
Emanuel,Cleaver,Emanuel Cleaver,10/26/44,80,1/3/05,248,20.67,"20 years, 8 months",House
Ben,Cline,Ben Cline,2/29/72,53,1/3/19,80,6.67,"6 years, 8 months",House
Michael,Cloud,Michael Cloud,5/13/75,50,7/10/18,86,7.17,"7 years, 2 months",House
Jim,Clyburn,Jim Clyburn,7/21/40,85,1/3/93,392,32.67,"32 years, 8 months",House
Andrew,Clyde,Andrew Clyde,11/22/63,61,1/3/21,56,4.67,"4 years, 8 months",House
Steve,Cohen,Steve Cohen,5/24/49,76,1/3/07,224,18.67,"18 years, 8 months",House
Tom,Cole,Tom Cole,4/28/49,76,1/3/03,272,22.67,"22 years, 8 months",House
Bonnie Watson,Coleman,Bonnie Watson Coleman,2/6/45,80,1/3/15,128,10.67,"10 years, 8 months",House
Susan,Collins,Susan Collins,12/7/52,72,1/3/97,344,28.67,"28 years, 8 months",Senate
Mike,Collins,Mike Collins,7/2/67,58,1/3/23,32,2.67,"2 years, 8 months",House
James,Comer,James Comer,8/19/72,53,11/8/16,106,8.83,"8 years, 10 months",House
Herb,Conaway,Herb Conaway,1/30/63,62,1/3/25,8,0.67,8 months,House
Chris,Coons,Chris Coons,9/9/63,62,11/15/10,178,14.83,"14 years, 10 months",Senate
John,Cornyn,John Cornyn,2/2/52,73,12/2/02,273,22.75,"22 years, 9 months",Senate
Lou,Correa,Lou Correa,1/24/58,67,1/3/17,104,8.67,"8 years, 8 months",House
Catherine,Cortez Masto,Catherine Cortez Masto,3/29/64,61,1/3/17,104,8.67,"8 years, 8 months",Senate
Jim,Costa,Jim Costa,4/13/52,73,1/3/05,248,20.67,"20 years, 8 months",House
Tom,Cotton,Tom Cotton,5/13/77,48,1/3/15,128,10.67,"10 years, 8 months",Senate
Joe,Courtney,Joe Courtney,4/6/53,72,1/3/07,224,18.67,"18 years, 8 months",House
Angie,Craig,Angie Craig,2/14/72,53,1/3/19,80,6.67,"6 years, 8 months",House
Kevin,Cramer,Kevin Cramer,1/21/61,64,1/3/19,80,6.67,"6 years, 8 months",Senate
Eli,Crane,Eli Crane,1/3/80,45,1/3/23,32,2.67,"2 years, 8 months",House
Jeff,Crank,Jeff Crank,1/28/67,58,1/3/25,8,0.67,8 months,House
Mike,Crapo,Mike Crapo,5/20/51,74,1/3/99,320,26.67,"26 years, 8 months",Senate
Rick,Crawford,Rick Crawford,1/22/66,59,1/3/11,176,14.67,"14 years, 8 months",House
Dan,Crenshaw,Dan Crenshaw,3/14/84,41,1/3/19,80,6.67,"6 years, 8 months",House
Jasmine,Crockett,Jasmine Crockett,3/29/81,44,1/3/23,32,2.67,"2 years, 8 months",House
Jason,Crow,Jason Crow,3/15/79,46,1/3/19,80,6.67,"6 years, 8 months",House
Ted,Cruz,Ted Cruz,12/22/70,54,1/3/13,152,12.67,"12 years, 8 months",Senate
Monica De La,Cruz,Monica De La Cruz,11/11/74,50,1/3/23,32,2.67,"2 years, 8 months",House
Henry,Cuellar,Henry Cuellar,9/19/55,70,1/3/05,248,20.67,"20 years, 8 months",House
John,Curtis,John Curtis,5/10/60,65,1/3/25,8,0.67,8 months,Senate
Mario,Díaz-Balart,Mario Díaz-Balart,9/25/61,64,1/3/03,272,22.67,"22 years, 8 months",House
Steve,Daines,Steve Daines,8/20/62,63,1/3/15,128,10.67,"10 years, 8 months",Senate
Sharice,Davids,Sharice Davids,5/22/80,45,1/3/19,80,6.67,"6 years, 8 months",House
Warren,Davidson,Warren Davidson,3/1/70,55,6/9/16,111,9.25,"9 years, 3 months",House
Danny,Davis,Danny Davis,9/6/41,84,1/3/97,344,28.67,"28 years, 8 months",House
Don,Davis,Don Davis,8/29/71,54,1/3/23,32,2.67,"2 years, 8 months",House
Madeleine,Dean,Madeleine Dean,6/6/59,66,1/3/19,80,6.67,"6 years, 8 months",House
Diana,DeGette,Diana DeGette,7/29/57,68,1/3/97,344,28.67,"28 years, 8 months",House
April McClain,Delaney,April McClain Delaney,5/28/64,61,1/3/25,8,0.67,8 months,House
Rosa,DeLauro,Rosa DeLauro,3/2/43,82,1/3/91,416,34.67,"34 years, 8 months",House
Suzan,DelBene,Suzan DelBene,2/17/62,63,11/13/12,154,12.83,"12 years, 10 months",House
Chris,Deluzio,Chris Deluzio,7/13/84,41,1/3/23,32,2.67,"2 years, 8 months",House
Mark,DeSaulnier,Mark DeSaulnier,3/31/52,73,1/3/15,128,10.67,"10 years, 8 months",House
Scott,DesJarlais,Scott DesJarlais,2/21/64,61,1/3/11,176,14.67,"14 years, 8 months",House
Maxine,Dexter,Maxine Dexter,12/5/72,52,1/3/25,8,0.67,8 months,House
Debbie,Dingell,Debbie Dingell,11/23/53,71,1/3/15,128,10.67,"10 years, 8 months",House
Lloyd,Doggett,Lloyd Doggett,10/6/46,78,1/3/95,368,30.67,"30 years, 8 months",House
Byron,Donalds,Byron Donalds,10/26/78,46,1/3/21,56,4.67,"4 years, 8 months",House
Troy,Downing,Troy Downing,3/4/67,58,1/3/25,8,0.67,8 months,House
Jeff Van,Drew,Jeff Van Drew,2/23/53,72,1/3/19,80,6.67,"6 years, 8 months",House
Tammy,Duckworth,Tammy Duckworth,3/12/68,57,1/3/17,104,8.67,"8 years, 8 months",Senate
Neal,Dunn,Neal Dunn,2/16/53,72,1/3/17,104,8.67,"8 years, 8 months",House
Dick,Durbin,Dick Durbin,11/21/44,80,1/3/97,344,28.67,"28 years, 8 months",Senate
Beth Van,Duyne,Beth Van Duyne,11/16/70,54,1/3/21,56,4.67,"4 years, 8 months",House
Chuck,Edwards,Chuck Edwards,9/13/60,65,1/3/23,32,2.67,"2 years, 8 months",House
Sarah,Elfreth,Sarah Elfreth,9/9/88,37,1/3/25,8,0.67,8 months,House
Jake,Ellzey,Jake Ellzey,1/24/70,55,7/30/21,49,4.08,"4 years, 1 month",House
Tom,Emmer,Tom Emmer,3/3/61,64,1/3/15,128,10.67,"10 years, 8 months",House
Joni,Ernst,Joni Ernst,7/1/70,55,1/3/15,128,10.67,"10 years, 8 months",Senate
Veronica,Escobar,Veronica Escobar,9/15/69,56,1/3/19,80,6.67,"6 years, 8 months",House
Adriano,Espaillat,Adriano Espaillat,9/27/54,71,1/3/17,104,8.67,"8 years, 8 months",House
Ron,Estes,Ron Estes,7/19/56,69,4/25/17,101,8.42,"8 years, 5 months",House
Gabe,Evans,Gabe Evans,7/28/86,39,1/3/25,8,0.67,8 months,House
Dwight,Evans,Dwight Evans,5/16/54,71,11/14/16,106,8.83,"8 years, 10 months",House
Mike,Ezell,Mike Ezell,4/6/59,66,1/3/23,32,2.67,"2 years, 8 months",House
Pat,Fallon,Pat Fallon,12/19/67,57,1/3/21,56,4.67,"4 years, 8 months",House
Julie,Fedorchak,Julie Fedorchak,9/28/68,57,1/3/25,8,0.67,8 months,House
Randy,Feenstra,Randy Feenstra,1/14/69,56,1/3/21,56,4.67,"4 years, 8 months",House
Teresa Leger,Fernandez,Teresa Leger Fernandez,7/1/59,66,1/3/21,56,4.67,"4 years, 8 months",House
John,Fetterman,John Fetterman,8/15/69,56,1/3/23,32,2.67,"2 years, 8 months",Senate
Cleo,Fields,Cleo Fields,11/22/62,62,1/3/25,8,0.67,8 months,House
Shomari,Figures,Shomari Figures,9/3/85,40,1/3/25,8,0.67,8 months,House
Randy,Fine,Randy Fine,4/20/74,51,4/2/25,5,0.42,5 months,House
Brad,Finstad,Brad Finstad,5/30/76,49,8/12/22,37,3.08,"3 years, 1 month",House
Michelle,Fischbach,Michelle Fischbach,11/3/65,59,1/3/21,56,4.67,"4 years, 8 months",House
Deb,Fischer,Deb Fischer,3/1/51,74,1/3/13,152,12.67,"12 years, 8 months",Senate
Scott,Fitzgerald,Scott Fitzgerald,11/16/63,61,1/3/21,56,4.67,"4 years, 8 months",House
Brian,Fitzpatrick,Brian Fitzpatrick,12/17/73,51,1/3/17,104,8.67,"8 years, 8 months",House
Chuck,Fleischmann,Chuck Fleischmann,10/11/62,62,1/3/11,176,14.67,"14 years, 8 months",House
Lizzie,Fletcher,Lizzie Fletcher,2/13/75,50,1/3/19,80,6.67,"6 years, 8 months",House
Mike,Flood,Mike Flood,2/23/75,50,7/12/22,38,3.17,"3 years, 2 months",House
Vince,Fong,Vince Fong,10/24/79,45,6/3/24,15,1.25,"1 year, 3 months",House
Bill,Foster,Bill Foster,10/7/55,69,1/3/13,152,12.67,"12 years, 8 months",House
Valerie,Foushee,Valerie Foushee,5/7/56,69,1/3/23,32,2.67,"2 years, 8 months",House
Lois,Frankel,Lois Frankel,5/16/48,77,1/3/13,152,12.67,"12 years, 8 months",House
Scott,Franklin,Scott Franklin,8/23/64,61,1/3/21,56,4.67,"4 years, 8 months",House
Laura,Friedman,Laura Friedman,12/3/66,58,1/3/25,8,0.67,8 months,House
Maxwell,Frost,Maxwell Frost,1/17/97,28,1/3/23,32,2.67,"2 years, 8 months",House
Russell,Fry,Russell Fry,1/31/85,40,1/3/23,32,2.67,"2 years, 8 months",House
Russ,Fulcher,Russ Fulcher,3/9/62,63,1/3/19,80,6.67,"6 years, 8 months",House
Ruben,Gallego,Ruben Gallego,11/20/79,45,1/3/25,8,0.67,8 months,Senate
John,Garamendi,John Garamendi,1/24/45,80,11/5/09,190,15.83,"15 years, 10 months",House
Andrew,Garbarino,Andrew Garbarino,9/27/84,41,1/3/21,56,4.67,"4 years, 8 months",House
Chuy,García,Chuy García,4/12/56,69,1/3/19,80,6.67,"6 years, 8 months",House
Robert,Garcia,Robert Garcia,12/2/77,47,1/3/23,32,2.67,"2 years, 8 months",House
Sylvia,Garcia,Sylvia Garcia,9/6/50,75,1/3/19,80,6.67,"6 years, 8 months",House
Brandon,Gill,Brandon Gill,2/26/94,31,1/3/25,8,0.67,8 months,House
Laura,Gillen,Laura Gillen,7/10/69,56,1/3/25,8,0.67,8 months,House
Kirsten,Gillibrand,Kirsten Gillibrand,12/9/66,58,1/26/09,200,16.67,"16 years, 8 months",Senate
Carlos,Giménez,Carlos Giménez,1/17/54,71,1/3/21,56,4.67,"4 years, 8 months",House
Jared,Golden,Jared Golden,7/25/82,43,1/3/19,80,6.67,"6 years, 8 months",House
Dan,Goldman,Dan Goldman,2/26/76,49,1/3/23,32,2.67,"2 years, 8 months",House
Craig,Goldman,Craig Goldman,10/3/68,56,1/3/25,8,0.67,8 months,House
Jimmy,Gomez,Jimmy Gomez,11/25/74,50,7/11/17,98,8.17,"8 years, 2 months",House
Tony,Gonzales,Tony Gonzales,10/10/80,44,1/3/21,56,4.67,"4 years, 8 months",House
Vicente,Gonzalez,Vicente Gonzalez,9/4/67,58,1/3/17,104,8.67,"8 years, 8 months",House
Lance,Gooden,Lance Gooden,12/1/82,42,1/3/19,80,6.67,"6 years, 8 months",House
Maggie,Goodlander,Maggie Goodlander,11/4/86,38,1/3/25,8,0.67,8 months,House
Paul,Gosar,Paul Gosar,11/27/58,66,1/3/11,176,14.67,"14 years, 8 months",House
Josh,Gottheimer,Josh Gottheimer,3/8/75,50,1/3/17,104,8.67,"8 years, 8 months",House
Lindsey,Graham,Lindsey Graham,7/9/55,70,1/3/03,272,22.67,"22 years, 8 months",Senate
Chuck,Grassley,Chuck Grassley,9/17/33,92,1/3/81,536,44.67,"44 years, 8 months",Senate
Sam,Graves,Sam Graves,11/7/63,61,1/3/01,296,24.67,"24 years, 8 months",House
Adam,Gray,Adam Gray,9/23/77,48,1/3/25,8,0.67,8 months,House
Al,Green,Al Green,9/1/47,78,1/3/05,248,20.67,"20 years, 8 months",House
Marjorie Taylor,Greene,Marjorie Taylor Greene,5/27/74,51,1/3/21,56,4.67,"4 years, 8 months",House
Morgan,Griffith,Morgan Griffith,3/15/58,67,1/3/11,176,14.67,"14 years, 8 months",House
Glenn,Grothman,Glenn Grothman,7/3/55,70,1/3/15,128,10.67,"10 years, 8 months",House
Michael,Guest,Michael Guest,2/4/70,55,1/3/19,80,6.67,"6 years, 8 months",House
Brett,Guthrie,Brett Guthrie,2/18/64,61,1/3/09,200,16.67,"16 years, 8 months",House
Harriet,Hageman,Harriet Hageman,10/18/62,62,1/3/23,32,2.67,"2 years, 8 months",House
Bill,Hagerty,Bill Hagerty,8/14/59,66,1/3/21,56,4.67,"4 years, 8 months",Senate
Abraham,Hamadeh,Abraham Hamadeh,5/15/91,34,1/3/25,8,0.67,8 months,House
Josh,Harder,Josh Harder,8/1/86,39,1/3/19,80,6.67,"6 years, 8 months",House
Mike,Haridopolos,Mike Haridopolos,3/15/70,55,1/3/25,8,0.67,8 months,House
Pat,Harrigan,Pat Harrigan,6/21/87,38,1/3/25,8,0.67,8 months,House
Andy,Harris,Andy Harris,1/25/57,68,1/3/11,176,14.67,"14 years, 8 months",House
Mark,Harris,Mark Harris,4/24/66,59,1/3/25,8,0.67,8 months,House
Diana,Harshbarger,Diana Harshbarger,1/1/60,65,1/3/21,56,4.67,"4 years, 8 months",House
Maggie,Hassan,Maggie Hassan,2/27/58,67,1/3/17,104,8.67,"8 years, 8 months",Senate
Josh,Hawley,Josh Hawley,12/31/79,45,1/3/19,80,6.67,"6 years, 8 months",Senate
Jahana,Hayes,Jahana Hayes,3/8/73,52,1/3/19,80,6.67,"6 years, 8 months",House
Martin,Heinrich,Martin Heinrich,10/17/71,53,1/3/13,152,12.67,"12 years, 8 months",Senate
Kevin,Hern,Kevin Hern,12/4/61,63,11/13/18,82,6.83,"6 years, 10 months",House
John,Hickenlooper,John Hickenlooper,2/7/52,73,1/3/21,56,4.67,"4 years, 8 months",Senate
Clay,Higgins,Clay Higgins,8/24/61,64,1/3/17,104,8.67,"8 years, 8 months",House
French,Hill,French Hill,12/5/56,68,1/3/15,128,10.67,"10 years, 8 months",House
Jim,Himes,Jim Himes,7/5/66,59,1/3/09,200,16.67,"16 years, 8 months",House
Ashley,Hinson,Ashley Hinson,6/27/83,42,1/3/21,56,4.67,"4 years, 8 months",House
Mazie,Hirono,Mazie Hirono,11/3/47,77,1/3/13,152,12.67,"12 years, 8 months",Senate
John,Hoeven,John Hoeven,3/13/57,68,1/3/11,176,14.67,"14 years, 8 months",Senate
Steven,Horsford,Steven Horsford,4/29/73,52,1/3/19,80,6.67,"6 years, 8 months",House
Erin,Houchin,Erin Houchin,9/24/76,49,1/3/23,32,2.67,"2 years, 8 months",House
Chrissy,Houlahan,Chrissy Houlahan,6/5/67,58,1/3/19,80,6.67,"6 years, 8 months",House
Steny,Hoyer,Steny Hoyer,6/14/39,86,5/19/81,532,44.33,"44 years, 4 months",House
Val,Hoyle,Val Hoyle,2/14/64,61,1/3/23,32,2.67,"2 years, 8 months",House
Richard,Hudson,Richard Hudson,11/4/71,53,1/3/13,152,12.67,"12 years, 8 months",House
Jared,Huffman,Jared Huffman,2/18/64,61,1/3/13,152,12.67,"12 years, 8 months",House
Bill,Huizenga,Bill Huizenga,1/31/69,56,1/3/11,176,14.67,"14 years, 8 months",House
Wesley,Hunt,Wesley Hunt,11/13/81,43,1/3/23,32,2.67,"2 years, 8 months",House
Jeff,Hurd,Jeff Hurd,8/15/79,46,1/3/25,8,0.67,8 months,House
Jon,Husted,Jon Husted,8/25/67,58,1/21/25,8,0.67,8 months,Senate
Cindy,Hyde-Smith,Cindy Hyde-Smith,5/10/59,66,4/9/18,89,7.42,"7 years, 5 months",Senate
Nick Begich,III,Nick Begich III,10/27/77,47,1/3/25,8,0.67,8 months,House
Darrell,Issa,Darrell Issa,11/1/53,71,1/3/21,56,4.67,"4 years, 8 months",House
Glenn,Ivey,Glenn Ivey,2/27/61,64,1/3/23,32,2.67,"2 years, 8 months",House
Brian,Jack,Brian Jack,2/17/88,37,1/3/25,8,0.67,8 months,House
Jonathan,Jackson,Jonathan Jackson,1/7/66,59,1/3/23,32,2.67,"2 years, 8 months",House
Ronny,Jackson,Ronny Jackson,5/4/67,58,1/3/21,56,4.67,"4 years, 8 months",House
Sara,Jacobs,Sara Jacobs,2/1/89,36,1/3/21,56,4.67,"4 years, 8 months",House
John,James,John James,6/8/81,44,1/3/23,32,2.67,"2 years, 8 months",House
Pramila,Jayapal,Pramila Jayapal,9/21/65,60,1/3/17,104,8.67,"8 years, 8 months",House
Hakeem,Jeffries,Hakeem Jeffries,8/4/70,55,1/3/13,152,12.67,"12 years, 8 months",House
Ron,Johnson,Ron Johnson,4/8/55,70,1/3/11,176,14.67,"14 years, 8 months",Senate
Hank,Johnson,Hank Johnson,10/2/54,70,1/3/07,224,18.67,"18 years, 8 months",House
Mike,Johnson,Mike Johnson,1/30/72,53,1/3/17,104,8.67,"8 years, 8 months",House
Dusty,Johnson,Dusty Johnson,9/30/76,48,1/3/19,80,6.67,"6 years, 8 months",House
Julie,Johnson,Julie Johnson,5/2/66,59,1/3/25,8,0.67,8 months,House
Jim,Jordan,Jim Jordan,2/17/64,61,1/3/07,224,18.67,"18 years, 8 months",House
David,Joyce,David Joyce,3/17/57,68,1/3/13,152,12.67,"12 years, 8 months",House
John,Joyce,John Joyce,2/8/57,68,1/3/19,80,6.67,"6 years, 8 months",House
Thomas Kean,Jr.,Thomas Kean Jr.,9/5/68,57,1/3/23,32,2.67,"2 years, 8 months",House
Jim,Justice,Jim Justice,4/27/51,74,1/14/25,8,0.67,8 months,Senate
Tim,Kaine,Tim Kaine,2/26/58,67,1/3/13,152,12.67,"12 years, 8 months",Senate
Sydney,Kamlager-Dove,Sydney Kamlager-Dove,7/20/72,53,1/3/23,32,2.67,"2 years, 8 months",House
Marcy,Kaptur,Marcy Kaptur,6/17/46,79,1/3/83,512,42.67,"42 years, 8 months",House
Bill,Keating,Bill Keating,9/6/52,73,1/3/11,176,14.67,"14 years, 8 months",House
Mark,Kelly,Mark Kelly,2/21/64,61,12/2/20,57,4.75,"4 years, 9 months",Senate
Robin,Kelly,Robin Kelly,4/30/56,69,4/11/13,149,12.42,"12 years, 5 months",House
Trent,Kelly,Trent Kelly,3/1/66,59,6/2/15,123,10.25,"10 years, 3 months",House
Mike,Kelly,Mike Kelly,5/10/48,77,1/3/11,176,14.67,"14 years, 8 months",House
John,Kennedy,John Kennedy,11/21/51,73,1/3/17,104,8.67,"8 years, 8 months",Senate
Tim,Kennedy,Tim Kennedy,10/20/76,48,5/6/24,16,1.33,"1 year, 4 months",House
Mike,Kennedy,Mike Kennedy,2/2/69,56,1/3/25,8,0.67,8 months,House
Ro,Khanna,Ro Khanna,9/13/76,49,1/3/17,104,8.67,"8 years, 8 months",House
Jen,Kiggans,Jen Kiggans,6/18/71,54,1/3/23,32,2.67,"2 years, 8 months",House
Kevin,Kiley,Kevin Kiley,1/30/85,40,1/3/23,32,2.67,"2 years, 8 months",House
Andy,Kim,Andy Kim,7/12/82,43,12/8/24,9,0.75,9 months,Senate
Young,Kim,Young Kim,10/18/62,62,1/3/21,56,4.67,"4 years, 8 months",House
Angus,King,Angus King,3/31/44,81,1/3/13,152,12.67,"12 years, 8 months",Senate
Amy,Klobuchar,Amy Klobuchar,5/25/60,65,1/3/07,224,18.67,"18 years, 8 months",Senate
Brad,Knott,Brad Knott,4/17/86,39,1/3/25,8,0.67,8 months,House
Raja,Krishnamoorthi,Raja Krishnamoorthi,7/19/73,52,1/3/17,104,8.67,"8 years, 8 months",House
David,Kustoff,David Kustoff,10/8/66,58,1/3/17,104,8.67,"8 years, 8 months",House
Darin,LaHood,Darin LaHood,7/5/68,57,9/17/15,120,10,10 years,House
Nick,LaLota,Nick LaLota,6/23/78,47,1/3/23,32,2.67,"2 years, 8 months",House
Doug,LaMalfa,Doug LaMalfa,7/2/60,65,1/3/13,152,12.67,"12 years, 8 months",House
Greg,Landsman,Greg Landsman,12/4/76,48,1/3/23,32,2.67,"2 years, 8 months",House
Nick,Langworthy,Nick Langworthy,2/27/81,44,1/3/23,32,2.67,"2 years, 8 months",House
James,Lankford,James Lankford,3/4/68,57,1/3/15,128,10.67,"10 years, 8 months",Senate
Rick,Larsen,Rick Larsen,6/15/65,60,1/3/01,296,24.67,"24 years, 8 months",House
John B.,Larson,John B. Larson,7/22/48,77,1/3/99,320,26.67,"26 years, 8 months",House
George,Latimer,George Latimer,11/22/53,71,1/3/25,8,0.67,8 months,House
Bob,Latta,Bob Latta,4/18/56,69,12/13/07,213,17.75,"17 years, 9 months",House
Mike,Lawler,Mike Lawler,9/9/86,39,1/3/23,32,2.67,"2 years, 8 months",House
Mike,Lee,Mike Lee,6/4/71,54,1/3/11,176,14.67,"14 years, 8 months",Senate
Laurel,Lee,Laurel Lee,3/26/74,51,1/3/23,32,2.67,"2 years, 8 months",House
Susie,Lee,Susie Lee,11/7/66,58,1/3/19,80,6.67,"6 years, 8 months",House
Summer,Lee,Summer Lee,11/26/87,37,1/3/23,32,2.67,"2 years, 8 months",House
Julia,Letlow,Julia Letlow,3/16/81,44,4/14/21,53,4.42,"4 years, 5 months",House
Mike,Levin,Mike Levin,10/20/78,46,1/3/19,80,6.67,"6 years, 8 months",House
Sam,Liccardo,Sam Liccardo,4/16/70,55,1/3/25,8,0.67,8 months,House
Ted,Lieu,Ted Lieu,3/29/69,56,1/3/15,128,10.67,"10 years, 8 months",House
Zoe,Lofgren,Zoe Lofgren,12/21/47,77,1/3/95,368,30.67,"30 years, 8 months",House
Barry,Loudermilk,Barry Loudermilk,12/22/63,61,1/3/15,128,10.67,"10 years, 8 months",House
Frank,Lucas,Frank Lucas,1/6/60,65,5/10/94,376,31.33,"31 years, 4 months",House
Ben Ray,Luján,Ben Ray Luján,6/7/72,53,1/3/21,56,4.67,"4 years, 8 months",Senate
Cynthia,Lummis,Cynthia Lummis,9/10/54,71,1/3/21,56,4.67,"4 years, 8 months",Senate
Anna Paulina,Luna,Anna Paulina Luna,5/6/89,36,1/3/23,32,2.67,"2 years, 8 months",House
Morgan,Luttrell,Morgan Luttrell,11/7/75,49,1/3/23,32,2.67,"2 years, 8 months",House
Stephen F.,Lynch,Stephen F. Lynch,3/31/55,70,10/16/01,287,23.92,"23 years, 11 months",House
Nancy,Mace,Nancy Mace,12/4/77,47,1/3/21,56,4.67,"4 years, 8 months",House
Ryan,Mackenzie,Ryan Mackenzie,8/3/82,43,1/3/25,8,0.67,8 months,House
Seth,Magaziner,Seth Magaziner,7/22/83,42,1/3/23,32,2.67,"2 years, 8 months",House
Nicole,Malliotakis,Nicole Malliotakis,11/11/80,44,1/3/21,56,4.67,"4 years, 8 months",House
Celeste,Maloy,Celeste Maloy,5/22/81,44,11/28/23,22,1.83,"1 year, 10 months",House
Tracey,Mann,Tracey Mann,12/17/76,48,1/3/21,56,4.67,"4 years, 8 months",House
John,Mannion,John Mannion,7/8/68,57,1/3/25,8,0.67,8 months,House
Ed,Markey,Ed Markey,7/11/46,79,7/16/13,146,12.17,"12 years, 2 months",Senate
Roger,Marshall,Roger Marshall,8/9/60,65,1/3/21,56,4.67,"4 years, 8 months",Senate
Thomas,Massie,Thomas Massie,1/13/71,54,11/13/12,154,12.83,"12 years, 10 months",House
Brian,Mast,Brian Mast,7/10/80,45,1/3/17,104,8.67,"8 years, 8 months",House
Doris,Matsui,Doris Matsui,9/25/44,81,3/10/05,246,20.5,"20 years, 6 months",House
Lucy,McBath,Lucy McBath,6/1/60,65,1/3/19,80,6.67,"6 years, 8 months",House
Sarah,McBride,Sarah McBride,8/9/90,35,1/3/25,8,0.67,8 months,House
Michael,McCaul,Michael McCaul,1/14/62,63,1/3/05,248,20.67,"20 years, 8 months",House
Lisa,McClain,Lisa McClain,4/7/66,59,1/3/21,56,4.67,"4 years, 8 months",House
Jennifer,McClellan,Jennifer McClellan,12/28/72,52,3/7/23,30,2.5,"2 years, 6 months",House
Tom,McClintock,Tom McClintock,7/10/56,69,1/3/09,200,16.67,"16 years, 8 months",House
Betty,McCollum,Betty McCollum,7/12/54,71,1/3/01,296,24.67,"24 years, 8 months",House
Mitch,McConnell,Mitch McConnell,2/20/42,83,1/3/85,488,40.67,"40 years, 8 months",Senate
Dave,McCormick,Dave McCormick,8/17/65,60,1/3/25,8,0.67,8 months,Senate
Rich,McCormick,Rich McCormick,10/7/68,56,1/3/23,32,2.67,"2 years, 8 months",House
Addison,McDowell,Addison McDowell,1/21/94,31,1/3/25,8,0.67,8 months,House
Morgan,McGarvey,Morgan McGarvey,12/23/79,45,1/3/23,32,2.67,"2 years, 8 months",House
Jim,McGovern,Jim McGovern,11/20/59,65,1/3/97,344,28.67,"28 years, 8 months",House
John,McGuire,John McGuire,8/24/68,57,1/3/25,8,0.67,8 months,House
LaMonica,McIver,LaMonica McIver,6/20/86,39,9/23/24,12,1,1 year,House
Gregory,Meeks,Gregory Meeks,9/25/53,72,2/5/98,331,27.58,"27 years, 7 months",House
Rob,Menendez,Rob Menendez,7/12/85,40,1/3/23,32,2.67,"2 years, 8 months",House
Grace,Meng,Grace Meng,10/1/75,49,1/3/13,152,12.67,"12 years, 8 months",House
Jeff,Merkley,Jeff Merkley,10/24/56,68,1/3/09,200,16.67,"16 years, 8 months",Senate
Mark,Messmer,Mark Messmer,12/16/67,57,1/3/25,8,0.67,8 months,House
Dan,Meuser,Dan Meuser,2/10/64,61,1/3/19,80,6.67,"6 years, 8 months",House
Kweisi,Mfume,Kweisi Mfume,10/24/48,76,5/5/20,64,5.33,"5 years, 4 months",House
Mary,Miller,Mary Miller,8/27/59,66,1/3/21,56,4.67,"4 years, 8 months",House
Max,Miller,Max Miller,11/13/88,36,1/3/23,32,2.67,"2 years, 8 months",House
Carol,Miller,Carol Miller,11/4/50,74,1/3/19,80,6.67,"6 years, 8 months",House
Mariannette,Miller-Meeks,Mariannette Miller-Meeks,9/6/55,70,1/3/21,56,4.67,"4 years, 8 months",House
Cory,Mills,Cory Mills,7/13/80,45,1/3/23,32,2.67,"2 years, 8 months",House
Dave,Min,Dave Min,3/5/76,49,1/3/25,8,0.67,8 months,House
Ashley,Moody,Ashley Moody,3/28/75,50,1/21/25,8,0.67,8 months,Senate
John,Moolenaar,John Moolenaar,5/8/61,64,1/3/15,128,10.67,"10 years, 8 months",House
Barry,Moore,Barry Moore,9/26/66,59,1/3/21,56,4.67,"4 years, 8 months",House
Tim,Moore,Tim Moore,10/2/70,54,1/3/25,8,0.67,8 months,House
Blake,Moore,Blake Moore,6/22/80,45,1/3/21,56,4.67,"4 years, 8 months",House
Riley,Moore,Riley Moore,7/1/80,45,1/3/25,8,0.67,8 months,House
Gwen,Moore,Gwen Moore,4/18/51,74,1/3/05,248,20.67,"20 years, 8 months",House
Jerry,Moran,Jerry Moran,5/29/54,71,1/3/11,176,14.67,"14 years, 8 months",Senate
Nathaniel,Moran,Nathaniel Moran,9/23/74,51,1/3/23,32,2.67,"2 years, 8 months",House
Joseph,Morelle,Joseph Morelle,4/29/57,68,11/13/18,82,6.83,"6 years, 10 months",House
Bernie,Moreno,Bernie Moreno,2/14/67,58,1/3/25,8,0.67,8 months,Senate
Kelly,Morrison,Kelly Morrison,2/2/69,56,1/3/25,8,0.67,8 months,House
Jared,Moskowitz,Jared Moskowitz,12/18/80,44,1/3/23,32,2.67,"2 years, 8 months",House
Seth,Moulton,Seth Moulton,10/24/78,46,1/3/15,128,10.67,"10 years, 8 months",House
Frank J.,Mrvan,Frank J. Mrvan,4/16/69,56,1/3/21,56,4.67,"4 years, 8 months",House
Markwayne,Mullin,Markwayne Mullin,7/26/77,48,1/3/23,32,2.67,"2 years, 8 months",Senate
Kevin,Mullin,Kevin Mullin,6/15/70,55,1/3/23,32,2.67,"2 years, 8 months",House
Lisa,Murkowski,Lisa Murkowski,5/22/57,68,12/20/02,273,22.75,"22 years, 9 months",Senate
Chris,Murphy,Chris Murphy,8/3/73,52,1/3/13,152,12.67,"12 years, 8 months",Senate
Greg,Murphy,Greg Murphy,3/5/63,62,9/17/19,72,6,6 years,House
Patty,Murray,Patty Murray,10/11/50,74,1/3/93,392,32.67,"32 years, 8 months",Senate
Jerry,Nadler,Jerry Nadler,6/13/47,78,11/3/92,394,32.83,"32 years, 10 months",House
Richard,Neal,Richard Neal,2/14/49,76,1/3/89,440,36.67,"36 years, 8 months",House
Joe,Neguse,Joe Neguse,5/13/84,41,1/3/19,80,6.67,"6 years, 8 months",House
Troy,Nehls,Troy Nehls,4/7/68,57,1/3/21,56,4.67,"4 years, 8 months",House
Dan,Newhouse,Dan Newhouse,7/10/55,70,1/3/15,128,10.67,"10 years, 8 months",House
Donald,Norcross,Donald Norcross,12/13/58,66,11/12/14,130,10.83,"10 years, 10 months",House
Ralph,Norman,Ralph Norman,6/20/53,72,6/20/17,99,8.25,"8 years, 3 months",House
Zach,Nunn,Zach Nunn,5/4/79,46,1/3/23,32,2.67,"2 years, 8 months",House
Jay,Obernolte,Jay Obernolte,8/18/70,55,1/3/21,56,4.67,"4 years, 8 months",House
Alexandria,Ocasio-Cortez,Alexandria Ocasio-Cortez,10/13/89,35,1/3/19,80,6.67,"6 years, 8 months",House
Andy,Ogles,Andy Ogles,6/18/71,54,1/3/23,32,2.67,"2 years, 8 months",House
Johnny,Olszewski,Johnny Olszewski,9/10/82,43,1/3/25,8,0.67,8 months,House
Ilhan,Omar,Ilhan Omar,10/4/82,42,1/3/19,80,6.67,"6 years, 8 months",House
Bob,Onder,Bob Onder,1/6/62,63,1/3/25,8,0.67,8 months,House
Derrick Van,Orden,Derrick Van Orden,9/15/69,56,1/3/23,32,2.67,"2 years, 8 months",House
Jon,Ossoff,Jon Ossoff,2/16/87,38,1/20/21,56,4.67,"4 years, 8 months",Senate
Burgess,Owens,Burgess Owens,8/2/51,74,1/3/21,56,4.67,"4 years, 8 months",House
Alex,Padilla,Alex Padilla,3/22/73,52,1/20/21,56,4.67,"4 years, 8 months",Senate
Frank,Pallone,Frank Pallone,10/30/51,73,11/8/88,442,36.83,"36 years, 10 months",House
Gary,Palmer,Gary Palmer,5/14/54,71,1/3/15,128,10.67,"10 years, 8 months",House
Jimmy,Panetta,Jimmy Panetta,10/1/69,55,1/3/17,104,8.67,"8 years, 8 months",House
Chris,Pappas,Chris Pappas,6/4/80,45,1/3/19,80,6.67,"6 years, 8 months",House
Jimmy,Patronis,Jimmy Patronis,4/13/72,53,4/2/25,5,0.42,5 months,House
Rand,Paul,Rand Paul,1/7/63,62,1/3/11,176,14.67,"14 years, 8 months",Senate
Nancy,Pelosi,Nancy Pelosi,3/26/40,85,6/2/87,459,38.25,"38 years, 3 months",House
Marie Gluesenkamp,Perez,Marie Gluesenkamp Perez,6/6/88,37,1/3/23,32,2.67,"2 years, 8 months",House
Scott,Perry,Scott Perry,5/27/62,63,1/3/13,152,12.67,"12 years, 8 months",House
Gary,Peters,Gary Peters,12/1/58,66,1/3/15,128,10.67,"10 years, 8 months",Senate
Scott,Peters,Scott Peters,6/17/58,67,1/3/13,152,12.67,"12 years, 8 months",House
Brittany,Pettersen,Brittany Pettersen,12/6/81,43,1/3/23,32,2.67,"2 years, 8 months",House
August,Pfluger,August Pfluger,12/28/78,46,1/3/21,56,4.67,"4 years, 8 months",House
Chellie,Pingree,Chellie Pingree,4/2/55,70,1/3/09,200,16.67,"16 years, 8 months",House
Mark,Pocan,Mark Pocan,8/14/64,61,1/3/13,152,12.67,"12 years, 8 months",House
Nellie,Pou,Nellie Pou,5/20/56,69,1/3/25,8,0.67,8 months,House
Ayanna,Pressley,Ayanna Pressley,2/3/74,51,1/3/19,80,6.67,"6 years, 8 months",House
Mike,Quigley,Mike Quigley,10/17/58,66,4/7/09,197,16.42,"16 years, 5 months",House
Delia,Ramirez,Delia Ramirez,6/2/83,42,1/3/23,32,2.67,"2 years, 8 months",House
Emily,Randall,Emily Randall,10/3/85,39,1/3/25,8,0.67,8 months,House
Jamie,Raskin,Jamie Raskin,12/13/62,62,1/3/17,104,8.67,"8 years, 8 months",House
Jack,Reed,Jack Reed,11/12/49,75,1/3/97,344,28.67,"28 years, 8 months",Senate
Guy,Reschenthaler,Guy Reschenthaler,4/17/83,42,1/3/19,80,6.67,"6 years, 8 months",House
Pete,Ricketts,Pete Ricketts,8/19/64,61,1/12/23,32,2.67,"2 years, 8 months",Senate
Josh,Riley,Josh Riley,1/21/81,44,1/3/25,8,0.67,8 months,House
Jim,Risch,Jim Risch,5/3/43,82,1/3/09,200,16.67,"16 years, 8 months",Senate
Luz,Rivas,Luz Rivas,2/6/74,51,1/3/25,8,0.67,8 months,House
Kristen McDonald,Rivet,Kristen McDonald Rivet,7/11/70,55,1/3/25,8,0.67,8 months,House
Mike,Rogers,Mike Rogers,7/16/58,67,1/3/03,272,22.67,"22 years, 8 months",House
Hal,Rogers,Hal Rogers,12/31/37,87,1/3/81,536,44.67,"44 years, 8 months",House
John,Rose,John Rose,2/23/65,60,1/3/19,80,6.67,"6 years, 8 months",House
Jacky,Rosen,Jacky Rosen,8/2/57,68,1/3/19,80,6.67,"6 years, 8 months",Senate
Deborah,Ross,Deborah Ross,6/20/63,62,1/3/21,56,4.67,"4 years, 8 months",House
Mike,Rounds,Mike Rounds,10/24/54,70,1/3/15,128,10.67,"10 years, 8 months",Senate
David,Rouzer,David Rouzer,2/16/72,53,1/3/15,128,10.67,"10 years, 8 months",House
Chip,Roy,Chip Roy,8/7/72,53,1/3/19,80,6.67,"6 years, 8 months",House
Raul,Ruiz,Raul Ruiz,8/25/72,53,1/3/13,152,12.67,"12 years, 8 months",House
Michael,Rulli,Michael Rulli,3/11/69,56,6/25/24,15,1.25,"1 year, 3 months",House
John,Rutherford,John Rutherford,9/2/52,73,1/3/17,104,8.67,"8 years, 8 months",House
Pat,Ryan,Pat Ryan,3/28/82,43,9/13/22,36,3,3 years,House
Linda,Sánchez,Linda Sánchez,1/28/69,56,1/3/03,272,22.67,"22 years, 8 months",House
María Elvira,Salazar,María Elvira Salazar,11/1/61,63,1/3/21,56,4.67,"4 years, 8 months",House
Andrea,Salinas,Andrea Salinas,12/6/69,55,1/3/23,32,2.67,"2 years, 8 months",House
Bernie,Sanders,Bernie Sanders,9/8/41,84,1/3/07,224,18.67,"18 years, 8 months",Senate
Steve,Scalise,Steve Scalise,10/6/65,59,5/3/08,208,17.33,"17 years, 4 months",House
Mary Gay,Scanlon,Mary Gay Scanlon,8/30/59,66,11/13/18,82,6.83,"6 years, 10 months",House
Jan,Schakowsky,Jan Schakowsky,5/26/44,81,1/3/99,320,26.67,"26 years, 8 months",House
Brian,Schatz,Brian Schatz,10/20/72,52,12/26/12,153,12.75,"12 years, 9 months",Senate
Adam,Schiff,Adam Schiff,6/22/60,65,12/8/24,9,0.75,9 months,Senate
Derek,Schmidt,Derek Schmidt,1/23/68,57,1/3/25,8,0.67,8 months,House
Eric,Schmitt,Eric Schmitt,6/20/75,50,1/3/23,32,2.67,"2 years, 8 months",Senate
Brad,Schneider,Brad Schneider,8/20/61,64,1/3/17,104,8.67,"8 years, 8 months",House
Hillary,Scholten,Hillary Scholten,2/22/82,43,1/3/23,32,2.67,"2 years, 8 months",House
Kim,Schrier,Kim Schrier,8/23/68,57,1/3/19,80,6.67,"6 years, 8 months",House
Debbie Wasserman,Schultz,Debbie Wasserman Schultz,9/27/66,59,1/3/05,248,20.67,"20 years, 8 months",House
Chuck,Schumer,Chuck Schumer,11/23/50,74,1/3/99,320,26.67,"26 years, 8 months",Senate
David,Schweikert,David Schweikert,3/3/62,63,1/3/11,176,14.67,"14 years, 8 months",House
Rick,Scott,Rick Scott,12/1/52,72,1/8/19,80,6.67,"6 years, 8 months",Senate
Tim,Scott,Tim Scott,9/19/65,60,1/2/13,152,12.67,"12 years, 8 months",Senate
Austin,Scott,Austin Scott,12/10/69,55,1/3/11,176,14.67,"14 years, 8 months",House
David,Scott,David Scott,6/27/45,80,1/3/03,272,22.67,"22 years, 8 months",House
Bobby,Scott,Bobby Scott,4/30/47,78,1/3/93,392,32.67,"32 years, 8 months",House
Keith,Self,Keith Self,3/20/53,72,1/3/23,32,2.67,"2 years, 8 months",House
Pete,Sessions,Pete Sessions,3/22/55,70,1/3/21,56,4.67,"4 years, 8 months",House
Terri,Sewell,Terri Sewell,1/1/65,60,1/3/11,176,14.67,"14 years, 8 months",House
Jeanne,Shaheen,Jeanne Shaheen,1/28/47,78,1/3/09,200,16.67,"16 years, 8 months",Senate
Tim,Sheehy,Tim Sheehy,11/18/85,39,1/3/25,8,0.67,8 months,Senate
Brad,Sherman,Brad Sherman,10/24/54,70,1/3/97,344,28.67,"28 years, 8 months",House
Mikie,Sherrill,Mikie Sherrill,1/19/72,53,1/3/19,80,6.67,"6 years, 8 months",House
Jefferson,Shreve,Jefferson Shreve,9/24/65,60,1/3/25,8,0.67,8 months,House
Lateefah,Simon,Lateefah Simon,1/29/77,48,1/3/25,8,0.67,8 months,House
Mike,Simpson,Mike Simpson,9/8/50,75,1/3/99,320,26.67,"26 years, 8 months",House
Elissa,Slotkin,Elissa Slotkin,7/10/76,49,1/3/25,8,0.67,8 months,Senate
Tina,Smith,Tina Smith,3/4/58,67,1/3/18,92,7.67,"7 years, 8 months",Senate
Jason,Smith,Jason Smith,6/16/80,45,6/4/13,147,12.25,"12 years, 3 months",House
Adrian,Smith,Adrian Smith,12/19/70,54,1/3/07,224,18.67,"18 years, 8 months",House
Chris,Smith,Chris Smith,3/4/53,72,1/3/81,536,44.67,"44 years, 8 months",House
Adam,Smith,Adam Smith,6/15/65,60,1/3/97,344,28.67,"28 years, 8 months",House
Lloyd,Smucker,Lloyd Smucker,1/23/64,61,1/3/17,104,8.67,"8 years, 8 months",House
Eric,Sorensen,Eric Sorensen,3/18/76,49,1/3/23,32,2.67,"2 years, 8 months",House
Darren,Soto,Darren Soto,2/25/78,47,1/3/17,104,8.67,"8 years, 8 months",House
Victoria,Spartz,Victoria Spartz,10/6/78,46,1/3/21,56,4.67,"4 years, 8 months",House
Melanie,Stansbury,Melanie Stansbury,1/31/79,46,6/14/21,51,4.25,"4 years, 3 months",House
Greg,Stanton,Greg Stanton,3/8/70,55,1/3/19,80,6.67,"6 years, 8 months",House
Pete,Stauber,Pete Stauber,5/10/66,59,1/3/19,80,6.67,"6 years, 8 months",House
Elise,Stefanik,Elise Stefanik,7/2/84,41,1/3/15,128,10.67,"10 years, 8 months",House
Bryan,Steil,Bryan Steil,3/3/81,44,1/3/19,80,6.67,"6 years, 8 months",House
Greg,Steube,Greg Steube,5/19/78,47,1/3/19,80,6.67,"6 years, 8 months",House
Haley,Stevens,Haley Stevens,6/24/83,42,1/3/19,80,6.67,"6 years, 8 months",House
Marilyn,Strickland,Marilyn Strickland,9/25/62,63,1/3/21,56,4.67,"4 years, 8 months",House
Dale,Strong,Dale Strong,5/8/70,55,1/3/23,32,2.67,"2 years, 8 months",House
Marlin,Stutzman,Marlin Stutzman,8/31/76,49,1/3/25,8,0.67,8 months,House
Suhas,Subramanyam,Suhas Subramanyam,9/26/86,39,1/3/25,8,0.67,8 months,House
Dan,Sullivan,Dan Sullivan,11/13/64,60,1/3/15,128,10.67,"10 years, 8 months",Senate
Tom,Suozzi,Tom Suozzi,8/31/62,63,2/28/24,19,1.58,"1 year, 7 months",House
Eric,Swalwell,Eric Swalwell,11/16/80,44,1/3/13,152,12.67,"12 years, 8 months",House
Emilia,Sykes,Emilia Sykes,1/4/86,39,1/3/23,32,2.67,"2 years, 8 months",House
Mark,Takano,Mark Takano,12/10/60,64,1/3/13,152,12.67,"12 years, 8 months",House
David,Taylor,David Taylor,11/16/69,55,1/3/25,8,0.67,8 months,House
Claudia,Tenney,Claudia Tenney,2/4/61,64,1/3/21,56,4.67,"4 years, 8 months",House
Shri,Thanedar,Shri Thanedar,2/22/55,70,1/3/23,32,2.67,"2 years, 8 months",House
Mike,Thompson,Mike Thompson,1/24/51,74,1/3/99,320,26.67,"26 years, 8 months",House
Bennie,Thompson,Bennie Thompson,1/28/48,77,4/13/93,389,32.42,"32 years, 5 months",House
Glenn,Thompson,Glenn Thompson,7/27/59,66,1/3/09,200,16.67,"16 years, 8 months",House
John,Thune,John Thune,1/7/61,64,1/3/05,248,20.67,"20 years, 8 months",Senate
Tom,Tiffany,Tom Tiffany,12/30/57,67,5/19/20,64,5.33,"5 years, 4 months",House
Thom,Tillis,Thom Tillis,8/30/60,65,1/3/15,128,10.67,"10 years, 8 months",Senate
William,Timmons,William Timmons,4/30/84,41,1/3/19,80,6.67,"6 years, 8 months",House
Dina,Titus,Dina Titus,5/23/50,75,1/3/13,152,12.67,"12 years, 8 months",House
Rashida,Tlaib,Rashida Tlaib,7/24/76,49,1/3/19,80,6.67,"6 years, 8 months",House
Jill,Tokuda,Jill Tokuda,3/3/76,49,1/3/23,32,2.67,"2 years, 8 months",House
Paul,Tonko,Paul Tonko,6/18/49,76,1/3/09,200,16.67,"16 years, 8 months",House
Norma,Torres,Norma Torres,4/4/65,60,1/3/15,128,10.67,"10 years, 8 months",House
Ritchie,Torres,Ritchie Torres,3/12/88,37,1/3/21,56,4.67,"4 years, 8 months",House
Lori,Trahan,Lori Trahan,10/27/73,51,1/3/19,80,6.67,"6 years, 8 months",House
Derek,Tran,Derek Tran,12/22/80,44,1/3/25,8,0.67,8 months,House
Tommy,Tuberville,Tommy Tuberville,9/18/54,71,1/3/21,56,4.67,"4 years, 8 months",Senate
Mike,Turner,Mike Turner,1/11/60,65,1/3/03,272,22.67,"22 years, 8 months",House
Lauren,Underwood,Lauren Underwood,10/4/86,38,1/3/19,80,6.67,"6 years, 8 months",House
David,Valadao,David Valadao,4/14/77,48,1/3/21,56,4.67,"4 years, 8 months",House
Chris,Van Hollen,Chris Van Hollen,1/10/59,66,1/3/17,104,8.67,"8 years, 8 months",Senate
Juan,Vargas,Juan Vargas,3/7/61,64,1/3/13,152,12.67,"12 years, 8 months",House
Gabe,Vasquez,Gabe Vasquez,8/3/84,41,1/3/23,32,2.67,"2 years, 8 months",House
Marc,Veasey,Marc Veasey,1/3/71,54,1/3/13,152,12.67,"12 years, 8 months",House
Nydia,Velázquez,Nydia Velázquez,3/28/53,72,1/3/93,392,32.67,"32 years, 8 months",House
Eugene,Vindman,Eugene Vindman,6/6/75,50,1/3/25,8,0.67,8 months,House
Ann,Wagner,Ann Wagner,9/13/62,63,1/3/13,152,12.67,"12 years, 8 months",House
Tim,Walberg,Tim Walberg,4/12/51,74,1/3/11,176,14.67,"14 years, 8 months",House
James,Walkinshaw,James Walkinshaw,10/2/82,42,9/10/25,0,0,0 months,House
Mark,Warner,Mark Warner,12/15/54,70,1/3/09,200,16.67,"16 years, 8 months",Senate
Raphael,Warnock,Raphael Warnock,7/23/69,56,1/20/21,56,4.67,"4 years, 8 months",Senate
Elizabeth,Warren,Elizabeth Warren,6/22/49,76,1/3/13,152,12.67,"12 years, 8 months",Senate
Maxine,Waters,Maxine Waters,8/15/38,87,1/3/91,416,34.67,"34 years, 8 months",House
Randy,Weber,Randy Weber,7/2/53,72,1/3/13,152,12.67,"12 years, 8 months",House
Daniel,Webster,Daniel Webster,4/27/49,76,1/3/11,176,14.67,"14 years, 8 months",House
Peter,Welch,Peter Welch,5/2/47,78,1/3/23,32,2.67,"2 years, 8 months",Senate
Bruce,Westerman,Bruce Westerman,11/18/67,57,1/3/15,128,10.67,"10 years, 8 months",House
Sheldon,Whitehouse,Sheldon Whitehouse,10/20/55,69,1/3/07,224,18.67,"18 years, 8 months",Senate
George,Whitesides,George Whitesides,3/3/74,51,1/3/25,8,0.67,8 months,House
Roger,Wicker,Roger Wicker,7/5/51,74,12/31/07,212,17.67,"17 years, 8 months",Senate
Tony,Wied,Tony Wied,5/3/76,49,11/12/24,10,0.83,10 months,House
Nikema,Williams,Nikema Williams,7/30/78,47,1/3/21,56,4.67,"4 years, 8 months",House
Roger,Williams,Roger Williams,9/13/49,76,1/3/13,152,12.67,"12 years, 8 months",House
Frederica,Wilson,Frederica Wilson,11/5/42,82,1/3/11,176,14.67,"14 years, 8 months",House
Joe,Wilson,Joe Wilson,7/31/47,78,12/18/01,285,23.75,"23 years, 9 months",House
Rob,Wittman,Rob Wittman,2/3/59,66,12/11/07,213,17.75,"17 years, 9 months",House
Steve,Womack,Steve Womack,2/18/57,68,1/3/11,176,14.67,"14 years, 8 months",House
Ron,Wyden,Ron Wyden,5/3/49,76,2/5/96,355,29.58,"29 years, 7 months",Senate
Rudy,Yakym,Rudy Yakym,2/24/84,41,11/14/22,34,2.83,"2 years, 10 months",House
Todd,Young,Todd Young,8/24/72,53,1/3/17,104,8.67,"8 years, 8 months",Senate
Ryan,Zinke,Ryan Zinke,11/1/61,63,1/3/23,32,2.67,"2 years, 8 months",House